episode,step,ep_reward,ep_length,ep_v,policy_loss,value_loss,entropy,approx_kl,clip_fraction,mean_reward_100,mean_length_100,mean_v_100,x_pos,coins,score,flag_get
0,2048,299.45,435,0.5687,0.0,0.0,0.0,0.0,0.0,299.45,435.0,0.5687,898,2,600,0
1,4096,342.96,791,0.2332,-0.002843,0.615059,1.941559,0.003254,0.0264,321.2,613.0,0.401,1417,0,400,0
2,4096,294.26,525,-0.3916,-0.002843,0.615059,1.941559,0.003254,0.0264,312.22,583.7,0.1368,898,2,500,0
3,6144,345.5,1065,-0.0242,-0.003916,0.524118,1.927507,0.008548,0.0623,320.54,704.0,0.0965,796,1,300,0
4,8192,433.0,1574,-0.1332,-0.002399,0.591011,1.918202,0.001939,0.0283,343.03,878.0,0.0506,900,0,300,0
5,8192,508.77,574,-0.1889,-0.002399,0.591011,1.918202,0.001939,0.0283,370.66,827.3,0.0107,1515,4,1000,0
6,8192,456.57,776,-0.2907,-0.002399,0.591011,1.918202,0.001939,0.0283,382.93,820.0,-0.0324,1132,2,800,0
7,8192,452.12,1147,-0.3837,-0.002399,0.591011,1.918202,0.001939,0.0283,391.58,860.9,-0.0763,1512,2,900,0
8,8192,492.36,409,-0.3826,-0.002399,0.591011,1.918202,0.001939,0.0283,402.78,810.7,-0.1103,1792,4,1400,0
9,10240,498.65,623,-0.5296,-0.00448,0.888547,1.899817,0.005512,0.0676,412.36,791.9,-0.1523,1426,1,700,0
10,10240,356.29,341,-0.658,-0.00448,0.888547,1.899817,0.005512,0.0676,407.27,750.9,-0.1982,1421,1,400,0
11,10240,366.72,245,-0.69,-0.00448,0.888547,1.899817,0.005512,0.0676,403.89,708.8,-0.2392,682,1,300,0
12,12288,686.79,882,-0.6181,-0.000732,0.91974,1.881641,0.003219,0.0466,425.65,722.1,-0.2684,1780,4,1200,0
13,12288,501.81,525,-0.8001,-0.000732,0.91974,1.881641,0.003219,0.0466,431.09,708.0,-0.3063,811,3,1000,0
14,12288,535.49,539,-0.7819,-0.000732,0.91974,1.881641,0.003219,0.0466,438.05,696.7,-0.338,843,3,900,0
15,12288,488.85,349,-0.8275,-0.000732,0.91974,1.881641,0.003219,0.0466,441.23,675.0,-0.3686,1798,2,800,0
16,12288,260.21,194,-0.7879,-0.000732,0.91974,1.881641,0.003219,0.0466,430.58,646.7,-0.3933,663,3,600,0
17,14336,320.0,331,-1.0766,-0.000642,1.221894,1.851792,0.006032,0.0576,424.43,629.2,-0.4313,899,3,800,0
18,14336,737.86,1180,-0.9777,-0.000642,1.221894,1.851792,0.006032,0.0576,440.93,658.2,-0.46,1411,1,900,0
19,14336,461.24,516,-1.0731,-0.000642,1.221894,1.851792,0.006032,0.0576,441.95,651.0,-0.4907,1220,1,600,0
20,14336,655.73,712,-1.0545,-0.000642,1.221894,1.851792,0.006032,0.0576,452.13,654.0,-0.5175,1405,1,600,0
21,16384,407.29,306,-0.9748,0.002903,0.883606,1.824601,0.00189,0.0259,450.09,638.1,-0.5383,836,0,200,0
22,16384,452.21,398,-0.9466,0.002903,0.883606,1.824601,0.00189,0.0259,450.18,627.7,-0.5561,1656,0,300,0
23,16384,407.23,331,-0.8093,0.002903,0.883606,1.824601,0.00189,0.0259,448.39,615.3,-0.5666,797,3,600,0
24,16384,499.45,388,-0.7341,0.002903,0.883606,1.824601,0.00189,0.0259,450.43,606.2,-0.5733,1521,0,400,0
25,16384,460.9,296,-0.6437,0.002903,0.883606,1.824601,0.00189,0.0259,450.84,594.3,-0.576,1792,0,200,0
26,16384,375.46,323,-0.6869,0.002903,0.883606,1.824601,0.00189,0.0259,448.04,584.3,-0.5801,801,1,500,0
27,18432,534.41,391,-0.8596,0.002239,1.627606,1.803286,0.007241,0.0798,451.13,577.4,-0.5901,1523,1,500,0
28,18432,567.45,371,-1.2614,0.002239,1.627606,1.803286,0.007241,0.0798,455.14,570.2,-0.6133,1141,1,500,0
29,18432,592.61,455,-1.1859,0.002239,1.627606,1.803286,0.007241,0.0798,459.72,566.4,-0.6323,1412,0,500,0
30,18432,179.02,107,-1.3166,0.002239,1.627606,1.803286,0.007241,0.0798,450.67,551.6,-0.6544,311,1,200,0
31,20480,480.57,453,-1.4047,0.002469,1.965869,1.720189,0.007349,0.0359,451.6,548.5,-0.6779,1229,0,200,0
32,20480,1117.13,817,-1.0807,0.002469,1.965869,1.720189,0.007349,0.0359,471.77,556.6,-0.6901,3161,2,18400,1
33,20480,475.36,351,-1.4469,0.002469,1.965869,1.720189,0.007349,0.0359,471.87,550.6,-0.7123,1782,0,200,0
34,20480,269.5,157,-1.4706,0.002469,1.965869,1.720189,0.007349,0.0359,466.09,539.3,-0.734,678,2,500,0
35,20480,563.02,400,-1.5024,0.002469,1.965869,1.720189,0.007349,0.0359,468.78,535.5,-0.7553,1125,0,100,0
36,20480,472.84,304,-1.4985,0.002469,1.965869,1.720189,0.007349,0.0359,468.89,529.2,-0.7754,1127,1,300,0
37,20480,453.76,289,-1.5137,0.002469,1.965869,1.720189,0.007349,0.0359,468.5,522.9,-0.7949,1125,0,200,0
38,22528,716.77,496,-1.6017,0.002244,2.618123,1.633806,0.002661,0.0671,474.86,522.2,-0.8155,2015,3,2300,0
39,22528,603.12,391,-1.7149,0.002244,2.618123,1.633806,0.002661,0.0671,478.07,518.9,-0.838,1422,0,700,0
40,22528,757.94,509,-1.7071,0.002244,2.618123,1.633806,0.002661,0.0671,484.89,518.7,-0.8592,1435,1,300,0
41,24576,413.2,367,-1.7145,0.002528,1.546519,1.727649,0.009711,0.0825,483.19,515.1,-0.8796,1676,0,300,0
42,24576,711.3,768,-1.6646,0.002528,1.546519,1.727649,0.009711,0.0825,488.49,521.0,-0.8978,1401,2,1100,0
43,24576,278.78,175,-1.3536,0.002528,1.546519,1.727649,0.009711,0.0825,483.73,513.1,-0.9082,722,1,300,0
44,24576,407.92,282,-1.4934,0.002528,1.546519,1.727649,0.009711,0.0825,482.04,508.0,-0.9212,899,1,300,0
45,24576,261.59,169,-1.1256,0.002528,1.546519,1.727649,0.009711,0.0825,477.25,500.6,-0.9257,675,0,100,0
46,24576,381.14,255,-1.1394,0.002528,1.546519,1.727649,0.009711,0.0825,475.2,495.4,-0.9302,1508,1,400,0
47,26624,619.41,435,-1.1777,-0.005252,2.110774,1.673524,0.008334,0.1255,478.21,494.1,-0.9354,1138,3,800,0
48,26624,590.0,521,-1.2491,-0.005252,2.110774,1.673524,0.008334,0.1255,480.49,494.7,-0.9418,1127,0,300,0
49,26624,562.88,425,-1.2742,-0.005252,2.110774,1.673524,0.008334,0.1255,482.14,493.3,-0.9484,899,0,400,0
50,26624,597.69,543,-1.3919,-0.005252,2.110774,1.673524,0.008334,0.1255,484.4,494.2,-0.9571,1431,1,600,0
51,26624,357.2,217,-1.4704,-0.005252,2.110774,1.673524,0.008334,0.1255,481.96,488.9,-0.967,1438,0,300,0
52,26624,359.62,273,-1.4924,-0.005252,2.110774,1.673524,0.008334,0.1255,479.65,484.8,-0.9769,1437,1,400,0
53,26624,539.77,388,-1.5012,-0.005252,2.110774,1.673524,0.008334,0.1255,480.76,483.0,-0.9866,1149,0,100,0
54,28672,352.2,274,-1.5157,0.001377,1.8039,1.683864,0.003736,0.0425,478.42,479.2,-0.9962,1124,3,800,0
55,28672,452.88,307,-1.4933,0.001377,1.8039,1.683864,0.003736,0.0425,477.97,476.2,-1.0051,1515,0,500,0
56,28672,275.16,188,-1.4704,0.001377,1.8039,1.683864,0.003736,0.0425,474.41,471.1,-1.0133,688,2,400,0
57,28672,565.65,504,-1.5377,0.001377,1.8039,1.683864,0.003736,0.0425,475.98,471.7,-1.0223,1128,1,700,0
58,30720,573.43,609,-1.514,0.000637,1.323241,1.68486,0.003657,0.0613,477.64,474.0,-1.0306,1128,2,1000,0
59,30720,473.11,433,-1.5176,0.000637,1.323241,1.68486,0.003657,0.0613,477.56,473.3,-1.0388,1135,2,700,0
60,30720,253.88,147,-1.0642,0.000637,1.323241,1.68486,0.003657,0.0613,473.89,468.0,-1.0392,677,3,700,0
61,30720,594.27,422,-1.2248,0.000637,1.323241,1.68486,0.003657,0.0613,475.83,467.2,-1.0422,1127,0,200,0
62,30720,673.42,515,-1.2575,0.000637,1.323241,1.68486,0.003657,0.0613,478.97,468.0,-1.0456,2753,2,800,0
63,30720,433.43,311,-1.1051,0.000637,1.323241,1.68486,0.003657,0.0613,478.26,465.5,-1.0465,1438,3,900,0
64,30720,566.35,462,-1.1087,0.000637,1.323241,1.68486,0.003657,0.0613,479.61,465.5,-1.0475,1128,0,500,0
65,32768,357.75,262,-1.1763,-0.00333,2.434378,1.67348,0.006582,0.1123,477.77,462.4,-1.0494,691,1,200,0
66,32768,381.92,237,-1.1703,-0.00333,2.434378,1.67348,0.006582,0.1123,476.34,459.0,-1.0512,1433,1,400,0
67,32768,255.23,168,-1.6024,-0.00333,2.434378,1.67348,0.006582,0.1123,473.09,454.8,-1.0593,665,3,600,0
68,32768,369.73,215,-1.6156,-0.00333,2.434378,1.67348,0.006582,0.1123,471.59,451.3,-1.0674,703,3,600,0
69,32768,498.41,411,-1.5911,-0.00333,2.434378,1.67348,0.006582,0.1123,471.97,450.7,-1.0749,885,0,100,0
70,32768,410.75,335,-1.6456,-0.00333,2.434378,1.67348,0.006582,0.1123,471.11,449.1,-1.0829,848,1,400,0
71,34816,504.37,500,-1.6306,-0.001449,1.425924,1.717007,0.006932,0.0532,471.57,449.8,-1.0905,1125,0,400,0
72,34816,360.68,218,-1.0397,-0.001449,1.425924,1.717007,0.006932,0.0532,470.05,446.6,-1.0898,707,1,300,0
73,34816,562.59,501,-1.2696,-0.001449,1.425924,1.717007,0.006932,0.0532,471.3,447.3,-1.0923,1125,1,700,0
74,34816,489.23,449,-1.1084,-0.001449,1.425924,1.717007,0.006932,0.0532,471.54,447.4,-1.0925,1124,0,400,0
75,34816,776.46,768,-1.3176,-0.001449,1.425924,1.717007,0.006932,0.0532,475.55,451.6,-1.0954,1222,1,1100,0
76,36864,395.31,270,-1.1016,-0.009209,1.38072,1.65111,0.009047,0.1082,474.51,449.2,-1.0955,858,0,200,0
77,36864,453.04,251,-1.2105,-0.009209,1.38072,1.65111,0.009047,0.1082,474.24,446.7,-1.097,701,1,400,0
78,36864,405.97,333,-1.2662,-0.009209,1.38072,1.65111,0.009047,0.1082,473.37,445.2,-1.0991,828,0,100,0
79,36864,600.67,531,-1.238,-0.009209,1.38072,1.65111,0.009047,0.1082,474.96,446.3,-1.1009,1125,0,500,0
80,36864,495.45,627,-1.2707,-0.009209,1.38072,1.65111,0.009047,0.1082,475.22,448.5,-1.103,899,1,600,0
81,36864,353.62,239,-1.2138,-0.009209,1.38072,1.65111,0.009047,0.1082,473.73,446.0,-1.1043,694,3,600,0
82,38912,432.45,410,-1.0646,-0.000305,1.360874,1.672331,0.005315,0.0337,473.24,445.6,-1.1038,841,2,600,0
83,38912,394.49,400,-1.0324,-0.000305,1.360874,1.672331,0.005315,0.0337,472.3,445.0,-1.103,898,0,200,0
84,38912,536.08,359,-0.9738,-0.000305,1.360874,1.672331,0.005315,0.0337,473.05,444.0,-1.1015,1510,1,500,0
85,38912,455.77,398,-1.0174,-0.000305,1.360874,1.672331,0.005315,0.0337,472.85,443.5,-1.1005,1126,0,300,0
86,40960,381.41,307,-0.9599,-0.00052,1.481549,1.66665,0.004437,0.0461,471.8,441.9,-1.0989,813,1,400,0
87,40960,468.79,275,-1.0866,-0.00052,1.481549,1.66665,0.004437,0.0461,471.76,440.0,-1.0987,1124,1,500,0
88,40960,497.52,305,-1.0949,-0.00052,1.481549,1.66665,0.004437,0.0461,472.05,438.5,-1.0987,1435,0,300,0
89,40960,362.58,301,-1.1603,-0.00052,1.481549,1.66665,0.004437,0.0461,470.84,437.0,-1.0994,1130,1,400,0
90,40960,352.31,189,-1.3131,-0.00052,1.481549,1.66665,0.004437,0.0461,469.53,434.2,-1.1017,690,2,500,0
91,40960,377.25,214,-1.3268,-0.00052,1.481549,1.66665,0.004437,0.0461,468.53,431.8,-1.1042,1503,0,200,0
92,40960,555.83,339,-1.3472,-0.00052,1.481549,1.66665,0.004437,0.0461,469.47,430.8,-1.1068,1127,0,400,0
93,43008,662.51,511,-1.4686,-0.004201,2.435399,1.57055,0.005626,0.0632,471.52,431.7,-1.1106,1661,1,700,0
94,43008,264.79,144,-1.6778,-0.004201,2.435399,1.57055,0.005626,0.0632,469.35,428.7,-1.1166,705,1,200,0
95,43008,759.26,614,-1.5598,-0.004201,2.435399,1.57055,0.005626,0.0632,472.37,430.6,-1.1212,1428,2,900,0
96,43008,728.61,503,-1.6045,-0.004201,2.435399,1.57055,0.005626,0.0632,475.01,431.3,-1.1262,1422,3,800,0
97,43008,653.86,456,-1.6613,-0.004201,2.435399,1.57055,0.005626,0.0632,476.83,431.6,-1.1317,1514,0,500,0
98,45056,381.72,296,-1.7351,-0.003729,2.644432,1.513579,0.009407,0.0771,475.87,430.2,-1.1378,841,0,200,0
99,45056,453.15,317,-1.752,-0.003729,2.644432,1.513579,0.009407,0.0771,475.64,429.1,-1.1439,1129,2,600,0
100,45056,543.5,293,-1.7322,-0.003729,2.644432,1.513579,0.009407,0.0771,478.09,427.7,-1.1669,1127,1,300,0
101,45056,398.42,289,-1.7484,-0.003729,2.644432,1.513579,0.009407,0.0771,478.64,422.6,-1.1867,898,0,0,0
102,45056,287.23,190,-1.7878,-0.003729,2.644432,1.513579,0.009407,0.0771,478.57,419.3,-1.2007,823,3,800,0
103,45056,263.07,164,-1.7551,-0.003729,2.644432,1.513579,0.009407,0.0771,477.75,410.3,-1.218,692,1,200,0
104,45056,475.68,305,-1.7919,-0.003729,2.644432,1.513579,0.009407,0.0771,478.17,397.6,-1.2346,1127,2,700,0
105,45056,546.08,303,-1.7724,-0.003729,2.644432,1.513579,0.009407,0.0771,478.55,394.9,-1.2504,1524,1,300,0
106,47104,513.9,286,-1.7877,0.002491,3.005186,1.49579,0.005461,0.0378,479.12,390.0,-1.2654,1434,1,500,0
107,47104,560.34,337,-1.8995,0.002491,3.005186,1.49579,0.005461,0.0378,480.2,381.9,-1.2805,1236,2,700,0
108,47104,458.83,270,-1.9332,0.002491,3.005186,1.49579,0.005461,0.0378,479.87,380.5,-1.296,1124,0,200,0
109,47104,586.23,395,-1.9105,0.002491,3.005186,1.49579,0.005461,0.0378,480.74,378.2,-1.3099,1127,0,300,0
110,47104,821.17,559,-1.8966,0.002491,3.005186,1.49579,0.005461,0.0378,485.39,380.4,-1.3222,1240,0,500,0
111,49152,266.29,155,-1.887,0.001495,2.671535,1.491546,0.004683,0.0247,484.39,379.5,-1.3342,710,3,600,0
112,49152,370.31,293,-1.9167,0.001495,2.671535,1.491546,0.004683,0.0247,481.22,373.6,-1.3472,1516,0,400,0
113,49152,589.01,387,-1.8351,0.001495,2.671535,1.491546,0.004683,0.0247,482.09,372.2,-1.3575,1433,0,700,0
114,49152,381.42,227,-1.6784,0.001495,2.671535,1.491546,0.004683,0.0247,480.55,369.1,-1.3665,1507,0,0,0
115,49152,663.25,479,-1.8189,0.001495,2.671535,1.491546,0.004683,0.0247,482.3,370.4,-1.3764,1404,0,300,0
116,49152,499.42,383,-1.7238,0.001495,2.671535,1.491546,0.004683,0.0247,484.69,372.3,-1.3858,867,3,800,0
117,49152,442.32,248,-1.6868,0.001495,2.671535,1.491546,0.004683,0.0247,485.91,371.5,-1.3919,707,0,100,0
118,49152,412.34,249,-1.6965,0.001495,2.671535,1.491546,0.004683,0.0247,482.66,362.2,-1.3991,1514,1,300,0
119,51200,524.92,292,-1.7521,0.000407,3.268637,1.480544,0.008295,0.0901,483.29,359.9,-1.4059,1433,1,500,0
120,51200,386.29,250,-1.8945,0.000407,3.268637,1.480544,0.008295,0.0901,480.6,355.3,-1.4143,899,1,300,0
121,51200,443.14,268,-1.9539,0.000407,3.268637,1.480544,0.008295,0.0901,480.96,354.9,-1.4241,714,1,200,0
122,51200,660.31,485,-1.9388,0.000407,3.268637,1.480544,0.008295,0.0901,483.04,355.8,-1.434,1525,0,700,0
123,51200,451.42,275,-1.9791,0.000407,3.268637,1.480544,0.008295,0.0901,483.48,355.2,-1.4457,1130,1,200,0
124,51200,694.76,410,-1.9856,0.000407,3.268637,1.480544,0.008295,0.0901,485.43,355.4,-1.4582,1954,1,700,0
125,53248,344.95,188,-1.9648,-0.002161,2.908183,1.492069,0.008802,0.0991,484.27,354.4,-1.4714,690,0,200,0
126,53248,428.98,232,-1.953,-0.002161,2.908183,1.492069,0.008802,0.0991,484.81,353.5,-1.4841,686,0,100,0
127,53248,501.45,469,-2.0094,-0.002161,2.908183,1.492069,0.008802,0.0991,484.48,354.2,-1.4956,1134,1,400,0
128,53248,472.56,288,-1.9678,-0.002161,2.908183,1.492069,0.008802,0.0991,483.53,353.4,-1.5026,842,2,700,0
129,53248,696.37,401,-1.965,-0.002161,2.908183,1.492069,0.008802,0.0991,484.57,352.9,-1.5104,1434,0,100,0
130,53248,471.29,320,-1.9657,-0.002161,2.908183,1.492069,0.008802,0.0991,487.49,355.0,-1.5169,850,1,500,0
131,55296,491.36,350,-1.8707,0.001136,1.932308,1.529035,0.002177,0.0386,487.6,354.0,-1.5216,1243,0,500,0
132,55296,261.56,168,-1.2946,0.001136,1.932308,1.529035,0.002177,0.0386,479.04,347.5,-1.5237,671,1,200,0
133,55296,406.36,280,-1.394,0.001136,1.932308,1.529035,0.002177,0.0386,478.35,346.8,-1.5232,898,2,700,0
134,55296,606.22,386,-1.4235,0.001136,1.932308,1.529035,0.002177,0.0386,481.72,349.1,-1.5227,1435,0,200,0
135,55296,474.57,224,-1.2854,0.001136,1.932308,1.529035,0.002177,0.0386,480.84,347.3,-1.5205,1437,0,200,0
136,57344,994.42,820,-1.5302,-0.001026,2.348277,1.413344,0.011865,0.1108,486.05,352.5,-1.5209,3161,3,15300,1
137,57344,522.28,355,-1.4137,-0.001026,2.348277,1.413344,0.011865,0.1108,486.74,353.1,-1.5199,1125,0,200,0
138,57344,530.44,297,-1.4784,-0.001026,2.348277,1.413344,0.011865,0.1108,484.87,351.1,-1.5186,1944,1,800,0
139,57344,364.0,195,-1.6601,-0.001026,2.348277,1.413344,0.011865,0.1108,482.48,349.2,-1.5181,1126,0,200,0
140,57344,175.59,98,-1.7634,-0.001026,2.348277,1.413344,0.011865,0.1108,476.66,345.1,-1.5186,310,1,200,0
141,57344,452.14,252,-1.7765,-0.001026,2.348277,1.413344,0.011865,0.1108,477.05,343.9,-1.5193,1127,1,400,0
142,57344,375.9,317,-1.818,-0.001026,2.348277,1.413344,0.011865,0.1108,473.69,339.4,-1.5208,1515,0,100,0
143,57344,477.71,285,-1.778,-0.001026,2.348277,1.413344,0.011865,0.1108,475.68,340.5,-1.525,1429,2,600,0
144,57344,527.12,322,-1.7752,-0.001026,2.348277,1.413344,0.011865,0.1108,476.88,340.9,-1.5278,1411,1,500,0
145,59392,363.57,223,-1.7616,0.001539,3.513428,1.300962,0.007748,0.064,477.9,341.4,-1.5342,1128,2,600,0
146,59392,399.59,268,-1.7905,0.001539,3.513428,1.300962,0.007748,0.064,478.08,341.6,-1.5407,898,2,400,0
147,59392,347.55,195,-1.7195,0.001539,3.513428,1.300962,0.007748,0.064,475.36,339.2,-1.5461,707,1,300,0
148,59392,368.87,252,-1.7603,0.001539,3.513428,1.300962,0.007748,0.064,473.15,336.5,-1.5512,824,0,300,0
149,59392,263.65,147,-1.7096,0.001539,3.513428,1.300962,0.007748,0.064,470.16,333.7,-1.5556,702,0,100,0
150,59392,338.44,170,-1.7066,0.001539,3.513428,1.300962,0.007748,0.064,467.57,330.0,-1.5588,700,2,400,0
151,59392,270.86,158,-1.7091,0.001539,3.513428,1.300962,0.007748,0.064,466.7,329.4,-1.5611,700,1,200,0
152,59392,365.32,226,-1.7345,0.001539,3.513428,1.300962,0.007748,0.064,466.76,328.9,-1.5636,1130,2,400,0
153,61440,456.03,259,-1.7793,0.000751,2.793127,1.364392,0.008689,0.0867,465.92,327.6,-1.5663,1136,1,300,0
154,61440,441.36,271,-1.8605,0.000751,2.793127,1.364392,0.008689,0.0867,466.81,327.6,-1.5698,693,0,100,0
155,61440,430.37,255,-1.8849,0.000751,2.793127,1.364392,0.008689,0.0867,466.59,327.1,-1.5737,1786,1,400,0
156,61440,536.57,432,-1.8464,0.000751,2.793127,1.364392,0.008689,0.0867,469.2,329.5,-1.5775,1130,0,300,0
157,61440,340.6,174,-2.0946,0.000751,2.793127,1.364392,0.008689,0.0867,466.95,326.2,-1.583,706,0,0,0
158,61440,258.97,153,-2.0988,0.000751,2.793127,1.364392,0.008689,0.0867,463.81,321.6,-1.5889,687,0,100,0
159,61440,260.97,168,-2.088,0.000751,2.793127,1.364392,0.008689,0.0867,461.69,319.0,-1.5946,676,1,200,0
160,61440,351.32,171,-2.0731,0.000751,2.793127,1.364392,0.008689,0.0867,462.66,319.2,-1.6047,1437,0,200,0
161,61440,347.99,203,-2.0914,0.000751,2.793127,1.364392,0.008689,0.0867,460.2,317.1,-1.6133,700,1,200,0
162,61440,284.37,200,-2.1127,0.000751,2.793127,1.364392,0.008689,0.0867,456.31,313.9,-1.6219,831,2,500,0
163,61440,466.12,215,-2.0772,0.000751,2.793127,1.364392,0.008689,0.0867,456.63,312.9,-1.6316,1793,1,500,0
164,63488,416.59,258,-2.0262,0.000121,3.360084,1.167617,0.011268,0.0571,455.14,310.9,-1.6408,1668,1,700,0
165,63488,363.16,224,-1.9481,0.000121,3.360084,1.167617,0.011268,0.0571,455.19,310.5,-1.6485,1127,0,100,0
166,63488,266.51,153,-1.8429,0.000121,3.360084,1.167617,0.011268,0.0571,454.04,309.7,-1.6552,701,1,200,0
167,63488,258.56,139,-1.7651,0.000121,3.360084,1.167617,0.011268,0.0571,454.07,309.4,-1.6569,688,1,200,0
168,63488,431.98,248,-1.8304,0.000121,3.360084,1.167617,0.011268,0.0571,454.69,309.7,-1.659,704,0,100,0
169,63488,262.27,140,-1.7682,0.000121,3.360084,1.167617,0.011268,0.0571,452.33,307.0,-1.6608,704,0,0,0
170,63488,256.07,155,-1.7481,0.000121,3.360084,1.167617,0.011268,0.0571,450.78,305.2,-1.6618,677,0,0,0
171,63488,441.38,273,-1.7995,0.000121,3.360084,1.167617,0.011268,0.0571,450.15,302.9,-1.6635,1127,0,200,0
172,63488,354.8,250,-1.8201,0.000121,3.360084,1.167617,0.011268,0.0571,450.09,303.3,-1.6713,1145,1,400,0
173,65536,565.31,307,-1.8961,-0.002654,3.952158,1.165213,0.006014,0.0657,450.12,301.3,-1.6776,1241,0,300,0
174,65536,482.96,230,-1.8962,-0.002654,3.952158,1.165213,0.006014,0.0657,450.06,299.1,-1.6854,2028,0,300,0
175,65536,349.6,190,-2.1199,-0.002654,3.952158,1.165213,0.006014,0.0657,445.79,293.4,-1.6935,709,0,200,0
176,65536,488.89,299,-2.0961,-0.002654,3.952158,1.165213,0.006014,0.0657,446.73,293.6,-1.7034,1525,0,0,0
177,65536,353.15,207,-2.2784,-0.002654,3.952158,1.165213,0.006014,0.0657,445.73,293.2,-1.7141,1129,0,200,0
178,65536,173.16,92,-2.237,-0.002654,3.952158,1.165213,0.006014,0.0657,443.4,290.8,-1.7238,316,0,0,0
179,65536,569.04,348,-2.2669,-0.002654,3.952158,1.165213,0.006014,0.0657,443.08,289.0,-1.7341,1130,0,500,0
180,65536,537.87,309,-2.251,-0.002654,3.952158,1.165213,0.006014,0.0657,443.51,285.8,-1.7439,1125,0,0,0
181,67584,635.94,368,-2.2518,0.002468,4.31825,1.07847,0.006056,0.0635,446.33,287.1,-1.7543,1126,1,700,0
182,67584,373.24,223,-2.0809,0.002468,4.31825,1.07847,0.006056,0.0635,445.74,285.2,-1.7644,834,1,400,0
183,67584,477.65,318,-2.1102,0.002468,4.31825,1.07847,0.006056,0.0635,446.57,284.4,-1.7752,1433,0,100,0
184,67584,331.78,164,-1.9767,0.002468,4.31825,1.07847,0.006056,0.0635,444.53,282.4,-1.7852,679,0,200,0
185,67584,176.06,98,-1.9798,0.002468,4.31825,1.07847,0.006056,0.0635,441.73,279.4,-1.7949,308,2,400,0
186,67584,632.6,417,-2.0617,0.002468,4.31825,1.07847,0.006056,0.0635,444.24,280.5,-1.8059,1129,0,500,0
187,67584,350.39,208,-2.0176,0.002468,4.31825,1.07847,0.006056,0.0635,443.06,279.9,-1.8152,1128,0,200,0
188,67584,509.54,284,-1.9907,0.002468,4.31825,1.07847,0.006056,0.0635,443.18,279.6,-1.8241,1788,2,600,0
189,69632,342.9,198,-1.9907,-0.00075,3.6306,1.074266,0.002633,0.064,442.98,278.6,-1.8324,698,1,400,0
190,69632,339.12,184,-2.0125,-0.00075,3.6306,1.074266,0.002633,0.064,442.85,278.6,-1.8394,685,0,100,0
191,69632,590.61,365,-2.0326,-0.00075,3.6306,1.074266,0.002633,0.064,444.98,280.1,-1.8465,1413,0,200,0
192,69632,436.68,237,-2.0855,-0.00075,3.6306,1.074266,0.002633,0.064,443.79,279.1,-1.8539,1129,1,300,0
193,69632,481.38,427,-2.065,-0.00075,3.6306,1.074266,0.002633,0.064,441.98,278.2,-1.8598,1420,0,600,0
194,69632,531.48,313,-2.0783,-0.00075,3.6306,1.074266,0.002633,0.064,444.65,279.9,-1.8639,1128,2,700,0
195,69632,373.31,244,-2.0773,-0.00075,3.6306,1.074266,0.002633,0.064,440.79,276.2,-1.869,814,1,400,0
196,69632,357.21,191,-2.0759,-0.00075,3.6306,1.074266,0.002633,0.064,437.07,273.1,-1.8737,1145,1,400,0
197,71680,285.84,202,-2.0052,-0.000397,2.481823,1.161743,0.007734,0.0769,433.39,270.6,-1.8772,827,0,200,0
198,71680,351.08,188,-1.9196,-0.000397,2.481823,1.161743,0.007734,0.0769,433.09,269.5,-1.879,722,0,100,0
199,71680,574.64,286,-1.9132,-0.000397,2.481823,1.161743,0.007734,0.0769,434.3,269.2,-1.8806,1238,1,700,0
200,71680,366.07,232,-1.7357,-0.000397,2.481823,1.161743,0.007734,0.0769,432.53,268.6,-1.8807,1517,0,100,0
201,71680,698.07,429,-1.7924,-0.000397,2.481823,1.161743,0.007734,0.0769,435.52,269.9,-1.8811,1435,1,700,0
202,71680,444.76,317,-1.7325,-0.000397,2.481823,1.161743,0.007734,0.0769,437.1,271.2,-1.8806,1129,3,700,0
203,71680,340.68,208,-1.7098,-0.000397,2.481823,1.161743,0.007734,0.0769,437.88,271.7,-1.8801,693,2,400,0
204,73728,707.79,496,-1.7183,0.001891,2.715936,1.228007,0.00534,0.0625,440.2,273.6,-1.8794,1779,1,400,0
205,73728,733.66,424,-1.6457,0.001891,2.715936,1.228007,0.00534,0.0625,442.07,274.8,-1.8781,2021,3,900,0
206,73728,541.51,345,-1.6384,0.001891,2.715936,1.228007,0.00534,0.0625,442.35,275.4,-1.8766,1151,3,900,0
207,73728,519.81,329,-1.608,0.001891,2.715936,1.228007,0.00534,0.0625,441.94,275.3,-1.8737,1524,0,200,0
208,73728,602.84,424,-1.6164,0.001891,2.715936,1.228007,0.00534,0.0625,443.38,276.8,-1.8705,1435,2,800,0
209,75776,435.44,261,-1.5817,-0.002117,2.284897,1.237994,0.00813,0.1289,441.88,275.5,-1.8672,1125,1,600,0
210,75776,444.78,282,-1.5721,-0.002117,2.284897,1.237994,0.00813,0.1289,438.11,272.7,-1.864,1128,0,100,0
211,75776,354.51,273,-1.5652,-0.002117,2.284897,1.237994,0.00813,0.1289,438.99,273.9,-1.8608,723,1,300,0
212,75776,526.29,321,-1.483,-0.002117,2.284897,1.237994,0.00813,0.1289,440.55,274.2,-1.8564,1128,1,300,0
213,75776,501.83,269,-1.4898,-0.002117,2.284897,1.237994,0.00813,0.1289,439.68,273.0,-1.853,1520,1,400,0
214,75776,372.7,259,-1.5181,-0.002117,2.284897,1.237994,0.00813,0.1289,439.59,273.3,-1.8514,1524,0,300,0
215,75776,466.97,313,-1.4903,-0.002117,2.284897,1.237994,0.00813,0.1289,437.63,271.7,-1.8481,1139,0,300,0
216,77824,439.05,237,-1.5627,0.001138,3.171193,1.126865,0.007973,0.0586,437.03,270.2,-1.8465,1123,1,400,0
217,77824,619.32,297,-1.5565,0.001138,3.171193,1.126865,0.007973,0.0586,438.8,270.7,-1.8452,2012,0,0,0
218,77824,598.26,309,-1.6254,0.001138,3.171193,1.126865,0.007973,0.0586,440.66,271.3,-1.8445,1415,0,200,0
219,77824,343.22,188,-1.7898,0.001138,3.171193,1.126865,0.007973,0.0586,438.84,270.2,-1.8449,1431,0,200,0
220,77824,740.66,499,-1.6703,0.001138,3.171193,1.126865,0.007973,0.0586,442.38,272.7,-1.8426,1433,1,400,0
221,77824,263.81,146,-1.7588,0.001138,3.171193,1.126865,0.007973,0.0586,440.59,271.5,-1.8407,722,3,600,0
222,77824,361.8,319,-1.7997,0.001138,3.171193,1.126865,0.007973,0.0586,437.61,269.9,-1.8393,1432,0,300,0
223,77824,262.41,138,-1.7819,0.001138,3.171193,1.126865,0.007973,0.0586,435.72,268.5,-1.8373,703,0,100,0
224,79872,453.99,275,-1.654,0.001271,2.282259,1.359557,0.006208,0.0818,433.31,267.1,-1.834,1132,0,100,0
225,79872,634.19,454,-1.6936,0.001271,2.282259,1.359557,0.006208,0.0818,436.2,269.8,-1.8313,1525,3,1200,0
226,79872,363.12,315,-1.6397,0.001271,2.282259,1.359557,0.006208,0.0818,435.54,270.6,-1.8281,1517,0,300,0
227,79872,471.4,514,-1.6972,0.001271,2.282259,1.359557,0.006208,0.0818,435.24,271.1,-1.825,1425,0,400,0
228,79872,353.19,201,-1.5579,0.001271,2.282259,1.359557,0.006208,0.0818,434.05,270.2,-1.8209,713,1,200,0
229,79872,347.99,207,-1.535,0.001271,2.282259,1.359557,0.006208,0.0818,430.56,268.3,-1.8166,685,1,300,0
230,81920,542.61,275,-1.4495,-0.002261,1.817187,1.348202,0.007755,0.063,431.28,267.8,-1.8115,2005,1,600,0
231,81920,657.36,472,-1.4799,-0.002261,1.817187,1.348202,0.007755,0.063,432.94,269.0,-1.8075,1219,2,900,0
232,81920,398.74,249,-1.2322,-0.002261,1.817187,1.348202,0.007755,0.063,434.31,269.9,-1.8069,1655,1,400,0
233,81920,533.36,328,-1.1829,-0.002261,1.817187,1.348202,0.007755,0.063,435.58,270.3,-1.8048,1792,3,800,0
234,81920,371.88,289,-1.1056,-0.002261,1.817187,1.348202,0.007755,0.063,433.23,269.4,-1.8016,842,0,200,0
235,81920,434.54,248,-1.0572,-0.002261,1.817187,1.348202,0.007755,0.063,432.83,269.6,-1.7993,1812,1,300,0
236,81920,437.48,220,-1.0373,-0.002261,1.817187,1.348202,0.007755,0.063,427.27,263.6,-1.7944,1139,1,400,0
237,83968,456.93,268,-1.2434,-0.00061,2.149583,1.467509,0.001618,0.0491,426.61,262.7,-1.7927,1125,1,800,0
238,83968,643.17,449,-1.1747,-0.00061,2.149583,1.467509,0.001618,0.0491,427.74,264.2,-1.7897,1127,1,500,0
239,83968,427.88,304,-1.2675,-0.00061,2.149583,1.467509,0.001618,0.0491,428.38,265.3,-1.7858,900,1,500,0
240,83968,605.88,368,-1.5234,-0.00061,2.149583,1.467509,0.001618,0.0491,432.68,268.0,-1.7834,1671,0,300,0
241,83968,460.88,272,-1.5947,-0.00061,2.149583,1.467509,0.001618,0.0491,432.77,268.2,-1.7815,1123,1,300,0
242,83968,365.13,282,-1.6186,-0.00061,2.149583,1.467509,0.001618,0.0491,432.66,267.9,-1.7795,792,1,400,0
243,83968,270.01,170,-1.5777,-0.00061,2.149583,1.467509,0.001618,0.0491,430.58,266.7,-1.7775,703,0,0,0
244,86016,653.74,450,-1.6023,0.001825,2.505745,1.327206,0.007323,0.0784,431.85,268.0,-1.7758,1130,0,300,0
245,86016,351.48,181,-1.5107,0.001825,2.505745,1.327206,0.007323,0.0784,431.73,267.6,-1.7733,705,0,200,0
246,86016,530.02,415,-1.5131,0.001825,2.505745,1.327206,0.007323,0.0784,433.03,269.1,-1.7705,868,1,300,0
247,86016,368.92,218,-1.4364,0.001825,2.505745,1.327206,0.007323,0.0784,433.25,269.3,-1.7677,1503,1,400,0
248,86016,586.88,371,-1.4571,0.001825,2.505745,1.327206,0.007323,0.0784,435.43,270.5,-1.7647,1507,1,400,0
249,86016,537.51,457,-1.4638,0.001825,2.505745,1.327206,0.007323,0.0784,438.17,273.6,-1.7622,899,0,400,0
250,88064,519.51,279,-1.4747,0.00044,2.585028,1.401184,0.015763,0.1868,439.98,274.7,-1.7599,1413,0,300,0
251,88064,441.86,237,-1.5611,0.00044,2.585028,1.401184,0.015763,0.1868,441.69,275.5,-1.7584,695,1,400,0
252,88064,575.7,457,-1.678,0.00044,2.585028,1.401184,0.015763,0.1868,443.79,277.8,-1.7578,1126,2,700,0
253,88064,395.85,286,-1.8259,0.00044,2.585028,1.401184,0.015763,0.1868,443.19,278.1,-1.7583,858,0,200,0
254,88064,383.56,275,-1.8695,0.00044,2.585028,1.401184,0.015763,0.1868,442.61,278.1,-1.7584,898,0,100,0
255,88064,378.96,274,-1.8468,0.00044,2.585028,1.401184,0.015763,0.1868,442.1,278.3,-1.758,1524,1,300,0
256,88064,334.81,160,-1.8044,0.00044,2.585028,1.401184,0.015763,0.1868,440.08,275.6,-1.7576,677,1,200,0
257,90112,344.6,294,-1.8394,0.000629,1.738857,1.357516,0.011613,0.1252,440.12,276.8,-1.755,1427,0,500,0
258,90112,469.88,275,-1.7575,0.000629,1.738857,1.357516,0.011613,0.1252,442.23,278.0,-1.7516,1791,1,300,0
259,90112,305.67,217,-1.3569,0.000629,1.738857,1.357516,0.011613,0.1252,442.67,278.5,-1.7443,898,2,500,0
260,90112,389.13,238,-1.2679,0.000629,1.738857,1.357516,0.011613,0.1252,443.05,279.1,-1.7363,1438,0,100,0
261,90112,711.84,524,-1.4719,0.000629,1.738857,1.357516,0.011613,0.1252,446.69,282.4,-1.7301,2019,1,600,0
262,90112,527.21,365,-1.2683,0.000629,1.738857,1.357516,0.011613,0.1252,449.12,284.0,-1.7216,1130,1,600,0
263,90112,469.82,270,-1.25,0.000629,1.738857,1.357516,0.011613,0.1252,449.16,284.6,-1.7134,1230,0,0,0
264,90112,356.0,234,-1.2791,0.000629,1.738857,1.357516,0.011613,0.1252,448.55,284.3,-1.7059,1428,1,700,0
265,92160,433.14,276,-1.4038,0.001154,2.506296,1.274816,0.006024,0.0845,449.25,284.8,-1.7004,1781,0,300,0
266,92160,414.6,210,-1.5086,0.001154,2.506296,1.274816,0.006024,0.0845,450.73,285.4,-1.6971,1667,1,500,0
267,92160,565.66,304,-1.496,0.001154,2.506296,1.274816,0.006024,0.0845,453.8,287.1,-1.6944,1435,0,500,0
268,92160,413.17,438,-1.5356,0.001154,2.506296,1.274816,0.006024,0.0845,453.61,288.9,-1.6915,848,2,800,0
269,92160,536.42,311,-1.5601,0.001154,2.506296,1.274816,0.006024,0.0845,456.36,290.7,-1.6894,1127,1,300,0
270,92160,416.83,235,-1.532,0.001154,2.506296,1.274816,0.006024,0.0845,457.96,291.5,-1.6872,1672,0,400,0
271,92160,546.21,304,-1.5738,0.001154,2.506296,1.274816,0.006024,0.0845,459.01,291.8,-1.685,1129,1,400,0
272,94208,535.15,387,-1.7649,-0.003094,2.83221,1.297803,0.011379,0.1023,460.81,293.1,-1.6844,1125,0,400,0
273,94208,543.7,377,-1.8413,-0.003094,2.83221,1.297803,0.011379,0.1023,460.6,293.8,-1.6839,1435,0,500,0
274,94208,468.41,377,-1.8668,-0.003094,2.83221,1.297803,0.011379,0.1023,460.45,295.3,-1.6836,1959,0,300,0
275,94208,350.44,183,-1.903,-0.003094,2.83221,1.297803,0.011379,0.1023,460.46,295.2,-1.6814,703,0,0,0
276,96256,364.12,241,-1.691,0.001788,1.540143,1.353038,0.010535,0.0715,459.21,294.7,-1.6773,1520,0,200,0
277,96256,577.64,683,-1.7918,0.001788,1.540143,1.353038,0.010535,0.0715,461.46,299.4,-1.6725,1129,3,1200,0
278,96256,353.68,202,-1.247,0.001788,1.540143,1.353038,0.010535,0.0715,463.26,300.5,-1.6626,1437,1,300,0
279,96256,483.78,313,-1.1862,0.001788,1.540143,1.353038,0.010535,0.0715,462.41,300.2,-1.6518,1130,2,700,0
280,98304,389.95,299,-0.9845,-0.006615,1.230634,1.378255,0.013551,0.0977,460.93,300.1,-1.6391,899,1,300,0
281,98304,637.2,563,-1.1134,-0.006615,1.230634,1.378255,0.013551,0.0977,460.95,302.0,-1.6277,1133,1,600,0
282,98304,668.88,610,-1.1083,-0.006615,1.230634,1.378255,0.013551,0.0977,463.9,305.9,-1.618,1126,1,900,0
283,98304,509.61,254,-0.828,-0.006615,1.230634,1.378255,0.013551,0.0977,464.22,305.2,-1.6052,1432,1,600,0
284,100352,1186.19,1380,-1.1282,-0.003164,1.044417,1.463609,0.009463,0.0876,472.77,317.4,-1.5967,3154,3,21650,1
285,100352,587.7,391,-0.8399,-0.003164,1.044417,1.463609,0.009463,0.0876,476.88,320.3,-1.5853,1276,1,300,0
286,100352,669.87,512,-0.88,-0.003164,1.044417,1.463609,0.009463,0.0876,477.25,321.3,-1.5735,1791,1,900,0
287,100352,296.62,217,-0.8651,-0.003164,1.044417,1.463609,0.009463,0.0876,476.72,321.4,-1.562,821,0,200,0
288,100352,379.32,339,-0.8685,-0.003164,1.044417,1.463609,0.009463,0.0876,475.41,321.9,-1.5507,814,2,500,0
289,100352,388.38,368,-0.8477,-0.003164,1.044417,1.463609,0.009463,0.0876,475.87,323.6,-1.5393,898,0,400,0
290,100352,413.09,216,-0.841,-0.003164,1.044417,1.463609,0.009463,0.0876,476.61,323.9,-1.5276,1523,0,0,0
291,102400,388.52,289,-1.0624,0.000127,1.718717,1.318433,0.004007,0.064,474.59,323.2,-1.5179,898,2,600,0
292,102400,360.81,270,-1.2136,0.000127,1.718717,1.318433,0.004007,0.064,473.83,323.5,-1.5092,1435,0,400,0
293,102400,612.55,512,-1.1402,0.000127,1.718717,1.318433,0.004007,0.064,475.14,324.4,-1.4999,1124,0,900,0
294,102400,530.56,323,-1.2853,0.000127,1.718717,1.318433,0.004007,0.064,475.13,324.5,-1.492,1123,3,800,0
295,102400,471.7,287,-1.375,0.000127,1.718717,1.318433,0.004007,0.064,476.12,324.9,-1.485,831,2,600,0
296,104448,540.86,330,-1.4415,-0.001248,2.036551,1.343681,0.009564,0.0769,477.95,326.3,-1.4786,1129,0,400,0
297,104448,575.92,357,-1.4234,-0.001248,2.036551,1.343681,0.009564,0.0769,480.85,327.8,-1.4728,1248,1,500,0
298,104448,608.58,519,-1.4665,-0.001248,2.036551,1.343681,0.009564,0.0769,483.43,331.1,-1.4683,1522,1,700,0
299,104448,343.93,209,-1.5576,-0.001248,2.036551,1.343681,0.009564,0.0769,481.12,330.4,-1.4647,1415,0,200,0
300,104448,427.26,431,-1.6531,-0.001248,2.036551,1.343681,0.009564,0.0769,481.73,332.4,-1.4639,1129,0,200,0
301,104448,480.24,323,-1.5613,-0.001248,2.036551,1.343681,0.009564,0.0769,479.55,331.3,-1.4616,1433,0,400,0
302,106496,581.36,433,-1.5586,0.001164,1.810475,1.245836,0.00515,0.0757,480.92,332.5,-1.4598,1124,2,800,0
303,106496,441.15,266,-1.4652,0.001164,1.810475,1.245836,0.00515,0.0757,481.93,333.1,-1.4574,704,0,200,0
304,106496,404.93,217,-1.2938,0.001164,1.810475,1.245836,0.00515,0.0757,478.9,330.3,-1.4531,1516,0,0,0
305,106496,453.18,309,-1.3544,0.001164,1.810475,1.245836,0.00515,0.0757,476.09,329.1,-1.4502,1130,0,200,0
306,106496,448.88,235,-1.1676,0.001164,1.810475,1.245836,0.00515,0.0757,475.17,328.0,-1.4455,1126,1,400,0
307,106496,485.29,351,-1.2178,0.001164,1.810475,1.245836,0.00515,0.0757,474.82,328.2,-1.4416,1800,0,200,0
308,106496,369.28,184,-1.1573,0.001164,1.810475,1.245836,0.00515,0.0757,472.48,325.8,-1.437,807,2,500,0
309,106496,437.86,317,-1.1627,0.001164,1.810475,1.245836,0.00515,0.0757,472.51,326.4,-1.4328,1127,1,300,0
310,108544,413.18,336,-1.2527,0.001998,2.402238,1.1686,0.008472,0.1045,472.19,326.9,-1.4296,1520,0,200,0
311,108544,382.07,258,-1.3914,0.001998,2.402238,1.1686,0.008472,0.1045,472.47,326.8,-1.4279,1232,1,600,0
312,108544,438.55,272,-1.3596,0.001998,2.402238,1.1686,0.008472,0.1045,471.59,326.3,-1.4267,1788,0,200,0
313,108544,656.85,398,-1.3152,0.001998,2.402238,1.1686,0.008472,0.1045,473.14,327.6,-1.4249,1153,0,500,0
314,108544,348.76,384,-1.5047,0.001998,2.402238,1.1686,0.008472,0.1045,472.9,328.8,-1.4248,1427,0,500,0
315,108544,351.44,189,-1.3844,0.001998,2.402238,1.1686,0.008472,0.1045,471.75,327.6,-1.4237,1436,0,100,0
316,108544,362.18,231,-1.4351,0.001998,2.402238,1.1686,0.008472,0.1045,470.98,327.5,-1.4225,1130,1,600,0
317,110592,454.21,250,-1.3365,-0.003368,1.691904,1.278942,0.009392,0.0994,469.33,327.1,-1.4203,1799,0,200,0
318,110592,623.49,433,-1.3537,-0.003368,1.691904,1.278942,0.009392,0.0994,469.58,328.3,-1.4175,1786,3,1100,0
319,110592,469.44,259,-1.2913,-0.003368,1.691904,1.278942,0.009392,0.0994,470.84,329.0,-1.4126,1424,0,200,0
320,110592,832.71,482,-1.3029,-0.003368,1.691904,1.278942,0.009392,0.0994,471.76,328.8,-1.4089,2013,1,800,0
321,110592,405.24,243,-1.2659,-0.003368,1.691904,1.278942,0.009392,0.0994,473.18,329.8,-1.404,1673,0,200,0
322,110592,507.24,313,-1.2598,-0.003368,1.691904,1.278942,0.009392,0.0994,474.63,329.8,-1.3986,1777,1,600,0
323,112640,171.63,88,-1.4991,-0.003374,4.363268,1.130012,0.008406,0.1035,473.72,329.2,-1.3957,313,1,200,0
324,112640,344.44,194,-1.5083,-0.003374,4.363268,1.130012,0.008406,0.1035,472.63,328.4,-1.3943,700,1,200,0
325,112640,575.12,436,-1.6139,-0.003374,4.363268,1.130012,0.008406,0.1035,472.04,328.3,-1.3935,1125,0,200,0
326,112640,487.52,270,-2.2402,-0.003374,4.363268,1.130012,0.008406,0.1035,473.28,327.8,-1.3995,1973,1,1000,0
327,112640,339.3,250,-2.3024,-0.003374,4.363268,1.130012,0.008406,0.1035,471.96,325.2,-1.4055,1430,0,400,0
328,112640,691.2,414,-2.1361,-0.003374,4.363268,1.130012,0.008406,0.1035,475.34,327.3,-1.4113,1803,3,1200,0
329,112640,617.31,376,-2.3399,-0.003374,4.363268,1.130012,0.008406,0.1035,478.03,329.0,-1.4194,1524,0,200,0
330,114688,388.58,270,-2.1397,0.002427,2.325459,1.131924,0.010324,0.1091,476.49,328.9,-1.4263,851,0,100,0
331,114688,762.21,482,-1.9254,0.002427,2.325459,1.131924,0.010324,0.1091,477.54,329.0,-1.4307,1135,0,400,0
332,114688,469.81,299,-1.5911,0.002427,2.325459,1.131924,0.010324,0.1091,478.25,329.5,-1.4343,1231,0,200,0
333,114688,713.14,477,-1.8513,0.002427,2.325459,1.131924,0.010324,0.1091,480.05,331.0,-1.441,1432,1,800,0
334,114688,449.98,273,-1.574,0.002427,2.325459,1.131924,0.010324,0.1091,480.83,330.9,-1.4457,1519,1,200,0
335,114688,260.34,132,-1.5567,0.002427,2.325459,1.131924,0.010324,0.1091,479.09,329.7,-1.4507,722,0,100,0
336,116736,529.27,316,-1.74,-0.00023,4.210934,1.145844,0.007704,0.0969,480.01,330.7,-1.4577,1515,2,700,0
337,116736,480.47,310,-1.7959,-0.00023,4.210934,1.145844,0.007704,0.0969,480.24,331.1,-1.4632,1243,2,500,0
338,116736,623.18,390,-1.9444,-0.00023,4.210934,1.145844,0.007704,0.0969,480.04,330.5,-1.4709,1528,0,200,0
339,116736,449.14,367,-2.0965,-0.00023,4.210934,1.145844,0.007704,0.0969,480.25,331.1,-1.4792,1130,1,500,0
340,116736,360.21,267,-2.2909,-0.00023,4.210934,1.145844,0.007704,0.0969,477.8,330.1,-1.4869,1436,0,300,0
341,116736,514.07,274,-2.1974,-0.00023,4.210934,1.145844,0.007704,0.0969,478.33,330.1,-1.4929,1951,2,600,0
342,116736,352.41,175,-2.2193,-0.00023,4.210934,1.145844,0.007704,0.0969,478.2,329.1,-1.4989,1432,0,200,0
343,116736,370.35,257,-2.2852,-0.00023,4.210934,1.145844,0.007704,0.0969,479.21,329.9,-1.506,1524,0,400,0
344,118784,354.69,202,-1.5735,0.002083,2.089361,1.213904,0.012501,0.1152,476.22,327.5,-1.5057,1430,0,0,0
345,118784,484.22,314,-1.8277,0.002083,2.089361,1.213904,0.012501,0.1152,477.54,328.8,-1.5089,1129,1,900,0
346,118784,572.76,460,-1.7372,0.002083,2.089361,1.213904,0.012501,0.1152,477.97,329.2,-1.5111,1437,0,800,0
347,118784,659.36,408,-1.5017,0.002083,2.089361,1.213904,0.012501,0.1152,480.87,331.1,-1.5118,1525,0,300,0
348,118784,356.81,256,-1.391,0.002083,2.089361,1.213904,0.012501,0.1152,478.57,330.0,-1.5111,722,0,100,0
349,118784,496.17,326,-1.3625,0.002083,2.089361,1.213904,0.012501,0.1152,478.16,328.7,-1.5101,1513,1,300,0
350,120832,545.27,377,-1.3563,0.000568,1.985925,1.256795,0.008741,0.072,478.42,329.7,-1.5089,1126,1,200,0
351,120832,362.19,191,-1.3146,0.000568,1.985925,1.256795,0.008741,0.072,477.62,329.2,-1.5064,1125,0,100,0
352,120832,529.91,494,-1.3818,0.000568,1.985925,1.256795,0.008741,0.072,477.16,329.6,-1.5035,1124,1,700,0
353,120832,796.52,458,-1.3169,0.000568,1.985925,1.256795,0.008741,0.072,481.17,331.3,-1.4984,1801,1,800,0
354,120832,354.73,178,-1.2874,0.000568,1.985925,1.256795,0.008741,0.072,480.88,330.3,-1.4926,706,1,300,0
355,120832,485.29,355,-1.3434,0.000568,1.985925,1.256795,0.008741,0.072,481.95,331.1,-1.4875,1132,0,400,0
356,122880,391.44,267,-1.2382,0.000189,1.512116,1.389277,0.001811,0.0417,482.51,332.2,-1.4819,1435,0,300,0
357,122880,381.32,313,-1.2396,0.000189,1.512116,1.389277,0.001811,0.0417,482.88,332.4,-1.4759,858,2,500,0
358,122880,568.22,450,-1.2275,0.000189,1.512116,1.389277,0.001811,0.0417,483.86,334.1,-1.4706,1434,1,800,0
359,122880,452.15,322,-1.1645,0.000189,1.512116,1.389277,0.001811,0.0417,485.33,335.2,-1.4687,1136,0,100,0
360,122880,455.03,271,-1.083,0.000189,1.512116,1.389277,0.001811,0.0417,485.99,335.5,-1.4668,710,1,500,0
361,124928,619.31,426,-1.1686,-0.002818,2.388063,1.394362,0.007556,0.0806,485.06,334.5,-1.4638,1415,1,500,0
362,124928,411.51,432,-1.3317,-0.002818,2.388063,1.394362,0.007556,0.0806,483.9,335.2,-1.4644,856,0,400,0
363,124928,471.74,429,-1.4141,-0.002818,2.388063,1.394362,0.007556,0.0806,483.92,336.8,-1.4661,1127,1,600,0
364,124928,571.54,450,-1.4642,-0.002818,2.388063,1.394362,0.007556,0.0806,486.08,339.0,-1.4679,1125,1,800,0
365,124928,653.43,398,-1.4845,-0.002818,2.388063,1.394362,0.007556,0.0806,488.28,340.2,-1.4687,1796,0,400,0
366,124928,359.18,196,-1.4433,-0.002818,2.388063,1.394362,0.007556,0.0806,487.73,340.0,-1.4681,706,1,400,0
367,126976,448.39,252,-1.1782,0.002687,1.177534,1.489186,0.008385,0.0701,486.55,339.5,-1.4649,1128,1,400,0
368,126976,496.74,291,-0.9877,0.002687,1.177534,1.489186,0.008385,0.0701,487.39,338.1,-1.4594,1431,0,200,0
369,126976,566.45,571,-1.253,0.002687,1.177534,1.489186,0.008385,0.0701,487.69,340.6,-1.4563,1422,1,1000,0
370,126976,398.73,414,-1.1687,0.002687,1.177534,1.489186,0.008385,0.0701,487.51,342.4,-1.4527,841,0,400,0
371,126976,479.28,307,-0.7531,0.002687,1.177534,1.489186,0.008385,0.0701,486.84,342.5,-1.4445,820,1,300,0
372,126976,289.56,231,-0.9146,0.002687,1.177534,1.489186,0.008385,0.0701,484.38,340.9,-1.436,825,0,100,0
373,129024,695.98,397,-0.8485,-0.00222,1.712754,1.380796,0.009553,0.0684,485.91,341.1,-1.4261,1797,2,1100,0
374,129024,522.54,352,-0.9948,-0.00222,1.712754,1.380796,0.009553,0.0684,486.45,340.9,-1.4173,1781,1,600,0
375,129024,603.06,417,-1.1361,-0.00222,1.712754,1.380796,0.009553,0.0684,488.97,343.2,-1.4097,1500,1,500,0
376,129024,458.97,254,-1.1894,-0.00222,1.712754,1.380796,0.009553,0.0684,489.92,343.3,-1.4046,713,1,400,0
377,129024,348.18,176,-1.2007,-0.00222,1.712754,1.380796,0.009553,0.0684,487.63,338.3,-1.3987,702,0,0,0
378,129024,518.87,427,-1.2304,-0.00222,1.712754,1.380796,0.009553,0.0684,489.28,340.5,-1.3986,1945,1,1100,0
379,129024,266.19,164,-1.2112,-0.00222,1.712754,1.380796,0.009553,0.0684,487.1,339.0,-1.3988,700,2,400,0
380,131072,413.38,290,-1.4429,-0.005754,2.397336,1.359444,0.006295,0.0945,487.34,338.9,-1.4034,1660,0,100,0
381,131072,511.17,404,-1.5147,-0.005754,2.397336,1.359444,0.006295,0.0945,486.08,337.3,-1.4074,1520,3,700,0
382,131072,670.02,412,-1.4437,-0.005754,2.397336,1.359444,0.006295,0.0945,486.09,335.4,-1.4108,1660,0,400,0
383,131072,251.05,124,-1.5336,-0.005754,2.397336,1.359444,0.006295,0.0945,483.5,334.1,-1.4178,673,1,200,0
384,131072,551.25,393,-1.6047,-0.005754,2.397336,1.359444,0.006295,0.0945,477.15,324.2,-1.4226,1138,1,700,0
385,131072,438.3,278,-1.658,-0.005754,2.397336,1.359444,0.006295,0.0945,475.66,323.1,-1.4308,1124,0,200,0
386,131072,369.18,204,-1.5699,-0.005754,2.397336,1.359444,0.006295,0.0945,472.65,320.0,-1.4377,1509,0,300,0
387,133120,413.96,273,-1.6009,-0.001456,2.346563,1.405324,0.00415,0.0786,473.83,320.5,-1.445,1524,1,300,0
388,133120,350.56,207,-1.5365,-0.001456,2.346563,1.405324,0.00415,0.0786,473.54,319.2,-1.4517,699,2,500,0
389,133120,635.37,379,-1.5707,-0.001456,2.346563,1.405324,0.00415,0.0786,476.01,319.3,-1.4589,1521,0,300,0
390,133120,450.06,281,-1.5704,-0.001456,2.346563,1.405324,0.00415,0.0786,476.38,320.0,-1.4662,1125,0,200,0
391,133120,544.54,385,-1.5757,-0.001456,2.346563,1.405324,0.00415,0.0786,477.94,320.9,-1.4714,1123,1,200,0
392,133120,383.8,221,-1.5496,-0.001456,2.346563,1.405324,0.00415,0.0786,478.17,320.4,-1.4747,1437,2,500,0
393,135168,494.66,328,-1.5908,-0.00087,2.824936,1.33131,0.008536,0.1062,476.99,318.6,-1.4792,899,1,500,0
394,135168,469.75,276,-1.6352,-0.00087,2.824936,1.33131,0.008536,0.1062,476.38,318.1,-1.4827,1133,2,600,0
395,135168,625.2,446,-1.695,-0.00087,2.824936,1.33131,0.008536,0.1062,477.92,319.7,-1.4859,1127,1,600,0
396,135168,712.86,528,-1.7419,-0.00087,2.824936,1.33131,0.008536,0.1062,479.64,321.7,-1.4889,1428,2,800,0
397,135168,559.41,394,-1.7628,-0.00087,2.824936,1.33131,0.008536,0.1062,479.47,322.1,-1.4923,1127,1,500,0
398,135168,487.14,341,-1.7838,-0.00087,2.824936,1.33131,0.008536,0.1062,478.26,320.3,-1.4955,1132,3,800,0
399,137216,703.19,404,-1.6765,-0.000108,2.284807,1.391222,0.005553,0.0664,481.85,322.2,-1.4967,1791,1,700,0
400,137216,422.27,199,-1.515,-0.000108,2.284807,1.391222,0.005553,0.0664,481.8,319.9,-1.4953,706,0,0,0
401,137216,606.13,429,-1.5915,-0.000108,2.284807,1.391222,0.005553,0.0664,483.06,321.0,-1.4956,1150,1,700,0
402,137216,522.98,413,-1.5988,-0.000108,2.284807,1.391222,0.005553,0.0664,482.48,320.8,-1.496,898,1,400,0
403,139264,648.19,478,-1.5417,-0.003645,2.018036,1.357183,0.004517,0.0723,484.55,322.9,-1.4968,1434,0,500,0
404,139264,460.28,315,-1.5024,-0.003645,2.018036,1.357183,0.004517,0.0723,485.1,323.9,-1.4989,1662,0,300,0
405,139264,755.35,560,-1.5143,-0.003645,2.018036,1.357183,0.004517,0.0723,488.12,326.4,-1.5005,1524,0,700,0
406,139264,649.78,412,-1.4961,-0.003645,2.018036,1.357183,0.004517,0.0723,490.13,328.2,-1.5038,1139,0,500,0
407,139264,450.24,263,-1.4723,-0.003645,2.018036,1.357183,0.004517,0.0723,489.78,327.3,-1.5063,1128,1,400,0
408,139264,364.46,261,-1.4909,-0.003645,2.018036,1.357183,0.004517,0.0723,489.73,328.1,-1.5096,1128,1,400,0
409,141312,661.02,468,-1.5155,-0.003184,2.086305,1.303991,0.004267,0.0864,491.96,329.6,-1.5132,1236,3,1000,0
410,141312,297.65,190,-1.4621,-0.003184,2.086305,1.303991,0.004267,0.0864,490.81,328.1,-1.5153,856,1,400,0
411,141312,589.99,492,-1.5153,-0.003184,2.086305,1.303991,0.004267,0.0864,492.89,330.4,-1.5165,1504,0,600,0
412,141312,261.52,145,-1.3485,-0.003184,2.086305,1.303991,0.004267,0.0864,491.12,329.2,-1.5164,697,1,300,0
413,141312,354.42,253,-1.3271,-0.003184,2.086305,1.303991,0.004267,0.0864,488.09,327.7,-1.5165,1432,1,300,0
414,141312,496.91,386,-1.4449,-0.003184,2.086305,1.303991,0.004267,0.0864,489.57,327.8,-1.5159,850,1,400,0
415,141312,568.64,386,-1.4295,-0.003184,2.086305,1.303991,0.004267,0.0864,491.75,329.7,-1.5164,1126,1,600,0
416,143360,518.79,329,-1.3475,-0.002945,2.185811,1.308943,0.009423,0.0859,493.31,330.7,-1.5155,1414,0,300,0
417,143360,520.1,378,-1.3505,-0.002945,2.185811,1.308943,0.009423,0.0859,493.97,332.0,-1.5156,1795,1,500,0
418,143360,811.62,500,-1.3707,-0.002945,2.185811,1.308943,0.009423,0.0859,495.85,332.6,-1.5158,1414,0,400,0
419,143360,651.36,497,-1.4225,-0.002945,2.185811,1.308943,0.009423,0.0859,497.67,335.0,-1.5171,1147,2,500,0
420,145408,559.41,299,-1.3378,-0.001185,2.663248,1.285583,-1e-05,0.0417,494.94,333.2,-1.5175,1272,0,200,0
421,145408,623.63,370,-1.356,-0.001185,2.663248,1.285583,-1e-05,0.0417,497.12,334.5,-1.5184,1514,0,200,0
422,145408,545.78,366,-1.4627,-0.001185,2.663248,1.285583,-1e-05,0.0417,497.51,335.0,-1.5204,1127,2,700,0
423,145408,259.26,153,-1.7031,-0.001185,2.663248,1.285583,-1e-05,0.0417,498.38,335.6,-1.5224,690,1,300,0
424,145408,471.99,285,-1.5528,-0.001185,2.663248,1.285583,-1e-05,0.0417,499.66,336.6,-1.5229,1960,0,0,0
425,145408,396.29,274,-1.7394,-0.001185,2.663248,1.285583,-1e-05,0.0417,497.87,334.9,-1.5241,898,1,500,0
426,145408,466.49,277,-1.7103,-0.001185,2.663248,1.285583,-1e-05,0.0417,497.66,335.0,-1.5188,792,1,300,0
427,145408,468.02,340,-1.7222,-0.001185,2.663248,1.285583,-1e-05,0.0417,498.95,335.9,-1.513,898,1,400,0
428,145408,345.29,178,-1.672,-0.001185,2.663248,1.285583,-1e-05,0.0417,495.49,333.6,-1.5084,713,1,300,0
429,147456,514.89,311,-1.6528,0.001306,3.052322,1.24459,0.007737,0.1145,494.46,332.9,-1.5015,1797,1,400,0
430,147456,528.94,326,-1.9395,0.001306,3.052322,1.24459,0.007737,0.1145,495.87,333.5,-1.4995,1135,1,300,0
431,147456,479.52,367,-2.0048,0.001306,3.052322,1.24459,0.007737,0.1145,493.04,332.3,-1.5003,1142,0,300,0
432,147456,841.32,454,-1.981,0.001306,3.052322,1.24459,0.007737,0.1145,496.76,333.9,-1.5042,1525,0,600,0
433,147456,374.93,211,-1.9674,0.001306,3.052322,1.24459,0.007737,0.1145,493.37,331.2,-1.5054,1515,0,200,0
434,147456,347.31,184,-1.9688,0.001306,3.052322,1.24459,0.007737,0.1145,492.35,330.3,-1.5093,1425,0,100,0
435,149504,525.66,498,-2.0553,-0.002796,2.255275,1.280067,0.004679,0.0591,495.0,334.0,-1.5143,1528,1,500,0
436,149504,374.25,228,-1.6899,-0.002796,2.255275,1.280067,0.004679,0.0591,493.45,333.1,-1.5138,1513,0,100,0
437,149504,457.72,248,-1.5844,-0.002796,2.255275,1.280067,0.004679,0.0591,493.22,332.5,-1.5117,1134,0,200,0
438,149504,568.86,344,-1.5185,-0.002796,2.255275,1.280067,0.004679,0.0591,492.68,332.0,-1.5074,1238,1,300,0
439,149504,391.74,201,-1.4206,-0.002796,2.255275,1.280067,0.004679,0.0591,492.11,330.4,-1.5007,1437,2,600,0
440,149504,643.06,392,-1.5013,-0.002796,2.255275,1.280067,0.004679,0.0591,494.93,331.6,-1.4928,1129,0,300,0
441,151552,530.87,392,-1.6427,-0.003683,3.370679,1.214927,0.010863,0.0957,495.1,332.8,-1.4872,1126,0,300,0
442,151552,354.35,195,-1.6605,-0.003683,3.370679,1.214927,0.010863,0.0957,495.12,333.0,-1.4816,703,0,100,0
443,151552,434.19,301,-1.6244,-0.003683,3.370679,1.214927,0.010863,0.0957,495.76,333.4,-1.475,1799,1,300,0
444,151552,462.12,300,-1.7015,-0.003683,3.370679,1.214927,0.010863,0.0957,496.83,334.4,-1.4763,1125,0,800,0
445,151552,455.82,258,-1.929,-0.003683,3.370679,1.214927,0.010863,0.0957,496.55,333.8,-1.4773,1140,2,500,0
446,151552,368.87,309,-2.0084,-0.003683,3.370679,1.214927,0.010863,0.0957,494.51,332.3,-1.48,1517,0,300,0
447,151552,467.32,299,-1.9245,-0.003683,3.370679,1.214927,0.010863,0.0957,492.59,331.2,-1.4843,825,0,500,0
448,153600,270.91,158,-1.8099,-0.002111,2.365666,1.176984,0.005515,0.073,491.73,330.3,-1.4884,708,2,500,0
449,153600,592.23,437,-1.9339,-0.002111,2.365666,1.176984,0.005515,0.073,492.69,331.4,-1.4942,1126,0,400,0
450,153600,398.14,249,-1.7999,-0.002111,2.365666,1.176984,0.005515,0.073,491.22,330.1,-1.4986,898,0,100,0
451,153600,486.35,257,-1.6092,-0.002111,2.365666,1.176984,0.005515,0.073,492.46,330.8,-1.5015,1428,1,400,0
452,153600,449.45,283,-1.4902,-0.002111,2.365666,1.176984,0.005515,0.073,491.66,328.6,-1.5026,1127,2,600,0
453,153600,619.24,347,-1.4634,-0.002111,2.365666,1.176984,0.005515,0.073,489.89,327.5,-1.5041,1435,0,600,0
454,153600,437.48,272,-1.4046,-0.002111,2.365666,1.176984,0.005515,0.073,490.71,328.5,-1.5053,706,1,400,0
455,155648,398.92,207,-1.5706,-0.003031,3.742145,1.10539,0.011369,0.1079,489.85,327.0,-1.5075,1512,0,200,0
456,155648,790.4,484,-1.4551,-0.003031,3.742145,1.10539,0.011369,0.1079,493.84,329.2,-1.5097,2473,0,1900,0
457,155648,444.18,245,-1.9484,-0.003031,3.742145,1.10539,0.011369,0.1079,494.47,328.5,-1.5168,722,0,100,0
458,155648,592.08,320,-2.1971,-0.003031,3.742145,1.10539,0.011369,0.1079,494.71,327.2,-1.5265,1415,0,200,0
459,155648,559.71,319,-2.1897,-0.003031,3.742145,1.10539,0.011369,0.1079,495.78,327.1,-1.5367,1648,0,200,0
460,155648,551.82,435,-2.1781,-0.003031,3.742145,1.10539,0.011369,0.1079,496.75,328.8,-1.5477,1792,1,700,0
461,155648,381.74,331,-2.191,-0.003031,3.742145,1.10539,0.011369,0.1079,494.37,327.8,-1.5579,900,0,300,0
462,157696,355.6,258,-1.798,0.004465,1.922351,1.084973,0.014702,0.0957,493.82,326.1,-1.5626,1127,0,200,0
463,157696,510.62,369,-1.7132,0.004465,1.922351,1.084973,0.014702,0.0957,494.2,325.5,-1.5656,1519,1,600,0
464,157696,739.6,450,-1.5669,0.004465,1.922351,1.084973,0.014702,0.0957,495.88,325.5,-1.5666,1130,0,300,0
465,157696,695.59,365,-1.2195,0.004465,1.922351,1.084973,0.014702,0.0957,496.31,325.2,-1.5639,1438,1,500,0
466,157696,351.83,193,-1.1818,0.004465,1.922351,1.084973,0.014702,0.0957,496.23,325.1,-1.5613,1128,0,0,0
467,157696,515.81,342,-1.2472,0.004465,1.922351,1.084973,0.014702,0.0957,496.91,326.0,-1.562,1951,0,200,0
468,159744,364.54,220,-1.3083,-0.001545,2.713216,1.150789,0.007124,0.0635,495.58,325.3,-1.5652,1136,0,0,0
469,159744,561.42,312,-1.5589,-0.001545,2.713216,1.150789,0.007124,0.0635,495.53,322.7,-1.5683,1793,2,900,0
470,159744,696.98,454,-1.5073,-0.001545,2.713216,1.150789,0.007124,0.0635,498.52,323.1,-1.5717,1145,1,600,0
471,159744,398.55,277,-1.8713,-0.001545,2.713216,1.150789,0.007124,0.0635,497.71,322.8,-1.5829,898,1,200,0
472,159744,364.05,205,-1.8574,-0.001545,2.713216,1.150789,0.007124,0.0635,498.45,322.6,-1.5923,1125,0,200,0
473,161792,715.1,572,-1.7621,0.000284,2.241886,1.174731,0.007222,0.0835,498.65,324.3,-1.6014,2471,0,1300,0
474,161792,348.03,183,-1.6597,0.000284,2.241886,1.174731,0.007222,0.0835,496.9,322.6,-1.6081,1423,0,200,0
475,161792,483.63,250,-1.6801,0.000284,2.241886,1.174731,0.007222,0.0835,495.71,321.0,-1.6135,2010,1,800,0
476,161792,658.8,399,-1.7121,0.000284,2.241886,1.174731,0.007222,0.0835,497.71,322.4,-1.6187,1665,0,200,0
477,161792,351.5,192,-1.2805,0.000284,2.241886,1.174731,0.007222,0.0835,497.74,322.6,-1.6195,698,0,100,0
478,161792,530.67,312,-1.3429,0.000284,2.241886,1.174731,0.007222,0.0835,497.86,321.4,-1.6207,1518,0,400,0
479,161792,500.32,282,-1.2897,0.000284,2.241886,1.174731,0.007222,0.0835,500.2,322.6,-1.6214,1425,1,400,0
480,161792,475.1,325,-1.3341,0.000284,2.241886,1.174731,0.007222,0.0835,500.81,323.0,-1.6204,1426,0,100,0
481,163840,261.54,148,-1.3552,-0.003779,3.159939,1.150073,0.005129,0.0952,498.32,320.4,-1.6188,694,1,300,0
482,163840,629.87,396,-1.4308,-0.003779,3.159939,1.150073,0.005129,0.0952,497.92,320.2,-1.6186,1657,1,800,0
483,163840,516.26,381,-1.6836,-0.003779,3.159939,1.150073,0.005129,0.0952,500.57,322.8,-1.6201,870,2,600,0
484,163840,703.87,396,-1.6691,-0.003779,3.159939,1.150073,0.005129,0.0952,502.1,322.8,-1.6208,1436,0,400,0
485,163840,460.82,298,-1.8237,-0.003779,3.159939,1.150073,0.005129,0.0952,502.32,323.0,-1.6224,1126,0,200,0
486,163840,432.26,318,-1.8466,-0.003779,3.159939,1.150073,0.005129,0.0952,502.95,324.2,-1.6252,899,1,400,0
487,165888,488.07,347,-1.7476,-0.003294,2.163096,1.187585,0.007267,0.0659,503.69,324.9,-1.6267,853,0,400,0
488,165888,723.44,453,-1.6746,-0.003294,2.163096,1.187585,0.007267,0.0659,507.42,327.4,-1.628,1506,2,1000,0
489,165888,686.35,461,-1.6744,-0.003294,2.163096,1.187585,0.007267,0.0659,507.93,328.2,-1.6291,1521,1,800,0
490,165888,738.25,571,-1.5766,-0.003294,2.163096,1.187585,0.007267,0.0659,510.81,331.1,-1.6291,1513,0,500,0
491,165888,419.49,269,-1.4523,-0.003294,2.163096,1.187585,0.007267,0.0659,509.56,329.9,-1.6279,1408,0,0,0
492,167936,662.47,435,-1.4563,-0.002355,2.487005,1.145496,0.011159,0.0889,512.35,332.1,-1.627,1132,1,500,0
493,167936,655.26,430,-1.5535,-0.002355,2.487005,1.145496,0.011159,0.0889,513.96,333.1,-1.6266,1796,3,1200,0
494,167936,576.88,407,-1.6596,-0.002355,2.487005,1.145496,0.011159,0.0889,515.03,334.4,-1.6268,1127,2,700,0
495,167936,626.57,416,-1.6294,-0.002355,2.487005,1.145496,0.011159,0.0889,515.04,334.1,-1.6262,1525,1,800,0
496,167936,478.23,277,-1.6651,-0.002355,2.487005,1.145496,0.011159,0.0889,512.69,331.6,-1.6254,1424,0,200,0
497,167936,677.16,429,-1.6412,-0.002355,2.487005,1.145496,0.011159,0.0889,513.87,331.9,-1.6242,1797,0,200,0
498,169984,439.89,230,-1.6023,-0.000445,2.524445,1.142246,0.005632,0.0676,513.4,330.8,-1.6224,799,0,200,0
499,169984,488.58,313,-1.6374,-0.000445,2.524445,1.142246,0.005632,0.0676,511.25,329.9,-1.622,1122,1,500,0
500,169984,488.61,287,-1.5757,-0.000445,2.524445,1.142246,0.005632,0.0676,511.92,330.8,-1.6226,1126,0,300,0
501,169984,258.22,153,-1.5197,-0.000445,2.524445,1.142246,0.005632,0.0676,508.44,328.1,-1.6219,691,0,0,0
502,169984,437.38,261,-1.5475,-0.000445,2.524445,1.142246,0.005632,0.0676,507.58,326.5,-1.6214,1128,1,300,0
503,169984,535.1,425,-1.6593,-0.000445,2.524445,1.142246,0.005632,0.0676,506.45,326.0,-1.6226,1515,0,300,0
504,172032,343.53,204,-1.5405,-0.006554,2.248297,1.13923,0.009688,0.0903,505.28,324.9,-1.6229,703,1,300,0
505,172032,342.23,249,-1.6101,-0.006554,2.248297,1.13923,0.009688,0.0903,501.15,321.8,-1.6239,1410,1,200,0
506,172032,623.48,424,-1.5978,-0.006554,2.248297,1.13923,0.009688,0.0903,500.89,321.9,-1.6249,1660,0,200,0
507,172032,524.9,291,-1.5453,-0.006554,2.248297,1.13923,0.009688,0.0903,501.63,322.2,-1.6256,2009,0,500,0
508,172032,442.64,261,-1.5799,-0.006554,2.248297,1.13923,0.009688,0.0903,502.42,322.2,-1.6265,1780,0,700,0
509,172032,393.49,256,-1.6093,-0.006554,2.248297,1.13923,0.009688,0.0903,499.74,320.1,-1.6275,1521,0,200,0
510,172032,471.7,301,-1.5935,-0.006554,2.248297,1.13923,0.009688,0.0903,501.48,321.2,-1.6288,1800,0,100,0
511,174080,552.38,277,-1.5991,-0.003835,3.267499,1.201577,0.004346,0.1108,501.11,319.0,-1.6296,1242,0,300,0
512,174080,420.93,244,-1.6701,-0.003835,3.267499,1.201577,0.004346,0.1108,502.7,320.0,-1.6328,1512,0,200,0
513,174080,721.27,447,-1.6817,-0.003835,3.267499,1.201577,0.004346,0.1108,506.37,321.9,-1.6364,1418,1,500,0
514,174080,473.02,283,-1.9282,-0.003835,3.267499,1.201577,0.004346,0.1108,506.13,320.9,-1.6412,1795,2,900,0
515,174080,645.0,442,-1.8719,-0.003835,3.267499,1.201577,0.004346,0.1108,506.89,321.5,-1.6456,1418,1,500,0
516,174080,482.62,339,-1.9414,-0.003835,3.267499,1.201577,0.004346,0.1108,506.53,321.6,-1.6516,1127,1,500,0
517,174080,496.03,395,-1.9621,-0.003835,3.267499,1.201577,0.004346,0.1108,506.29,321.8,-1.6577,898,0,400,0
518,176128,440.21,277,-1.6632,-0.003922,2.088352,1.150389,0.008487,0.1155,502.58,319.5,-1.6606,1146,3,1000,0
519,176128,542.46,323,-1.5188,-0.003922,2.088352,1.150389,0.008487,0.1155,501.49,317.8,-1.6616,1144,0,100,0
520,176128,382.68,258,-1.3354,-0.003922,2.088352,1.150389,0.008487,0.1155,499.72,317.4,-1.6616,1518,1,300,0
521,176128,607.46,432,-1.4723,-0.003922,2.088352,1.150389,0.008487,0.1155,499.56,318.0,-1.6627,1519,0,700,0
522,176128,411.98,315,-1.2828,-0.003922,2.088352,1.150389,0.008487,0.1155,498.22,317.5,-1.6609,1672,2,1300,0
523,176128,445.57,238,-1.2187,-0.003922,2.088352,1.150389,0.008487,0.1155,500.08,318.3,-1.6561,1805,2,1000,0
524,178176,353.66,262,-1.3189,-0.00119,2.710082,1.210873,0.007364,0.0815,498.9,318.1,-1.6537,723,0,100,0
525,178176,529.39,437,-1.3795,-0.00119,2.710082,1.210873,0.007364,0.0815,500.23,319.7,-1.6501,898,0,400,0
526,178176,445.21,243,-1.4894,-0.00119,2.710082,1.210873,0.007364,0.0815,500.02,319.4,-1.6479,697,1,300,0
527,178176,585.22,372,-1.4971,-0.00119,2.710082,1.210873,0.007364,0.0815,501.19,319.7,-1.6457,1128,0,200,0
528,178176,339.04,173,-1.5773,-0.00119,2.710082,1.210873,0.007364,0.0815,501.13,319.7,-1.6447,698,0,200,0
529,178176,435.44,329,-1.739,-0.00119,2.710082,1.210873,0.007364,0.0815,500.33,319.8,-1.6456,1802,1,500,0
530,180224,519.57,270,-1.6054,-0.003742,2.151988,1.175251,0.006941,0.0522,500.24,319.3,-1.6423,1520,0,200,0
531,180224,464.98,276,-1.5853,-0.003742,2.151988,1.175251,0.006941,0.0522,500.09,318.4,-1.6381,1128,0,500,0
532,180224,665.32,426,-1.5954,-0.003742,2.151988,1.175251,0.006941,0.0522,498.33,318.1,-1.6342,1788,0,200,0
533,180224,505.72,256,-1.4951,-0.003742,2.151988,1.175251,0.006941,0.0522,499.64,318.5,-1.6295,1428,0,200,0
534,180224,531.11,318,-1.4907,-0.003742,2.151988,1.175251,0.006941,0.0522,501.48,319.9,-1.6247,1130,0,200,0
535,180224,594.91,364,-1.5097,-0.003742,2.151988,1.175251,0.006941,0.0522,502.17,318.5,-1.6192,1510,0,300,0
536,180224,175.24,94,-1.4227,-0.003742,2.151988,1.175251,0.006941,0.0522,500.18,317.2,-1.6166,311,0,0,0
537,182272,494.06,413,-1.5138,-0.00183,1.879195,1.204471,0.003341,0.0632,500.55,318.9,-1.6159,886,1,500,0
538,182272,297.79,207,-1.4113,-0.00183,1.879195,1.204471,0.003341,0.0632,497.84,317.5,-1.6148,845,0,100,0
539,182272,560.58,571,-1.5384,-0.00183,1.879195,1.204471,0.003341,0.0632,499.52,321.2,-1.616,1134,1,700,0
540,182272,454.0,286,-1.3114,-0.00183,1.879195,1.204471,0.003341,0.0632,497.63,320.1,-1.6141,1139,2,700,0
541,182272,609.96,420,-1.32,-0.00183,1.879195,1.204471,0.003341,0.0632,498.42,320.4,-1.6108,1795,0,600,0
542,184320,487.02,265,-1.251,-0.002147,1.766375,1.276671,0.002296,0.0669,499.75,321.1,-1.6067,2015,1,800,0
543,184320,702.66,506,-1.3165,-0.002147,1.766375,1.276671,0.002296,0.0669,502.44,323.1,-1.6037,1413,1,800,0
544,184320,596.54,498,-1.3472,-0.002147,1.766375,1.276671,0.002296,0.0669,503.78,325.1,-1.6001,1126,2,800,0
545,184320,351.7,262,-1.3406,-0.002147,1.766375,1.276671,0.002296,0.0669,502.74,325.2,-1.5942,722,1,300,0
546,184320,307.4,339,-1.4104,-0.002147,1.766375,1.276671,0.002296,0.0669,502.12,325.5,-1.5883,899,0,200,0
547,186368,448.59,293,-1.3571,-0.004333,1.530308,1.284706,0.017356,0.0874,501.94,325.4,-1.5826,1124,0,500,0
548,186368,694.4,548,-1.3763,-0.004333,1.530308,1.284706,0.017356,0.0874,506.17,329.3,-1.5783,1525,0,700,0
549,186368,618.77,443,-1.3285,-0.004333,1.530308,1.284706,0.017356,0.0874,506.44,329.4,-1.5722,1129,1,800,0
550,186368,673.52,456,-1.3138,-0.004333,1.530308,1.284706,0.017356,0.0874,509.19,331.4,-1.5673,1426,1,400,0
551,186368,508.53,344,-1.3244,-0.004333,1.530308,1.284706,0.017356,0.0874,509.41,332.3,-1.5645,1788,2,800,0
552,186368,405.21,321,-1.3309,-0.004333,1.530308,1.284706,0.017356,0.0874,508.97,332.7,-1.5629,1513,0,400,0
553,188416,575.71,436,-1.3679,-0.004148,1.879085,1.216737,0.008458,0.1086,508.53,333.6,-1.5619,1129,0,500,0
554,188416,604.08,400,-1.3213,-0.004148,1.879085,1.216737,0.008458,0.1086,510.2,334.9,-1.5611,1521,1,600,0
555,188416,428.5,246,-1.26,-0.004148,1.879085,1.216737,0.008458,0.1086,510.5,335.2,-1.558,698,1,400,0
556,188416,410.39,487,-1.2257,-0.004148,1.879085,1.216737,0.008458,0.1086,506.7,335.3,-1.5557,1788,0,100,0
557,188416,608.98,657,-1.3988,-0.004148,1.879085,1.216737,0.008458,0.1086,508.34,339.4,-1.5502,1149,0,800,0
558,190464,473.88,269,-1.2607,-0.004573,1.220737,1.261771,0.007283,0.073,507.16,338.9,-1.5408,857,1,400,0
559,190464,624.7,521,-1.2082,-0.004573,1.220737,1.261771,0.007283,0.073,507.81,340.9,-1.531,1127,1,700,0
560,190464,523.27,415,-1.0621,-0.004573,1.220737,1.261771,0.007283,0.073,507.53,340.7,-1.5199,1434,0,500,0
561,190464,551.42,335,-0.8367,-0.004573,1.220737,1.261771,0.007283,0.073,509.22,340.8,-1.5063,1127,0,300,0
562,190464,423.2,418,-0.9943,-0.004573,1.220737,1.261771,0.007283,0.073,509.9,342.4,-1.4983,1657,2,1000,0
563,192512,451.94,283,-0.8927,-0.005691,1.535769,1.2046,0.007049,0.0823,509.31,341.5,-1.4901,823,0,200,0
564,192512,534.36,410,-0.9468,-0.005691,1.535769,1.2046,0.007049,0.0823,507.26,341.1,-1.4839,1125,0,600,0
565,192512,262.18,139,-0.9674,-0.005691,1.535769,1.2046,0.007049,0.0823,502.93,338.8,-1.4814,703,2,500,0
566,192512,675.2,382,-1.0019,-0.005691,1.535769,1.2046,0.007049,0.0823,506.16,340.7,-1.4796,1800,2,1000,0
567,192512,696.15,443,-0.9861,-0.005691,1.535769,1.2046,0.007049,0.0823,507.96,341.7,-1.477,1413,2,700,0
568,192512,560.48,363,-1.0638,-0.005691,1.535769,1.2046,0.007049,0.0823,509.92,343.2,-1.4745,1798,1,600,0
569,194560,564.65,321,-1.1152,-0.002587,2.307151,1.179138,0.010375,0.0872,509.96,343.2,-1.4701,1787,0,500,0
570,194560,295.95,239,-1.4441,-0.002587,2.307151,1.179138,0.010375,0.0872,505.94,341.1,-1.4694,852,1,400,0
571,194560,576.06,431,-1.3459,-0.002587,2.307151,1.179138,0.010375,0.0872,507.72,342.6,-1.4642,1127,0,800,0
572,194560,717.1,591,-1.4476,-0.002587,2.307151,1.179138,0.010375,0.0872,511.25,346.5,-1.4601,1523,0,500,0
573,194560,388.07,362,-1.6888,-0.002587,2.307151,1.179138,0.010375,0.0872,507.98,344.4,-1.4594,829,0,200,0
574,194560,432.32,273,-1.5728,-0.002587,2.307151,1.179138,0.010375,0.0872,508.82,345.3,-1.4585,722,1,300,0
575,196608,443.25,280,-1.2301,-0.005192,1.449864,1.186182,0.013766,0.1418,508.42,345.6,-1.454,1793,2,500,0
576,196608,559.95,469,-1.3907,-0.005192,1.449864,1.186182,0.013766,0.1418,507.43,346.3,-1.4508,1125,0,200,0
577,196608,472.03,307,-1.1019,-0.005192,1.449864,1.186182,0.013766,0.1418,508.64,347.4,-1.449,1430,1,500,0
578,196608,619.71,448,-1.0756,-0.005192,1.449864,1.186182,0.013766,0.1418,509.53,348.8,-1.4463,1519,1,500,0
579,196608,454.84,259,-0.7901,-0.005192,1.449864,1.186182,0.013766,0.1418,509.07,348.6,-1.4413,1674,2,800,0
580,196608,447.12,268,-0.7782,-0.005192,1.449864,1.186182,0.013766,0.1418,508.79,348.0,-1.4358,1124,1,300,0
581,198656,539.55,366,-1.1276,-0.004563,2.319293,1.184245,0.008622,0.0923,511.57,350.2,-1.4335,1149,0,500,0
582,198656,930.53,614,-1.0706,-0.004563,2.319293,1.184245,0.008622,0.0923,514.58,352.4,-1.4299,1979,1,1000,0
583,198656,504.3,298,-1.285,-0.004563,2.319293,1.184245,0.008622,0.0923,514.46,351.5,-1.4259,1518,0,0,0
584,198656,713.33,499,-1.3457,-0.004563,2.319293,1.184245,0.008622,0.0923,514.55,352.6,-1.4227,1800,1,600,0
585,200704,371.72,262,-1.4634,-0.005839,1.954257,1.327021,0.008172,0.1082,513.66,352.2,-1.4191,1507,1,400,0
586,200704,569.71,424,-1.4246,-0.005839,1.954257,1.327021,0.008172,0.1082,515.04,353.3,-1.4148,1129,1,800,0
587,200704,593.51,518,-1.4302,-0.005839,1.954257,1.327021,0.008172,0.1082,516.09,355.0,-1.4117,1127,0,200,0
588,200704,673.75,424,-1.2831,-0.005839,1.954257,1.327021,0.008172,0.1082,515.59,354.7,-1.4077,1127,0,200,0
589,200704,482.58,397,-1.2715,-0.005839,1.954257,1.327021,0.008172,0.1082,513.56,354.1,-1.4037,846,1,500,0
590,200704,498.78,381,-1.2647,-0.005839,1.954257,1.327021,0.008172,0.1082,511.16,352.1,-1.4006,1519,1,200,0
591,202752,390.79,256,-1.2637,0.00052,1.536214,1.200594,0.001965,0.0498,510.87,352.0,-1.3987,842,2,500,0
592,202752,387.85,342,-1.3001,0.00052,1.536214,1.200594,0.001965,0.0498,508.13,351.1,-1.3972,898,0,200,0
593,202752,332.56,160,-1.0878,0.00052,1.536214,1.200594,0.001965,0.0498,504.9,348.4,-1.3925,680,0,0,0
594,202752,450.59,278,-1.202,0.00052,1.536214,1.200594,0.001965,0.0498,503.64,347.1,-1.3879,828,0,100,0
595,202752,398.32,306,-1.2038,0.00052,1.536214,1.200594,0.001965,0.0498,501.36,346.0,-1.3837,1664,0,200,0
596,202752,468.79,337,-1.1703,0.00052,1.536214,1.200594,0.001965,0.0498,501.26,346.6,-1.3787,810,0,0,0
597,202752,430.07,258,-1.1569,0.00052,1.536214,1.200594,0.001965,0.0498,498.79,344.9,-1.3739,1801,1,500,0
598,202752,445.62,367,-1.2357,0.00052,1.536214,1.200594,0.001965,0.0498,498.85,346.3,-1.3702,1127,0,500,0
599,204800,468.96,292,-1.1599,-0.003116,1.555528,1.15857,0.004788,0.0801,498.65,346.1,-1.3654,1415,0,400,0
600,204800,438.01,317,-1.2084,-0.003116,1.555528,1.15857,0.004788,0.0801,498.15,346.4,-1.3618,1124,0,300,0
601,204800,595.08,348,-1.1752,-0.003116,1.555528,1.15857,0.004788,0.0801,501.51,348.3,-1.3583,1234,0,300,0
602,204800,615.19,494,-1.2267,-0.003116,1.555528,1.15857,0.004788,0.0801,503.29,350.6,-1.3551,1434,0,200,0
603,206848,585.73,424,-1.2293,-0.002156,1.255023,1.174676,0.003757,0.0815,503.8,350.6,-1.3508,1782,0,500,0
604,206848,407.01,477,-1.2179,-0.002156,1.255023,1.174676,0.003757,0.0815,504.43,353.4,-1.3476,898,1,400,0
605,206848,447.58,253,-1.0112,-0.002156,1.255023,1.174676,0.003757,0.0815,505.49,353.4,-1.3416,1142,0,300,0
606,206848,438.42,555,-1.1976,-0.002156,1.255023,1.174676,0.003757,0.0815,503.64,354.7,-1.3376,1229,0,300,0
607,206848,502.63,350,-1.0157,-0.002156,1.255023,1.174676,0.003757,0.0815,503.41,355.3,-1.3323,1513,1,800,0
608,208896,555.46,464,-1.0329,-0.001888,1.139834,1.214882,0.005748,0.0562,504.54,357.3,-1.3268,1124,1,500,0
609,208896,478.33,448,-1.0246,-0.001888,1.139834,1.214882,0.005748,0.0562,505.39,359.2,-1.321,1522,1,400,0
610,208896,779.65,642,-0.9939,-0.001888,1.139834,1.214882,0.005748,0.0562,508.47,362.6,-1.315,1796,2,1000,0
611,208896,715.06,557,-0.9516,-0.001888,1.139834,1.214882,0.005748,0.0562,510.1,365.4,-1.3085,1526,0,600,0
612,210944,596.96,417,-0.9349,-0.004271,1.43954,1.14067,0.008297,0.1252,511.86,367.2,-1.3012,1804,1,500,0
613,210944,618.13,372,-0.8773,-0.004271,1.43954,1.14067,0.008297,0.1252,510.83,366.4,-1.2931,1795,2,1400,0
614,210944,170.4,87,-0.9338,-0.004271,1.43954,1.14067,0.008297,0.1252,507.8,364.5,-1.2832,314,0,0,0
615,210944,585.46,353,-0.9946,-0.004271,1.43954,1.14067,0.008297,0.1252,507.2,363.6,-1.2744,1242,0,300,0
616,210944,463.35,230,-0.9611,-0.004271,1.43954,1.14067,0.008297,0.1252,507.01,362.5,-1.2646,1236,0,0,0
617,210944,516.94,632,-1.1281,-0.004271,1.43954,1.14067,0.008297,0.1252,507.22,364.9,-1.2563,1233,0,100,0
618,210944,329.57,177,-0.9375,-0.004271,1.43954,1.14067,0.008297,0.1252,506.11,363.9,-1.249,675,0,100,0
619,212992,338.1,229,-1.179,-0.002148,1.881617,1.001039,0.00038,0.0725,504.07,362.9,-1.2456,686,0,0,0
620,212992,715.98,516,-1.1165,-0.002148,1.881617,1.001039,0.00038,0.0725,507.4,365.5,-1.2434,1412,1,500,0
621,212992,562.29,422,-1.2162,-0.002148,1.881617,1.001039,0.00038,0.0725,506.95,365.4,-1.2408,1515,0,600,0
622,212992,506.7,400,-1.2512,-0.002148,1.881617,1.001039,0.00038,0.0725,507.9,366.2,-1.2405,1802,0,400,0
623,212992,288.27,225,-1.3248,-0.002148,1.881617,1.001039,0.00038,0.0725,506.33,366.1,-1.2416,833,0,100,0
624,215040,574.57,401,-1.2086,-0.003599,1.272215,1.186328,0.008382,0.0791,508.54,367.5,-1.2405,1507,1,600,0
625,215040,520.59,285,-1.1531,-0.003599,1.272215,1.186328,0.008382,0.0791,508.45,366.0,-1.2382,1791,1,700,0
626,215040,290.42,199,-1.0714,-0.003599,1.272215,1.186328,0.008382,0.0791,506.9,365.6,-1.234,852,0,100,0
627,215040,490.66,576,-1.2475,-0.003599,1.272215,1.186328,0.008382,0.0791,505.95,367.6,-1.2315,1429,0,300,0
628,215040,437.48,234,-0.856,-0.003599,1.272215,1.186328,0.008382,0.0791,506.94,368.2,-1.2243,1150,0,100,0
629,215040,465.92,300,-0.9299,-0.003599,1.272215,1.186328,0.008382,0.0791,507.24,367.9,-1.2162,1792,1,500,0
630,215040,574.97,310,-0.8655,-0.003599,1.272215,1.186328,0.008382,0.0791,507.8,368.3,-1.2088,1800,1,500,0
631,217088,442.84,305,-0.9755,-0.003728,1.928074,1.129632,0.007464,0.0767,507.58,368.6,-1.2027,1154,0,200,0
632,217088,600.02,372,-1.0578,-0.003728,1.928074,1.129632,0.007464,0.0767,506.92,368.1,-1.1974,1796,1,600,0
633,217088,619.9,414,-1.1882,-0.003728,1.928074,1.129632,0.007464,0.0767,508.06,369.6,-1.1943,1518,0,700,0
634,217088,362.51,355,-1.2081,-0.003728,1.928074,1.129632,0.007464,0.0767,506.38,370.0,-1.1915,817,0,100,0
635,217088,536.43,442,-1.3332,-0.003728,1.928074,1.129632,0.007464,0.0767,505.79,370.8,-1.1897,1126,0,400,0
636,219136,651.75,379,-1.1511,-0.000975,1.358473,1.216198,0.003534,0.0762,510.56,373.6,-1.187,1432,1,600,0
637,219136,344.11,176,-0.7633,-0.000975,1.358473,1.216198,0.003534,0.0762,509.06,371.3,-1.1795,722,0,0,0
638,219136,462.5,433,-1.1167,-0.000975,1.358473,1.216198,0.003534,0.0762,510.71,373.5,-1.1765,898,0,200,0
639,219136,611.86,486,-1.0848,-0.000975,1.358473,1.216198,0.003534,0.0762,511.22,372.7,-1.172,1433,0,500,0
640,219136,486.0,262,-0.7744,-0.000975,1.358473,1.216198,0.003534,0.0762,511.54,372.4,-1.1666,1779,1,400,0
641,219136,518.1,423,-0.881,-0.000975,1.358473,1.216198,0.003534,0.0762,510.62,372.5,-1.1622,1122,0,200,0
642,219136,359.95,331,-0.9204,-0.000975,1.358473,1.216198,0.003534,0.0762,509.35,373.1,-1.1589,1520,0,100,0
643,221184,565.59,339,-0.9005,-0.003879,1.655562,1.142447,0.004223,0.0813,507.98,371.5,-1.1548,1795,2,900,0
644,221184,608.2,298,-1.0396,-0.003879,1.655562,1.142447,0.004223,0.0813,508.1,369.5,-1.1517,2023,0,0,0
645,221184,599.77,366,-1.1189,-0.003879,1.655562,1.142447,0.004223,0.0813,510.58,370.5,-1.1495,1229,0,100,0
646,221184,621.2,553,-1.1682,-0.003879,1.655562,1.142447,0.004223,0.0813,513.71,372.6,-1.1471,1143,0,500,0
647,223232,617.22,443,-1.2239,-0.005249,1.655957,1.072361,0.012725,0.1042,515.4,374.1,-1.1457,1430,0,600,0
648,223232,525.06,349,-1.2095,-0.005249,1.655957,1.072361,0.012725,0.1042,513.71,372.1,-1.1441,1433,0,500,0
649,223232,613.25,381,-1.1787,-0.005249,1.655957,1.072361,0.012725,0.1042,513.65,371.5,-1.1426,1805,1,700,0
650,223232,259.61,133,-1.1636,-0.005249,1.655957,1.072361,0.012725,0.1042,509.51,368.3,-1.1411,691,0,0,0
651,223232,451.01,255,-1.2157,-0.005249,1.655957,1.072361,0.012725,0.1042,508.94,367.4,-1.14,1141,0,100,0
652,223232,544.17,365,-1.1861,-0.005249,1.655957,1.072361,0.012725,0.1042,510.33,367.9,-1.1385,1800,1,900,0
653,225280,520.39,523,-1.2924,-0.000624,1.985391,1.065685,0.005064,0.0781,509.77,368.7,-1.1378,898,0,300,0
654,225280,344.53,212,-1.298,-0.000624,1.985391,1.065685,0.005064,0.0781,507.18,366.8,-1.1375,1431,0,100,0
655,225280,373.11,314,-1.2518,-0.000624,1.985391,1.065685,0.005064,0.0781,506.62,367.5,-1.1375,838,0,100,0
656,225280,345.82,206,-1.2388,-0.000624,1.985391,1.065685,0.005064,0.0781,505.98,364.7,-1.1376,682,0,0,0
657,225280,498.36,466,-1.3262,-0.000624,1.985391,1.065685,0.005064,0.0781,504.87,362.8,-1.1369,898,0,200,0
658,225280,565.41,420,-1.3188,-0.000624,1.985391,1.065685,0.005064,0.0781,505.79,364.3,-1.1374,1241,0,0,0
659,225280,383.31,286,-1.3641,-0.000624,1.985391,1.065685,0.005064,0.0781,503.37,362.0,-1.139,1428,0,100,0
660,225280,346.09,190,-1.2059,-0.000624,1.985391,1.065685,0.005064,0.0781,501.6,359.7,-1.1404,722,0,0,0
661,225280,256.15,122,-1.1936,-0.000624,1.985391,1.065685,0.005064,0.0781,498.65,357.6,-1.144,686,0,0,0
662,227328,250.47,122,-1.1761,-0.002737,1.613006,0.929666,0.006479,0.085,496.92,354.6,-1.1458,672,0,100,0
663,227328,311.39,201,-1.243,-0.002737,1.613006,0.929666,0.006479,0.085,495.52,353.8,-1.1493,898,0,100,0
664,227328,415.81,235,-1.2067,-0.002737,1.613006,0.929666,0.006479,0.085,494.33,352.1,-1.1519,675,0,0,0
665,227328,402.22,347,-1.2976,-0.002737,1.613006,0.929666,0.006479,0.085,495.73,354.1,-1.1552,1651,0,300,0
666,227328,436.73,284,-1.2513,-0.002737,1.613006,0.929666,0.006479,0.085,493.35,353.1,-1.1577,1124,1,400,0
667,227328,381.82,239,-1.2323,-0.002737,1.613006,0.929666,0.006479,0.085,490.2,351.1,-1.1602,839,0,200,0
668,227328,434.42,290,-1.2754,-0.002737,1.613006,0.929666,0.006479,0.085,488.94,350.4,-1.1623,1126,0,300,0
669,227328,252.74,121,-1.1241,-0.002737,1.613006,0.929666,0.006479,0.085,485.82,348.4,-1.1624,674,0,0,0
670,229376,253.35,128,-1.1163,-0.001877,1.847577,0.843392,0.00383,0.0757,485.4,347.3,-1.1591,681,0,100,0
671,229376,172.07,90,-1.1635,-0.001877,1.847577,0.843392,0.00383,0.0757,481.36,343.9,-1.1573,314,0,0,0
672,229376,568.63,418,-1.356,-0.001877,1.847577,0.843392,0.00383,0.0757,479.87,342.1,-1.1564,1660,0,500,0
673,229376,550.64,397,-1.2943,-0.001877,1.847577,0.843392,0.00383,0.0757,481.5,342.5,-1.1524,1801,0,200,0
674,229376,420.08,569,-1.4579,-0.001877,1.847577,0.843392,0.00383,0.0757,481.38,345.4,-1.1513,723,0,0,0
675,229376,303.29,242,-1.3874,-0.001877,1.847577,0.843392,0.00383,0.0757,479.98,345.1,-1.1529,900,0,100,0
676,231424,639.1,427,-1.319,-0.005869,1.226462,1.127345,0.013835,0.1211,480.77,344.6,-1.1521,1790,2,800,0
677,231424,383.0,263,-1.1972,-0.005869,1.226462,1.127345,0.013835,0.1211,479.88,344.2,-1.1531,1515,0,500,0
678,231424,461.94,301,-0.9296,-0.005869,1.226462,1.127345,0.013835,0.1211,478.3,342.7,-1.1516,1790,1,800,0
679,231424,431.55,217,-0.532,-0.005869,1.226462,1.127345,0.013835,0.1211,478.07,342.3,-1.149,724,0,0,0
680,231424,526.75,340,-0.7919,-0.005869,1.226462,1.127345,0.013835,0.1211,478.86,343.0,-1.1492,1508,0,300,0
681,231424,494.56,379,-0.7756,-0.005869,1.226462,1.127345,0.013835,0.1211,478.41,343.2,-1.1457,1149,0,400,0
682,231424,583.07,265,-0.5287,-0.005869,1.226462,1.127345,0.013835,0.1211,474.94,339.7,-1.1402,1794,0,200,0
683,231424,446.7,266,-0.6529,-0.005869,1.226462,1.127345,0.013835,0.1211,474.36,339.4,-1.1339,1122,0,300,0
684,233472,605.08,393,-1.0411,-0.00251,2.27721,0.989318,0.009674,0.0874,473.28,338.3,-1.1309,1235,0,500,0
685,233472,427.85,216,-1.3341,-0.00251,2.27721,0.989318,0.009674,0.0874,473.84,337.8,-1.1296,1779,0,100,0
686,233472,442.73,282,-1.3591,-0.00251,2.27721,0.989318,0.009674,0.0874,472.57,336.4,-1.1289,820,0,100,0
687,233472,448.29,375,-1.2283,-0.00251,2.27721,0.989318,0.009674,0.0874,471.12,335.0,-1.1269,861,0,100,0
688,235520,579.44,329,-1.3582,-0.004808,1.994636,0.981173,0.005064,0.0728,470.18,334.0,-1.1277,1435,0,300,0
689,235520,696.88,416,-1.4103,-0.004808,1.994636,0.981173,0.005064,0.0728,472.32,334.2,-1.1291,1412,0,700,0
690,235520,567.81,347,-1.4117,-0.004808,1.994636,0.981173,0.005064,0.0728,473.01,333.9,-1.1305,1122,0,400,0
691,235520,680.21,415,-1.4057,-0.004808,1.994636,0.981173,0.005064,0.0728,475.9,335.5,-1.1319,1795,0,400,0
692,235520,365.76,270,-1.4402,-0.004808,1.994636,0.981173,0.005064,0.0728,475.68,334.8,-1.1333,1507,0,100,0
693,235520,430.49,327,-1.4387,-0.004808,1.994636,0.981173,0.005064,0.0728,476.66,336.4,-1.1369,1125,0,400,0
694,235520,417.3,289,-1.4134,-0.004808,1.994636,0.981173,0.005064,0.0728,476.33,336.5,-1.139,1658,1,500,0
695,237568,619.28,548,-1.3774,-0.004935,1.445646,1.062172,0.003395,0.0547,478.54,338.9,-1.1407,1149,0,400,0
696,237568,499.72,355,-1.1522,-0.004935,1.445646,1.062172,0.003395,0.0547,478.85,339.1,-1.1405,1787,1,800,0
697,237568,510.63,376,-1.1907,-0.004935,1.445646,1.062172,0.003395,0.0547,479.65,340.3,-1.1409,1131,0,200,0
698,237568,591.25,291,-1.0287,-0.004935,1.445646,1.062172,0.003395,0.0547,481.11,339.6,-1.1388,1519,0,200,0
699,237568,593.8,720,-1.3296,-0.004935,1.445646,1.062172,0.003395,0.0547,482.36,343.8,-1.1405,1126,0,500,0
700,239616,432.56,282,-0.9943,-0.001336,1.14161,1.189321,0.006201,0.0867,482.3,343.5,-1.1383,1798,0,200,0
701,239616,548.31,336,-0.7594,-0.001336,1.14161,1.189321,0.006201,0.0867,481.84,343.4,-1.1342,1795,2,1000,0
702,239616,708.85,410,-0.8305,-0.001336,1.14161,1.189321,0.006201,0.0867,482.77,342.5,-1.1302,1512,0,600,0
703,239616,728.19,556,-0.9472,-0.001336,1.14161,1.189321,0.006201,0.0867,484.2,343.8,-1.1274,1521,1,600,0
704,239616,448.14,316,-0.8273,-0.001336,1.14161,1.189321,0.006201,0.0867,484.61,342.2,-1.1235,1145,0,200,0
705,241664,407.04,231,-0.9713,-0.002184,1.872994,1.0595,0.002517,0.0718,484.2,342.0,-1.1231,1661,1,800,0
706,241664,497.39,305,-1.0095,-0.002184,1.872994,1.0595,0.002517,0.0718,484.79,339.5,-1.1212,1786,1,400,0
707,241664,442.81,265,-1.0659,-0.002184,1.872994,1.0595,0.002517,0.0718,484.2,338.7,-1.1217,795,0,0,0
708,241664,434.04,374,-1.196,-0.002184,1.872994,1.0595,0.002517,0.0718,482.98,337.8,-1.1234,1784,0,200,0
709,241664,447.75,253,-1.3313,-0.002184,1.872994,1.0595,0.002517,0.0718,482.68,335.8,-1.1264,1783,2,700,0
710,241664,463.04,343,-1.3949,-0.002184,1.872994,1.0595,0.002517,0.0718,479.51,332.8,-1.1304,1795,0,400,0
711,243712,806.69,476,-1.4134,-0.003647,2.741707,1.007532,0.007405,0.0842,480.43,332.0,-1.135,1789,0,200,0
712,243712,660.28,399,-1.4617,-0.003647,2.741707,1.007532,0.007405,0.0842,481.06,331.8,-1.1403,1791,0,300,0
713,243712,479.42,277,-1.4791,-0.003647,2.741707,1.007532,0.007405,0.0842,479.67,330.9,-1.1463,1792,1,300,0
714,243712,336.85,190,-1.6261,-0.003647,2.741707,1.007532,0.007405,0.0842,481.34,331.9,-1.1533,678,0,0,0
715,243712,646.34,421,-1.6509,-0.003647,2.741707,1.007532,0.007405,0.0842,481.95,332.6,-1.1598,1520,0,200,0
716,243712,523.4,374,-1.6818,-0.003647,2.741707,1.007532,0.007405,0.0842,482.55,334.0,-1.167,1127,0,400,0
717,243712,668.07,371,-1.6359,-0.003647,2.741707,1.007532,0.007405,0.0842,484.06,331.4,-1.1721,1800,1,500,0
718,245760,419.23,200,-1.4696,-0.002824,2.255503,0.909499,0.007139,0.0764,484.95,331.6,-1.1774,695,0,100,0
719,245760,507.71,421,-1.607,-0.002824,2.255503,0.909499,0.007139,0.0764,486.65,333.6,-1.1817,900,0,300,0
720,245760,472.1,402,-1.617,-0.002824,2.255503,0.909499,0.007139,0.0764,484.21,332.4,-1.1867,835,0,100,0
721,245760,644.51,354,-1.499,-0.002824,2.255503,0.909499,0.007139,0.0764,485.03,331.8,-1.1895,1786,0,400,0
722,245760,427.98,245,-1.4626,-0.002824,2.255503,0.909499,0.007139,0.0764,484.25,330.2,-1.1917,1519,0,100,0
723,245760,421.09,259,-1.5139,-0.002824,2.255503,0.909499,0.007139,0.0764,485.57,330.5,-1.1935,722,0,100,0
724,247808,451.02,248,-1.4743,-0.003572,1.696239,0.976221,0.004745,0.0823,484.34,329.0,-1.1962,1140,0,100,0
725,247808,425.61,221,-1.1962,-0.003572,1.696239,0.976221,0.004745,0.0823,483.39,328.4,-1.1966,722,0,0,0
726,247808,531.87,309,-1.2495,-0.003572,1.696239,0.976221,0.004745,0.0823,485.8,329.5,-1.1984,1509,2,500,0
727,247808,587.75,313,-1.1011,-0.003572,1.696239,0.976221,0.004745,0.0823,486.77,326.8,-1.1969,1437,0,200,0
728,247808,639.35,560,-1.362,-0.003572,1.696239,0.976221,0.004745,0.0823,488.79,330.1,-1.202,1226,0,700,0
729,247808,471.4,271,-1.14,-0.003572,1.696239,0.976221,0.004745,0.0823,488.85,329.8,-1.2041,898,0,200,0
730,247808,415.34,253,-1.1264,-0.003572,1.696239,0.976221,0.004745,0.0823,487.25,329.2,-1.2067,689,0,0,0
731,249856,443.66,265,-1.1484,-0.002832,1.889978,0.791449,0.007689,0.0894,487.26,328.8,-1.2084,810,0,400,0
732,249856,342.07,311,-1.2592,-0.002832,1.889978,0.791449,0.007689,0.0894,484.68,328.2,-1.2105,1414,0,300,0
733,249856,586.61,297,-1.1458,-0.002832,1.889978,0.791449,0.007689,0.0894,484.35,327.1,-1.21,1409,0,100,0
734,249856,436.5,222,-1.2193,-0.002832,1.889978,0.791449,0.007689,0.0894,485.09,325.7,-1.2102,1796,0,100,0
735,249856,843.13,483,-1.1887,-0.002832,1.889978,0.791449,0.007689,0.0894,488.15,326.1,-1.2087,1796,0,400,0
736,249856,376.51,221,-1.2466,-0.002832,1.889978,0.791449,0.007689,0.0894,485.4,324.6,-1.2097,1519,0,200,0
737,251904,368.21,194,-1.3475,-0.006062,2.071788,1.013307,0.009972,0.116,485.64,324.7,-1.2155,1513,0,0,0
738,251904,537.34,461,-1.4175,-0.006062,2.071788,1.013307,0.009972,0.116,486.39,325.0,-1.2185,1793,0,300,0
739,251904,833.43,670,-1.3843,-0.006062,2.071788,1.013307,0.009972,0.116,488.61,326.9,-1.2215,1797,2,900,0
740,251904,558.45,383,-1.4181,-0.006062,2.071788,1.013307,0.009972,0.116,489.33,328.1,-1.2279,1125,0,300,0
741,251904,394.72,208,-1.4129,-0.006062,2.071788,1.013307,0.009972,0.116,488.1,325.9,-1.2333,1520,1,300,0
742,251904,252.86,125,-1.3089,-0.006062,2.071788,1.013307,0.009972,0.116,487.03,323.9,-1.2371,677,0,0,0
743,253952,380.42,234,-1.2748,-0.001673,1.602987,1.046484,0.001319,0.0476,485.18,322.8,-1.2409,898,0,200,0
744,253952,438.44,346,-1.3713,-0.001673,1.602987,1.046484,0.001319,0.0476,483.48,323.3,-1.2442,1667,0,400,0
745,253952,465.24,387,-1.3101,-0.001673,1.602987,1.046484,0.001319,0.0476,482.13,323.5,-1.2461,898,0,100,0
746,253952,597.88,607,-1.3058,-0.001673,1.602987,1.046484,0.001319,0.0476,481.9,324.0,-1.2475,1412,0,300,0
747,253952,524.85,350,-1.1577,-0.001673,1.602987,1.046484,0.001319,0.0476,480.98,323.1,-1.2468,1655,1,600,0
748,256000,752.45,405,-1.0454,-0.007643,1.408488,1.101426,0.008151,0.127,483.25,323.7,-1.2452,2471,0,400,0
749,256000,841.11,509,-1.0431,-0.007643,1.408488,1.101426,0.008151,0.127,485.53,324.9,-1.2438,2026,0,500,0
750,256000,712.86,380,-0.9032,-0.007643,1.408488,1.101426,0.008151,0.127,490.06,327.4,-1.2412,1791,1,700,0
751,256000,455.6,381,-1.0494,-0.007643,1.408488,1.101426,0.008151,0.127,490.11,328.7,-1.2396,853,0,100,0
752,256000,548.6,551,-1.0908,-0.007643,1.408488,1.101426,0.008151,0.127,490.15,330.5,-1.2386,1129,0,600,0
753,258048,674.32,385,-0.8813,-0.005414,1.404333,0.978943,0.011639,0.1172,491.69,329.2,-1.2345,1797,1,600,0
754,258048,459.88,306,-1.0062,-0.005414,1.404333,0.978943,0.011639,0.1172,492.84,330.1,-1.2316,1669,2,800,0
755,258048,484.53,292,-1.0231,-0.005414,1.404333,0.978943,0.011639,0.1172,493.96,329.9,-1.2293,1511,0,300,0
756,258048,413.34,194,-0.8751,-0.005414,1.404333,0.978943,0.011639,0.1172,494.63,329.8,-1.2257,682,0,100,0
757,258048,425.52,220,-0.8888,-0.005414,1.404333,0.978943,0.011639,0.1172,493.9,327.3,-1.2213,694,0,0,0
758,258048,423.75,300,-1.1285,-0.005414,1.404333,0.978943,0.011639,0.1172,492.49,326.1,-1.2194,1786,0,400,0
759,258048,430.45,217,-0.8989,-0.005414,1.404333,0.978943,0.011639,0.1172,492.96,325.4,-1.2147,697,0,100,0
760,258048,605.93,332,-0.9876,-0.005414,1.404333,0.978943,0.011639,0.1172,495.56,326.8,-1.2126,1512,0,300,0
761,260096,692.39,379,-1.2192,-0.009032,2.244296,0.853414,0.014609,0.126,499.92,329.4,-1.2128,1792,1,700,0
762,260096,384.27,267,-1.4093,-0.009032,2.244296,0.853414,0.014609,0.126,501.26,330.9,-1.2151,1519,1,200,0
763,260096,634.77,493,-1.4209,-0.009032,2.244296,0.853414,0.014609,0.126,504.49,333.8,-1.2169,1667,1,900,0
764,260096,582.31,448,-1.4222,-0.009032,2.244296,0.853414,0.014609,0.126,506.16,335.9,-1.2191,1794,1,800,0
765,260096,421.38,234,-1.4711,-0.009032,2.244296,0.853414,0.014609,0.126,506.35,334.8,-1.2208,1673,0,100,0
766,262144,437.14,233,-1.3583,-0.008426,2.101174,1.032005,0.009222,0.1038,506.35,334.3,-1.2219,722,0,0,0
767,262144,435.52,247,-1.441,-0.008426,2.101174,1.032005,0.009222,0.1038,506.89,334.3,-1.224,1792,0,400,0
768,262144,578.48,404,-1.4812,-0.008426,2.101174,1.032005,0.009222,0.1038,508.33,335.5,-1.226,1789,3,1100,0
769,262144,395.09,260,-1.4847,-0.008426,2.101174,1.032005,0.009222,0.1038,509.75,336.9,-1.2296,1509,0,100,0
770,262144,516.31,246,-1.4296,-0.008426,2.101174,1.032005,0.009222,0.1038,512.38,338.1,-1.2328,1796,0,300,0
771,262144,561.17,312,-1.4704,-0.008426,2.101174,1.032005,0.009222,0.1038,516.27,340.3,-1.2358,1143,0,400,0
772,262144,604.01,323,-1.4577,-0.008426,2.101174,1.032005,0.009222,0.1038,516.63,339.3,-1.2368,2020,0,900,0
773,262144,562.91,336,-1.4807,-0.008426,2.101174,1.032005,0.009222,0.1038,516.75,338.7,-1.2387,1127,0,400,0
774,264192,661.44,383,-1.6667,-0.002427,3.161375,0.880981,0.007917,0.0913,519.16,336.9,-1.2408,1797,0,500,0
775,264192,596.04,404,-1.8316,-0.002427,3.161375,0.880981,0.007917,0.0913,522.09,338.5,-1.2452,2471,0,1600,0
776,264192,512.4,291,-1.9452,-0.002427,3.161375,0.880981,0.007917,0.0913,520.83,337.1,-1.2515,1784,1,500,0
777,264192,541.74,373,-1.892,-0.002427,3.161375,0.880981,0.007917,0.0913,522.41,338.2,-1.2585,899,0,400,0
778,266240,606.47,394,-1.8178,-0.003465,1.931184,1.002694,0.007432,0.0938,523.86,339.1,-1.2673,1785,0,500,0
779,266240,584.39,394,-1.6943,-0.003465,1.931184,1.002694,0.007432,0.0938,525.39,340.9,-1.279,1507,0,200,0
780,266240,634.88,365,-1.5556,-0.003465,1.931184,1.002694,0.007432,0.0938,526.47,341.2,-1.2866,1527,0,300,0
781,266240,798.14,533,-1.5573,-0.003465,1.931184,1.002694,0.007432,0.0938,529.5,342.7,-1.2944,1797,1,900,0
782,266240,624.08,329,-1.138,-0.003465,1.931184,1.002694,0.007432,0.0938,529.91,343.3,-1.3005,1960,1,400,0
783,266240,389.41,256,-1.1884,-0.003465,1.931184,1.002694,0.007432,0.0938,529.34,343.2,-1.3059,1522,0,300,0
784,268288,660.91,349,-1.1866,-0.00033,3.224874,0.839869,0.001614,0.0894,529.9,342.8,-1.3073,1673,1,400,0
785,268288,657.71,364,-1.4764,-0.00033,3.224874,0.839869,0.001614,0.0894,532.2,344.3,-1.3087,1957,0,200,0
786,268288,554.43,398,-1.6907,-0.00033,3.224874,0.839869,0.001614,0.0894,533.31,345.4,-1.3121,1149,0,300,0
787,268288,607.84,372,-1.7182,-0.00033,3.224874,0.839869,0.001614,0.0894,534.91,345.4,-1.317,1797,0,300,0
788,268288,525.52,275,-1.8725,-0.00033,3.224874,0.839869,0.001614,0.0894,534.37,344.9,-1.3221,1145,0,100,0
789,268288,531.01,294,-1.892,-0.00033,3.224874,0.839869,0.001614,0.0894,532.71,343.6,-1.3269,1126,0,300,0
790,270336,537.61,283,-1.802,-0.004779,2.450806,0.951434,0.012397,0.0847,532.41,343.0,-1.3308,1785,0,200,0
791,270336,430.05,297,-1.9084,-0.004779,2.450806,0.951434,0.012397,0.0847,529.91,341.8,-1.3358,1799,0,500,0
792,270336,462.61,333,-1.7424,-0.004779,2.450806,0.951434,0.012397,0.0847,530.88,342.5,-1.3389,1800,1,400,0
793,270336,367.93,191,-1.3524,-0.004779,2.450806,0.951434,0.012397,0.0847,530.25,341.1,-1.338,1522,0,100,0
794,270336,529.77,343,-1.4411,-0.004779,2.450806,0.951434,0.012397,0.0847,531.38,341.6,-1.3383,1125,0,100,0
795,270336,486.9,294,-1.3291,-0.004779,2.450806,0.951434,0.012397,0.0847,530.05,339.1,-1.3378,853,0,100,0
796,272384,639.98,372,-1.3773,-0.003914,2.035805,0.915462,0.006497,0.0935,531.45,339.3,-1.34,1516,0,500,0
797,272384,609.77,413,-1.3692,-0.003914,2.035805,0.915462,0.006497,0.0935,532.45,339.6,-1.3418,1128,0,200,0
798,272384,496.86,330,-1.4178,-0.003914,2.035805,0.915462,0.006497,0.0935,531.5,340.0,-1.3457,1515,0,400,0
799,272384,997.86,826,-1.4771,-0.003914,2.035805,0.915462,0.006497,0.0935,535.54,341.1,-1.3472,3154,1,16550,1
800,272384,453.73,277,-1.4119,-0.003914,2.035805,0.915462,0.006497,0.0935,535.75,341.0,-1.3514,844,0,100,0
801,272384,424.6,204,-1.3124,-0.003914,2.035805,0.915462,0.006497,0.0935,534.52,339.7,-1.3569,701,0,0,0
802,272384,511.01,282,-1.4308,-0.003914,2.035805,0.915462,0.006497,0.0935,532.54,338.4,-1.3629,1792,1,600,0
803,274432,431.48,280,-1.4324,-0.005958,1.959357,0.971838,0.014332,0.1116,529.57,335.7,-1.3678,1791,0,200,0
804,274432,642.42,387,-1.431,-0.005958,1.959357,0.971838,0.014332,0.1116,531.51,336.4,-1.3738,1226,0,300,0
805,274432,573.6,407,-1.4742,-0.005958,1.959357,0.971838,0.014332,0.1116,533.18,338.1,-1.3788,1233,0,500,0
806,274432,704.24,418,-1.4432,-0.005958,1.959357,0.971838,0.014332,0.1116,535.25,339.3,-1.3832,1524,0,300,0
807,274432,371.1,261,-1.4368,-0.005958,1.959357,0.971838,0.014332,0.1116,534.53,339.2,-1.3869,1517,0,200,0
808,274432,588.14,269,-1.3801,-0.005958,1.959357,0.971838,0.014332,0.1116,536.07,338.2,-1.3887,1797,2,800,0
809,276480,420.17,220,-1.3455,-0.004757,2.037899,0.96668,0.000554,0.0859,535.8,337.9,-1.3889,693,0,0,0
810,276480,435.81,303,-1.455,-0.004757,2.037899,0.96668,0.000554,0.0859,535.52,337.5,-1.3895,1796,0,300,0
811,276480,387.44,217,-1.3264,-0.004757,2.037899,0.96668,0.000554,0.0859,531.33,334.9,-1.3886,898,0,100,0
812,276480,385.87,225,-1.355,-0.004757,2.037899,0.96668,0.000554,0.0859,528.59,333.1,-1.3875,1509,0,200,0
813,276480,633.38,302,-1.3302,-0.004757,2.037899,0.96668,0.000554,0.0859,530.13,333.4,-1.386,1230,0,200,0
814,276480,438.07,252,-1.3551,-0.004757,2.037899,0.96668,0.000554,0.0859,531.14,334.0,-1.3833,1792,1,400,0
815,276480,454.22,225,-1.3234,-0.004757,2.037899,0.96668,0.000554,0.0859,529.22,332.0,-1.38,1786,0,200,0
816,276480,437.24,240,-1.3374,-0.004757,2.037899,0.96668,0.000554,0.0859,528.36,330.7,-1.3766,1791,1,600,0
817,278528,467.03,286,-1.4842,-0.005543,2.804701,0.867187,0.010885,0.0972,526.35,329.9,-1.3751,846,0,100,0
818,278528,699.93,424,-1.4888,-0.005543,2.804701,0.867187,0.010885,0.0972,529.15,332.1,-1.3753,1511,0,700,0
819,278528,512.74,274,-1.7514,-0.005543,2.804701,0.867187,0.010885,0.0972,529.2,330.6,-1.3767,1124,0,100,0
820,278528,759.46,422,-1.755,-0.005543,2.804701,0.867187,0.010885,0.0972,532.08,330.8,-1.3781,1792,1,700,0
821,278528,761.56,433,-1.7515,-0.005543,2.804701,0.867187,0.010885,0.0972,533.25,331.6,-1.3806,1674,1,800,0
822,278528,541.77,325,-1.7992,-0.005543,2.804701,0.867187,0.010885,0.0972,534.39,332.4,-1.384,1225,0,200,0
823,280576,410.44,190,-1.8145,-0.007573,3.131025,0.760442,0.016525,0.1094,534.28,331.7,-1.387,679,0,0,0
824,280576,429.63,238,-1.8163,-0.007573,3.131025,0.760442,0.016525,0.1094,534.07,331.6,-1.3904,700,0,0,0
825,280576,611.61,375,-1.8702,-0.007573,3.131025,0.760442,0.016525,0.1094,535.93,333.2,-1.3972,1517,0,200,0
826,280576,484.49,343,-1.8659,-0.007573,3.131025,0.760442,0.016525,0.1094,535.45,333.5,-1.4033,1517,0,100,0
827,280576,413.7,193,-1.8906,-0.007573,3.131025,0.760442,0.016525,0.1094,533.71,332.3,-1.4112,681,0,0,0
828,280576,461.61,275,-1.9801,-0.007573,3.131025,0.760442,0.016525,0.1094,531.93,329.4,-1.4174,856,0,100,0
829,280576,451.28,252,-1.9136,-0.007573,3.131025,0.760442,0.016525,0.1094,531.73,329.3,-1.4251,1784,0,300,0
830,282624,551.74,380,-1.7368,0.001055,2.139362,0.851518,0.009724,0.0811,533.1,330.5,-1.4312,1789,0,200,0
831,282624,391.02,209,-1.6019,0.001055,2.139362,0.851518,0.009724,0.0811,532.57,330.0,-1.4358,1675,1,400,0
832,282624,484.46,301,-1.6473,0.001055,2.139362,0.851518,0.009724,0.0811,533.99,329.9,-1.4397,1523,0,200,0
833,282624,376.86,192,-1.0519,0.001055,2.139362,0.851518,0.009724,0.0811,531.9,328.8,-1.4387,1528,1,400,0
834,282624,458.26,308,-1.093,0.001055,2.139362,0.851518,0.009724,0.0811,532.11,329.7,-1.4374,827,0,100,0
835,282624,411.74,223,-0.8666,0.001055,2.139362,0.851518,0.009724,0.0811,527.8,327.1,-1.4342,683,0,0,0
836,282624,455.73,337,-1.0643,0.001055,2.139362,0.851518,0.009724,0.0811,528.59,328.2,-1.4324,862,0,100,0
837,282624,506.02,227,-1.0325,0.001055,2.139362,0.851518,0.009724,0.0811,529.97,328.6,-1.4293,1794,1,500,0
838,282624,416.93,196,-0.8016,0.001055,2.139362,0.851518,0.009724,0.0811,528.77,325.9,-1.4231,679,0,0,0
839,284672,451.28,238,-1.0458,-0.004459,2.465248,0.848056,0.008389,0.0728,524.94,321.6,-1.4197,821,0,200,0
840,284672,424.74,258,-1.4391,-0.004459,2.465248,0.848056,0.008389,0.0728,523.61,320.4,-1.4199,1672,2,900,0
841,284672,563.49,319,-1.4784,-0.004459,2.465248,0.848056,0.008389,0.0728,525.3,321.5,-1.4206,1144,0,300,0
842,284672,391.14,354,-1.6168,-0.004459,2.465248,0.848056,0.008389,0.0728,526.68,323.8,-1.4237,1662,0,300,0
843,284672,714.64,416,-1.4875,-0.004459,2.465248,0.848056,0.008389,0.0728,530.02,325.6,-1.4258,1800,0,200,0
844,286720,419.86,198,-1.2681,0.000145,1.566225,0.963064,0.006488,0.0947,529.83,324.1,-1.4248,693,0,0,0
845,286720,372.12,180,-1.1615,0.000145,1.566225,0.963064,0.006488,0.0947,528.9,322.0,-1.4233,1516,0,0,0
846,286720,531.11,464,-1.3544,0.000145,1.566225,0.963064,0.006488,0.0947,528.24,320.6,-1.4238,1227,0,300,0
847,286720,425.52,207,-0.7588,0.000145,1.566225,0.963064,0.006488,0.0947,527.24,319.2,-1.4198,685,0,0,0
848,286720,458.3,255,-0.9412,0.000145,1.566225,0.963064,0.006488,0.0947,524.3,317.7,-1.4187,1790,0,400,0
849,286720,538.63,245,-0.8318,0.000145,1.566225,0.963064,0.006488,0.0947,521.28,315.0,-1.4166,1793,0,200,0
850,286720,413.08,199,-0.7397,0.000145,1.566225,0.963064,0.006488,0.0947,518.28,313.2,-1.415,677,0,0,0
851,286720,810.57,636,-1.1902,0.000145,1.566225,0.963064,0.006488,0.0947,521.83,315.8,-1.4164,1799,0,500,0
852,288768,453.63,254,-1.4295,-0.003698,2.82162,0.805376,0.011448,0.0837,520.88,312.8,-1.4198,898,0,200,0
853,288768,674.09,343,-1.3544,-0.003698,2.82162,0.805376,0.011448,0.0837,520.88,312.4,-1.4245,1791,1,600,0
854,288768,569.72,329,-1.4627,-0.003698,2.82162,0.805376,0.011448,0.0837,521.97,312.6,-1.4291,1128,0,200,0
855,288768,432.64,214,-1.6673,-0.003698,2.82162,0.805376,0.011448,0.0837,521.46,311.8,-1.4355,1791,0,200,0
856,288768,646.54,511,-1.5709,-0.003698,2.82162,0.805376,0.011448,0.0837,523.79,315.0,-1.4425,1526,0,300,0
857,288768,436.84,269,-1.735,-0.003698,2.82162,0.805376,0.011448,0.0837,523.9,315.5,-1.4509,1793,0,400,0
858,290816,489.25,327,-1.6862,-0.002853,1.896104,0.954151,0.007104,0.0964,524.56,315.8,-1.4565,1972,1,500,0
859,290816,438.88,230,-1.364,-0.002853,1.896104,0.954151,0.007104,0.0964,524.64,315.9,-1.4612,789,0,100,0
860,290816,454.05,243,-1.3205,-0.002853,1.896104,0.954151,0.007104,0.0964,523.12,315.0,-1.4645,1793,1,600,0
861,290816,507.98,369,-1.5451,-0.002853,1.896104,0.954151,0.007104,0.0964,521.28,314.9,-1.4677,1666,1,600,0
862,290816,599.02,345,-1.2291,-0.002853,1.896104,0.954151,0.007104,0.0964,523.42,315.7,-1.4659,1511,0,100,0
863,290816,483.97,297,-1.2393,-0.002853,1.896104,0.954151,0.007104,0.0964,521.92,313.7,-1.4641,1518,0,400,0
864,292864,454.56,311,-1.192,-0.001849,1.192585,1.080774,0.004244,0.0662,520.64,312.3,-1.4618,802,0,100,0
865,292864,443.05,531,-1.3716,-0.001849,1.192585,1.080774,0.004244,0.0662,520.86,315.3,-1.4608,851,0,100,0
866,292864,482.85,291,-0.8008,-0.001849,1.192585,1.080774,0.004244,0.0662,521.31,315.9,-1.4552,1787,0,500,0
867,292864,459.66,263,-0.7373,-0.001849,1.192585,1.080774,0.004244,0.0662,521.55,316.1,-1.4482,1426,0,100,0
868,292864,702.75,390,-0.7096,-0.001849,1.192585,1.080774,0.004244,0.0662,522.8,315.9,-1.4405,1798,1,700,0
869,294912,438.53,546,-0.8987,-0.006158,1.123829,1.060824,0.008899,0.1013,523.23,318.8,-1.4346,818,0,100,0
870,294912,451.33,346,-0.8714,-0.006158,1.123829,1.060824,0.008899,0.1013,522.58,319.8,-1.4291,899,0,100,0
871,294912,499.41,465,-0.9415,-0.006158,1.123829,1.060824,0.008899,0.1013,521.96,321.3,-1.4238,1423,0,400,0
872,294912,595.22,270,-0.7092,-0.006158,1.123829,1.060824,0.008899,0.1013,521.88,320.8,-1.4163,1524,0,100,0
873,294912,472.75,450,-0.9423,-0.006158,1.123829,1.060824,0.008899,0.1013,520.97,321.9,-1.4109,1433,0,400,0
874,294912,623.46,284,-0.7174,-0.006158,1.123829,1.060824,0.008899,0.1013,520.59,320.9,-1.4014,1786,2,600,0
875,294912,484.05,223,-0.7382,-0.006158,1.123829,1.060824,0.008899,0.1013,519.47,319.1,-1.3905,1526,1,300,0
876,296960,493.75,264,-0.8786,-0.004779,1.952582,0.888938,0.008354,0.1035,519.29,318.8,-1.3798,1508,0,0,0
877,296960,412.38,189,-1.054,-0.004779,1.952582,0.888938,0.008354,0.1035,517.99,317.0,-1.3714,683,0,0,0
878,296960,439.73,279,-1.1863,-0.004779,1.952582,0.888938,0.008354,0.1035,516.33,315.9,-1.3651,1786,0,0,0
879,296960,542.2,367,-1.1783,-0.004779,1.952582,0.888938,0.008354,0.1035,515.91,315.6,-1.3599,1788,0,200,0
880,296960,511.18,227,-1.2492,-0.004779,1.952582,0.888938,0.008354,0.1035,514.67,314.2,-1.3569,1126,0,100,0
881,296960,648.05,351,-1.2997,-0.004779,1.952582,0.888938,0.008354,0.1035,513.17,312.4,-1.3543,1670,0,200,0
882,299008,683.09,506,-1.3819,-0.007295,1.62754,0.95749,0.01159,0.1138,513.76,314.1,-1.3567,1800,0,500,0
883,299008,587.53,451,-1.3939,-0.007295,1.62754,0.95749,0.01159,0.1138,515.74,316.1,-1.3588,1798,0,500,0
884,299008,400.17,206,-1.1598,-0.007295,1.62754,0.95749,0.01159,0.1138,513.13,314.7,-1.3585,1674,0,100,0
885,299008,460.43,260,-1.1593,-0.007295,1.62754,0.95749,0.01159,0.1138,511.16,313.6,-1.3554,821,0,100,0
886,299008,443.39,238,-1.071,-0.007295,1.62754,0.95749,0.01159,0.1138,510.05,312.0,-1.3492,823,0,100,0
887,299008,460.05,252,-1.0912,-0.007295,1.62754,0.95749,0.01159,0.1138,508.57,310.8,-1.3429,824,0,200,0
888,299008,389.14,319,-1.1299,-0.007295,1.62754,0.95749,0.01159,0.1138,507.21,311.3,-1.3355,1662,1,600,0
889,301056,389.51,229,-0.8545,-0.040988,1.154265,0.932646,0.101642,0.228,505.79,310.6,-1.3251,1517,0,0,0
890,301056,418.19,199,-0.5969,-0.040988,1.154265,0.932646,0.101642,0.228,504.6,309.8,-1.313,723,0,0,0
891,301056,507.21,663,-0.9643,-0.040988,1.154265,0.932646,0.101642,0.228,505.37,313.4,-1.3036,1232,0,300,0
892,301056,470.82,327,-0.7748,-0.040988,1.154265,0.932646,0.101642,0.228,505.45,313.4,-1.2939,1517,0,300,0
893,301056,535.68,341,-0.6575,-0.040988,1.154265,0.932646,0.101642,0.228,507.13,314.9,-1.287,1794,1,500,0
894,303104,524.71,423,-0.7551,-0.007293,1.334062,0.938068,0.008578,0.0923,507.08,315.7,-1.2801,1229,0,400,0
895,303104,685.62,586,-0.8218,-0.007293,1.334062,0.938068,0.008578,0.0923,509.07,318.6,-1.275,1801,0,500,0
896,303104,537.06,329,-0.9528,-0.007293,1.334062,0.938068,0.008578,0.0923,508.04,318.2,-1.2708,1784,0,300,0
897,303104,827.35,533,-0.7732,-0.007293,1.334062,0.938068,0.008578,0.0923,510.21,319.4,-1.2648,2468,0,600,0
898,303104,425.03,255,-0.9926,-0.007293,1.334062,0.938068,0.008578,0.0923,509.49,318.6,-1.2606,1796,1,400,0
899,305152,427.58,237,-0.9332,-0.004935,1.667178,0.99793,0.009096,0.0706,503.79,312.7,-1.2551,722,0,0,0
900,305152,514.2,489,-1.1943,-0.004935,1.667178,0.99793,0.009096,0.0706,504.4,314.9,-1.253,898,0,400,0
901,305152,662.54,550,-1.2457,-0.004935,1.667178,0.99793,0.009096,0.0706,506.77,318.3,-1.2523,1791,1,800,0
902,305152,663.8,420,-1.2096,-0.004935,1.667178,0.99793,0.009096,0.0706,508.3,319.7,-1.2501,1801,0,500,0
903,305152,490.8,259,-1.1449,-0.004935,1.667178,0.99793,0.009096,0.0706,508.9,319.5,-1.2472,1800,1,600,0
904,307200,467.64,269,-1.0199,-0.002904,1.32528,1.113189,0.005266,0.0825,507.15,318.3,-1.2431,1795,1,600,0
905,307200,391.7,241,-0.9933,-0.002904,1.32528,1.113189,0.005266,0.0825,505.33,316.6,-1.2383,1518,0,200,0
906,307200,512.19,378,-1.0106,-0.002904,1.32528,1.113189,0.005266,0.0825,503.41,316.2,-1.234,1802,0,300,0
907,307200,1240.2,1088,-1.1833,-0.002904,1.32528,1.113189,0.005266,0.0825,512.1,324.5,-1.2314,3151,1,19400,1
908,307200,443.98,245,-0.8911,-0.002904,1.32528,1.113189,0.005266,0.0825,510.66,324.3,-1.2265,1801,0,100,0
909,309248,649.92,379,-0.9184,-0.006721,2.078958,1.068676,0.015761,0.1404,512.96,325.9,-1.2223,1234,0,300,0
910,309248,434.09,252,-0.9606,-0.006721,2.078958,1.068676,0.015761,0.1404,512.94,325.4,-1.2173,1786,0,100,0
911,309248,660.86,437,-1.2209,-0.006721,2.078958,1.068676,0.015761,0.1404,515.67,327.6,-1.2163,1800,0,500,0
912,309248,593.88,378,-1.2441,-0.006721,2.078958,1.068676,0.015761,0.1404,517.75,329.1,-1.2152,1498,0,400,0
913,309248,799.15,431,-1.2985,-0.006721,2.078958,1.068676,0.015761,0.1404,519.41,330.4,-1.2149,1796,1,900,0
914,311296,559.16,264,-1.2569,-0.003454,1.805348,0.909623,0.009684,0.0969,520.62,330.5,-1.2139,1791,1,500,0
915,311296,665.11,497,-1.3938,-0.003454,1.805348,0.909623,0.009684,0.0969,522.73,333.2,-1.2146,1790,2,1000,0
916,311296,608.07,314,-1.2937,-0.003454,1.805348,0.909623,0.009684,0.0969,524.44,333.9,-1.2141,1789,0,100,0
917,311296,423.31,217,-1.3392,-0.003454,1.805348,0.909623,0.009684,0.0969,524.0,333.3,-1.2127,1666,1,300,0
918,311296,449.1,241,-1.3613,-0.003454,1.805348,0.909623,0.009684,0.0969,521.49,331.4,-1.2114,1790,1,300,0
919,311296,781.22,428,-1.3698,-0.003454,1.805348,0.909623,0.009684,0.0969,524.18,333.0,-1.2076,1782,0,200,0
920,311296,477.21,272,-1.4011,-0.003454,1.805348,0.909623,0.009684,0.0969,521.36,331.5,-1.2041,1794,1,800,0
921,313344,665.37,342,-1.5161,-0.006045,2.790969,0.886906,0.011355,0.1001,520.39,330.6,-1.2017,1803,2,900,0
922,313344,867.43,475,-1.479,-0.006045,2.790969,0.886906,0.011355,0.1001,523.65,332.1,-1.1985,2470,0,300,0
923,313344,608.37,394,-1.5593,-0.006045,2.790969,0.886906,0.011355,0.1001,525.63,334.1,-1.1959,1666,0,500,0
924,313344,782.9,508,-1.5769,-0.006045,2.790969,0.886906,0.011355,0.1001,529.16,336.8,-1.1936,1797,0,300,0
925,313344,483.01,249,-1.6017,-0.006045,2.790969,0.886906,0.011355,0.1001,527.88,335.5,-1.1909,2017,0,400,0
926,313344,531.27,315,-1.6057,-0.006045,2.790969,0.886906,0.011355,0.1001,528.34,335.3,-1.1883,1667,0,200,0
927,315392,539.62,280,-1.5906,-0.00495,2.509417,0.920014,0.01606,0.0989,529.6,336.1,-1.1853,1796,0,500,0
928,315392,404.04,184,-1.4635,-0.00495,2.509417,0.920014,0.01606,0.0989,529.03,335.2,-1.1801,1517,0,100,0
929,315392,620.15,452,-1.6629,-0.00495,2.509417,0.920014,0.01606,0.0989,530.72,337.2,-1.1776,1408,0,600,0
930,315392,485.13,362,-1.5925,-0.00495,2.509417,0.920014,0.01606,0.0989,530.05,337.0,-1.1762,862,0,200,0
931,315392,610.54,373,-1.4962,-0.00495,2.509417,0.920014,0.01606,0.0989,532.25,338.7,-1.1751,2468,0,200,0
932,317440,611.23,375,-1.4349,0.000371,1.447508,1.030406,0.002149,0.0791,533.51,339.4,-1.173,2468,1,600,0
933,317440,411.77,188,-1.0369,0.000371,1.447508,1.030406,0.002149,0.0791,533.86,339.4,-1.1728,681,0,0,0
934,317440,433.53,443,-1.5119,0.000371,1.447508,1.030406,0.002149,0.0791,533.61,340.7,-1.177,838,0,100,0
935,317440,451.15,346,-1.2906,0.000371,1.447508,1.030406,0.002149,0.0791,534.01,342.0,-1.1813,898,0,100,0
936,317440,391.05,207,-0.9038,0.000371,1.447508,1.030406,0.002149,0.0791,533.36,340.7,-1.1796,1521,0,200,0
937,317440,476.64,276,-0.9022,0.000371,1.447508,1.030406,0.002149,0.0791,533.07,341.1,-1.1783,1511,1,600,0
938,317440,458.86,250,-0.7853,0.000371,1.447508,1.030406,0.002149,0.0791,533.49,341.7,-1.1782,900,0,100,0
939,317440,395.03,328,-1.0034,0.000371,1.447508,1.030406,0.002149,0.0791,532.93,342.6,-1.1778,1664,1,700,0
940,319488,367.91,227,-1.0281,-0.00558,1.643003,0.935776,0.011977,0.0918,532.36,342.3,-1.1736,1504,0,400,0
941,319488,458.07,278,-0.9545,-0.00558,1.643003,0.935776,0.011977,0.0918,531.3,341.9,-1.1684,844,0,100,0
942,319488,537.9,295,-0.9461,-0.00558,1.643003,0.935776,0.011977,0.0918,532.77,341.3,-1.1617,1790,0,200,0
943,319488,620.76,524,-1.1267,-0.00558,1.643003,0.935776,0.011977,0.0918,531.83,342.4,-1.1581,1520,0,300,0
944,319488,449.28,259,-1.0182,-0.00558,1.643003,0.935776,0.011977,0.0918,532.13,343.0,-1.1556,824,0,100,0
945,319488,443.11,366,-1.1806,-0.00558,1.643003,0.935776,0.011977,0.0918,532.84,344.8,-1.1558,1790,1,500,0
946,321536,598.48,403,-1.1026,-0.004011,1.313701,1.037365,0.008067,0.0857,533.51,344.2,-1.1533,1514,1,400,0
947,321536,622.2,409,-1.0096,-0.004011,1.313701,1.037365,0.008067,0.0857,535.48,346.2,-1.1558,1952,1,700,0
948,321536,655.16,397,-0.9258,-0.004011,1.313701,1.037365,0.008067,0.0857,537.44,347.7,-1.1556,1800,0,400,0
949,321536,519.7,468,-1.0728,-0.004011,1.313701,1.037365,0.008067,0.0857,537.26,349.9,-1.158,1979,1,700,0
950,323584,690.42,519,-0.9668,-0.006524,1.229675,1.060325,0.007493,0.0859,540.03,353.1,-1.1603,1793,0,500,0
951,323584,457.84,359,-0.9633,-0.006524,1.229675,1.060325,0.007493,0.0859,536.5,350.3,-1.158,899,0,200,0
952,323584,492.3,308,-0.9892,-0.006524,1.229675,1.060325,0.007493,0.0859,536.89,350.9,-1.1536,1957,0,500,0
953,323584,428.48,203,-0.9021,-0.006524,1.229675,1.060325,0.007493,0.0859,534.43,349.5,-1.1491,722,0,0,0
954,323584,704.47,450,-0.9873,-0.006524,1.229675,1.060325,0.007493,0.0859,535.78,350.7,-1.1444,1795,1,900,0
955,323584,428.18,207,-0.9614,-0.006524,1.229675,1.060325,0.007493,0.0859,535.73,350.6,-1.1373,1659,1,300,0
956,323584,513.9,348,-1.0117,-0.006524,1.229675,1.060325,0.007493,0.0859,534.41,349.0,-1.1317,1796,0,500,0
957,325632,409.65,187,-0.8877,-0.003963,2.172982,0.862318,0.00578,0.1135,534.14,348.1,-1.1232,679,0,0,0
958,325632,535.2,286,-1.0588,-0.003963,2.172982,0.862318,0.00578,0.1135,534.6,347.7,-1.117,1519,0,200,0
959,325632,671.66,363,-1.0409,-0.003963,2.172982,0.862318,0.00578,0.1135,536.92,349.1,-1.1137,1803,1,500,0
960,325632,498.45,251,-1.3302,-0.003963,2.172982,0.862318,0.00578,0.1135,537.37,349.1,-1.1138,1787,0,100,0
961,325632,636.34,408,-1.4295,-0.003963,2.172982,0.862318,0.00578,0.1135,538.65,349.5,-1.1127,1510,0,400,0
962,325632,662.19,397,-1.3773,-0.003963,2.172982,0.862318,0.00578,0.1135,539.28,350.1,-1.1141,1801,0,400,0
963,327680,438.2,214,-1.3875,-0.004026,2.070957,0.867155,0.007301,0.0806,538.83,349.2,-1.1156,798,0,100,0
964,327680,756.96,582,-1.3879,-0.004026,2.070957,0.867155,0.007301,0.0806,541.85,351.9,-1.1176,2472,2,1100,0
965,327680,379.74,212,-1.4156,-0.004026,2.070957,0.867155,0.007301,0.0806,541.22,348.8,-1.118,1517,0,0,0
966,327680,665.28,438,-1.4501,-0.004026,2.070957,0.867155,0.007301,0.0806,543.04,350.2,-1.1245,2477,0,500,0
967,327680,620.44,276,-1.439,-0.004026,2.070957,0.867155,0.007301,0.0806,544.65,350.4,-1.1315,1789,1,500,0
968,327680,542.73,303,-1.4876,-0.004026,2.070957,0.867155,0.007301,0.0806,543.05,349.5,-1.1393,1805,2,900,0
969,329728,848.97,485,-1.4992,-0.006471,2.698953,0.924163,0.017667,0.1096,547.15,348.9,-1.1453,2764,3,1200,0
970,329728,370.24,201,-1.6094,-0.006471,2.698953,0.924163,0.017667,0.1096,546.34,347.4,-1.1527,1518,0,100,0
971,329728,419.76,198,-1.6633,-0.006471,2.698953,0.924163,0.017667,0.1096,545.55,344.8,-1.1599,722,0,0,0
972,329728,541.17,364,-1.7182,-0.006471,2.698953,0.924163,0.017667,0.1096,545.0,345.7,-1.17,1798,0,300,0
973,329728,561.95,354,-1.7604,-0.006471,2.698953,0.924163,0.017667,0.1096,545.9,344.7,-1.1782,1796,1,700,0
974,329728,1127.37,837,-1.6213,-0.006471,2.698953,0.924163,0.017667,0.1096,550.94,350.3,-1.1872,3155,3,18550,1
975,331776,485.91,249,-1.5614,-0.002601,1.565863,0.996305,0.009848,0.1099,550.95,350.5,-1.1955,1519,0,0,0
976,331776,544.18,412,-1.59,-0.002601,1.565863,0.996305,0.009848,0.1099,551.46,352.0,-1.2026,1790,0,300,0
977,331776,483.83,293,-1.0926,-0.002601,1.565863,0.996305,0.009848,0.1099,552.17,353.0,-1.203,867,0,200,0
978,331776,649.94,410,-0.9951,-0.002601,1.565863,0.996305,0.009848,0.1099,554.28,354.4,-1.2011,1785,1,400,0
979,331776,706.95,372,-0.9531,-0.002601,1.565863,0.996305,0.009848,0.1099,555.92,354.4,-1.1988,1794,0,200,0
980,333824,661.31,294,-0.8886,-0.00275,2.114832,0.766852,0.010299,0.0972,557.42,355.1,-1.1952,1785,1,300,0
981,333824,815.71,511,-1.1149,-0.00275,2.114832,0.766852,0.010299,0.0972,559.1,356.7,-1.1933,2471,0,400,0
982,333824,646.84,410,-1.2209,-0.00275,2.114832,0.766852,0.010299,0.0972,558.74,355.7,-1.1917,1784,0,300,0
983,333824,693.55,430,-1.2916,-0.00275,2.114832,0.766852,0.010299,0.0972,559.8,355.5,-1.1907,1794,0,400,0
984,333824,568.8,339,-1.3425,-0.00275,2.114832,0.766852,0.010299,0.0972,561.48,356.8,-1.1925,1787,1,600,0
985,333824,651.25,348,-1.2843,-0.00275,2.114832,0.766852,0.010299,0.0972,563.39,357.7,-1.1938,1666,0,200,0
986,333824,422.72,195,-1.1581,-0.00275,2.114832,0.766852,0.010299,0.0972,563.19,357.3,-1.1947,694,0,0,0
987,335872,486.09,256,-1.3171,-0.008453,2.123441,0.818511,0.014068,0.1101,563.45,357.3,-1.1969,1519,0,400,0
988,335872,423.82,216,-1.3078,-0.008453,2.123441,0.818511,0.014068,0.1101,563.79,356.3,-1.1987,1797,0,100,0
989,335872,505.01,312,-1.4488,-0.008453,2.123441,0.818511,0.014068,0.1101,564.95,357.1,-1.2046,1517,0,400,0
990,335872,430.71,259,-1.4528,-0.008453,2.123441,0.818511,0.014068,0.1101,565.07,357.7,-1.2132,1792,0,500,0
991,335872,594.68,325,-1.4212,-0.008453,2.123441,0.818511,0.014068,0.1101,565.95,354.3,-1.2178,1781,0,100,0
992,335872,677.4,508,-1.4957,-0.008453,2.123441,0.818511,0.014068,0.1101,568.01,356.1,-1.225,2019,1,600,0
993,337920,579.95,336,-1.2773,-0.004139,1.654853,0.892966,0.007472,0.0901,568.46,356.1,-1.2312,1787,0,200,0
994,337920,432.12,283,-1.2246,-0.004139,1.654853,0.892966,0.007472,0.0901,567.53,354.7,-1.2359,805,0,100,0
995,337920,522.47,348,-1.2901,-0.004139,1.654853,0.892966,0.007472,0.0901,565.9,352.3,-1.2406,1793,0,300,0
996,337920,538.18,268,-0.9929,-0.004139,1.654853,0.892966,0.007472,0.0901,565.91,351.7,-1.241,1788,0,0,0
997,337920,479.96,266,-1.0429,-0.004139,1.654853,0.892966,0.007472,0.0901,562.44,349.0,-1.2437,819,0,300,0
998,337920,484.87,256,-1.0101,-0.004139,1.654853,0.892966,0.007472,0.0901,563.03,349.1,-1.2438,2023,0,800,0
999,339968,492.75,351,-1.1235,-0.006781,2.2406,0.795815,0.006266,0.093,563.69,350.2,-1.2457,898,0,200,0
1000,339968,626.93,323,-1.0978,-0.006781,2.2406,0.795815,0.006266,0.093,564.81,348.5,-1.2448,1795,0,500,0
1001,339968,371.19,192,-1.1564,-0.006781,2.2406,0.795815,0.006266,0.093,561.9,344.9,-1.2439,1526,0,200,0
1002,339968,410.93,184,-1.3447,-0.006781,2.2406,0.795815,0.006266,0.093,559.37,342.6,-1.2452,680,0,0,0
1003,339968,450.63,276,-1.4534,-0.006781,2.2406,0.795815,0.006266,0.093,558.97,342.8,-1.2483,843,0,100,0
1004,339968,541.52,287,-1.4101,-0.006781,2.2406,0.795815,0.006266,0.093,559.71,342.9,-1.2522,1226,0,0,0
1005,339968,409.23,188,-1.3369,-0.006781,2.2406,0.795815,0.006266,0.093,559.88,342.4,-1.2556,679,0,0,0
1006,339968,539.5,259,-1.4193,-0.006781,2.2406,0.795815,0.006266,0.093,560.16,341.2,-1.2597,1777,0,200,0
1007,342016,487.07,282,-1.2804,-0.001804,1.671157,0.761593,0.010484,0.0913,552.63,333.2,-1.2607,1521,0,200,0
1008,342016,583.21,340,-1.0977,-0.001804,1.671157,0.761593,0.010484,0.0913,554.02,334.1,-1.2628,1230,0,300,0
1009,342016,653.56,328,-0.9928,-0.001804,1.671157,0.761593,0.010484,0.0913,554.05,333.6,-1.2635,1780,1,200,0
1010,342016,432.9,209,-0.9544,-0.001804,1.671157,0.761593,0.010484,0.0913,554.04,333.2,-1.2635,723,0,0,0
1011,342016,565.51,1004,-1.412,-0.001804,1.671157,0.761593,0.010484,0.0913,553.09,338.8,-1.2654,2471,0,400,0
1012,344064,422.5,201,-0.9151,-0.005241,1.447295,0.818315,0.014341,0.0984,551.38,337.1,-1.2621,722,0,0,0
1013,344064,486.43,259,-0.9795,-0.005241,1.447295,0.818315,0.014341,0.0984,548.25,335.4,-1.2589,1516,0,200,0
1014,344064,736.27,406,-1.0093,-0.005241,1.447295,0.818315,0.014341,0.0984,550.02,336.8,-1.2564,1523,0,400,0
1015,344064,559.17,252,-0.8847,-0.005241,1.447295,0.818315,0.014341,0.0984,548.96,334.3,-1.2513,2024,1,400,0
1016,344064,424.33,273,-1.0404,-0.005241,1.447295,0.818315,0.014341,0.0984,547.12,333.9,-1.2488,1798,1,500,0
1017,344064,1110.38,678,-1.0291,-0.005241,1.447295,0.818315,0.014341,0.0984,553.99,338.5,-1.2457,3161,1,18150,1
1018,344064,474.18,259,-0.9617,-0.005241,1.447295,0.818315,0.014341,0.0984,554.24,338.7,-1.2417,1517,0,100,0
1019,346112,661.49,299,-0.9773,-0.006512,2.759813,0.795972,0.017964,0.0964,553.05,337.4,-1.2378,1788,0,100,0
1020,346112,509.43,239,-1.5362,-0.006512,2.759813,0.795972,0.017964,0.0964,553.37,337.1,-1.2391,1799,0,200,0
1021,346112,602.92,332,-1.4368,-0.006512,2.759813,0.795972,0.017964,0.0964,552.74,337.0,-1.2383,1526,0,200,0
1022,346112,490.67,330,-1.5544,-0.006512,2.759813,0.795972,0.017964,0.0964,548.98,335.5,-1.2391,898,0,300,0
1023,348160,655.96,329,-1.5758,-0.005995,1.615097,0.894434,0.015193,0.0986,549.45,334.9,-1.2392,1799,0,100,0
1024,348160,463.0,252,-1.4758,-0.005995,1.615097,0.894434,0.015193,0.0986,546.25,332.3,-1.2382,899,0,100,0
1025,348160,632.88,345,-1.4554,-0.005995,1.615097,0.894434,0.015193,0.0986,547.75,333.3,-1.2368,1674,0,400,0
1026,348160,431.31,209,-0.6372,-0.005995,1.615097,0.894434,0.015193,0.0986,546.75,332.2,-1.2271,722,0,0,0
1027,348160,456.12,247,-0.793,-0.005995,1.615097,0.894434,0.015193,0.0986,545.92,331.9,-1.2191,843,0,100,0
1028,348160,460.73,300,-0.9845,-0.005995,1.615097,0.894434,0.015193,0.0986,546.48,333.1,-1.2143,1791,1,800,0
1029,350208,497.57,353,-0.8496,-0.005245,0.998832,1.08315,0.013033,0.1003,545.26,332.1,-1.2062,1520,0,100,0
1030,350208,367.25,255,-0.754,-0.005245,0.998832,1.08315,0.013033,0.1003,544.08,331.0,-1.1978,1510,1,800,0
1031,350208,963.14,1252,-1.3597,-0.005245,0.998832,1.08315,0.013033,0.1003,547.61,339.8,-1.1964,3157,1,11450,1
1032,350208,668.56,356,-0.4333,-0.005245,0.998832,1.08315,0.013033,0.1003,548.18,339.6,-1.1864,1795,0,400,0
1033,350208,423.85,411,-0.7075,-0.005245,0.998832,1.08315,0.013033,0.1003,548.3,341.8,-1.1831,1782,0,300,0
1034,352256,701.05,818,-0.9558,-0.006673,1.193721,1.106105,0.012712,0.1189,550.97,345.6,-1.1776,2467,0,900,0
1035,352256,460.06,253,-0.541,-0.006673,1.193721,1.106105,0.012712,0.1189,551.06,344.6,-1.1701,899,0,100,0
1036,352256,679.93,551,-0.7674,-0.006673,1.193721,1.106105,0.012712,0.1189,553.95,348.1,-1.1687,2470,0,100,0
1037,352256,589.77,351,-0.7522,-0.006673,1.193721,1.106105,0.012712,0.1189,555.08,348.8,-1.1672,1793,1,600,0
1038,352256,657.16,375,-0.7093,-0.006673,1.193721,1.106105,0.012712,0.1189,557.07,350.1,-1.1664,2466,2,600,0
1039,354304,428.19,207,-0.4823,-0.003371,1.645258,0.916139,0.007378,0.1116,557.4,348.9,-1.1612,722,0,0,0
1040,354304,512.14,273,-0.808,-0.003371,1.645258,0.916139,0.007378,0.1116,558.84,349.3,-1.159,1668,1,400,0
1041,354304,543.44,342,-1.1114,-0.003371,1.645258,0.916139,0.007378,0.1116,559.69,350.0,-1.1606,1799,1,400,0
1042,354304,519.42,356,-1.1132,-0.003371,1.645258,0.916139,0.007378,0.1116,559.51,350.6,-1.1623,1126,0,100,0
1043,354304,473.81,266,-1.0386,-0.003371,1.645258,0.916139,0.007378,0.1116,558.04,348.0,-1.1614,898,0,100,0
1044,356352,388.69,187,-1.0161,-0.005464,0.926508,1.073613,0.00851,0.0908,557.43,347.3,-1.1614,1525,0,200,0
1045,356352,564.69,286,-0.6773,-0.005464,0.926508,1.073613,0.00851,0.0908,558.65,346.5,-1.1563,1795,0,100,0
1046,356352,542.93,382,-0.7221,-0.005464,0.926508,1.073613,0.00851,0.0908,558.09,346.3,-1.1525,1954,0,400,0
1047,356352,420.12,193,0.0989,-0.005464,0.926508,1.073613,0.00851,0.0908,556.07,344.1,-1.1414,691,0,0,0
1048,356352,1046.51,1193,-0.9435,-0.005464,0.926508,1.073613,0.00851,0.0908,559.99,352.1,-1.1416,3152,0,10900,1
1049,356352,560.03,365,-0.2867,-0.005464,0.926508,1.073613,0.00851,0.0908,560.39,351.0,-1.1338,1801,0,300,0
1050,358400,420.16,198,-0.0462,-0.005519,2.191637,0.890895,0.013655,0.1099,557.69,347.8,-1.1246,688,0,0,0
1051,358400,530.95,263,-0.4537,-0.005519,2.191637,0.890895,0.013655,0.1099,558.42,346.9,-1.1195,1126,0,100,0
1052,358400,596.72,317,-0.6238,-0.005519,2.191637,0.890895,0.013655,0.1099,559.46,347.0,-1.1158,1952,2,900,0
1053,358400,697.75,466,-0.6655,-0.005519,2.191637,0.890895,0.013655,0.1099,562.16,349.6,-1.1134,1792,0,300,0
1054,358400,418.5,294,-1.2705,-0.005519,2.191637,0.890895,0.013655,0.1099,559.3,348.0,-1.1163,1777,0,100,0
1055,358400,515.88,342,-1.1685,-0.005519,2.191637,0.890895,0.013655,0.1099,560.17,349.4,-1.1183,1789,1,500,0
1056,358400,654.47,311,-1.0302,-0.005519,2.191637,0.890895,0.013655,0.1099,561.58,349.0,-1.1185,1786,0,100,0
1057,360448,401.95,415,-1.3012,-0.003053,1.743898,0.866336,0.006619,0.0715,561.5,351.3,-1.1227,898,1,400,0
1058,360448,431.25,210,-0.9836,-0.003053,1.743898,0.866336,0.006619,0.0715,560.46,350.5,-1.1219,722,0,0,0
1059,360448,419.29,199,-0.989,-0.003053,1.743898,0.866336,0.006619,0.0715,557.94,348.9,-1.1214,722,0,0,0
1060,360448,674.44,386,-1.1426,-0.003053,1.743898,0.866336,0.006619,0.0715,559.7,350.2,-1.1195,1796,1,500,0
1061,360448,453.58,362,-1.2241,-0.003053,1.743898,0.866336,0.006619,0.0715,557.87,349.8,-1.1175,899,0,200,0
1062,360448,431.33,327,-1.231,-0.003053,1.743898,0.866336,0.006619,0.0715,555.56,349.1,-1.116,800,0,100,0
1063,362496,422.25,194,-1.0426,-0.004334,1.626564,0.818202,0.011385,0.0869,555.4,348.9,-1.1125,690,0,0,0
1064,362496,962.26,598,-1.1904,-0.004334,1.626564,0.818202,0.011385,0.0869,557.46,349.0,-1.1106,3161,1,18550,1
1065,362496,559.44,296,-1.1364,-0.004334,1.626564,0.818202,0.011385,0.0869,559.25,349.9,-1.1078,1791,1,600,0
1066,362496,662.9,325,-1.1246,-0.004334,1.626564,0.818202,0.011385,0.0869,559.23,348.8,-1.1045,1793,1,500,0
1067,362496,487.98,221,-1.1016,-0.004334,1.626564,0.818202,0.011385,0.0869,557.91,348.2,-1.1012,1535,1,300,0
1068,362496,431.11,302,-1.2629,-0.004334,1.626564,0.818202,0.011385,0.0869,556.79,348.2,-1.0989,1802,1,400,0
1069,362496,441.75,216,-1.1686,-0.004334,1.626564,0.818202,0.011385,0.0869,552.72,345.5,-1.0956,1792,0,100,0
1070,362496,413.34,190,-1.0153,-0.004334,1.626564,0.818202,0.011385,0.0869,553.15,345.4,-1.0897,676,0,0,0
1071,364544,417.05,193,-1.0728,-0.005298,3.470613,0.706003,0.014695,0.1025,553.12,345.3,-1.0838,685,0,0,0
1072,364544,590.98,302,-1.4706,-0.005298,3.470613,0.706003,0.014695,0.1025,553.62,344.7,-1.0813,1792,1,500,0
1073,364544,740.18,509,-1.5713,-0.005298,3.470613,0.706003,0.014695,0.1025,555.4,346.3,-1.0794,2851,0,200,0
1074,364544,819.45,410,-1.7557,-0.005298,3.470613,0.706003,0.014695,0.1025,552.32,342.0,-1.0807,2466,0,0,0
1075,364544,569.59,316,-1.8075,-0.005298,3.470613,0.706003,0.014695,0.1025,553.16,342.7,-1.0832,1960,2,900,0
1076,366592,723.64,594,-1.6614,-0.014117,1.871412,0.849549,0.042612,0.1177,554.95,344.5,-1.0839,2753,1,1100,0
1077,366592,417.18,198,-1.1846,-0.014117,1.871412,0.849549,0.042612,0.1177,554.29,343.5,-1.0848,695,0,0,0
1078,366592,435.89,284,-1.2484,-0.014117,1.871412,0.849549,0.042612,0.1177,552.15,342.3,-1.0874,802,0,100,0
1079,366592,661.98,449,-1.3281,-0.014117,1.871412,0.849549,0.042612,0.1177,551.7,343.1,-1.0911,1792,1,800,0
1080,366592,678.05,413,-1.0754,-0.014117,1.871412,0.849549,0.042612,0.1177,551.86,344.2,-1.093,2016,1,500,0
1081,368640,816.83,476,-1.1208,-0.004815,1.39626,0.832013,0.006395,0.0925,551.88,343.9,-1.093,2470,1,700,0
1082,368640,429.36,379,-1.1408,-0.004815,1.39626,0.832013,0.006395,0.0925,549.7,343.6,-1.0922,814,0,100,0
1083,368640,555.67,275,-0.9938,-0.004815,1.39626,0.832013,0.006395,0.0925,548.32,342.0,-1.0893,2021,1,400,0
1084,368640,421.0,201,-0.7951,-0.004815,1.39626,0.832013,0.006395,0.0925,546.84,340.6,-1.0838,722,0,0,0
1085,368640,800.29,640,-1.1914,-0.004815,1.39626,0.832013,0.006395,0.0925,548.33,343.6,-1.0829,2468,0,200,0
1086,368640,447.67,264,-1.0106,-0.004815,1.39626,0.832013,0.006395,0.0925,548.58,344.3,-1.0814,848,0,100,0
1087,368640,423.69,193,-0.86,-0.004815,1.39626,0.832013,0.006395,0.0925,547.96,343.6,-1.0768,722,0,0,0
1088,370688,573.38,350,-1.0711,-0.008433,1.593173,0.852146,0.013804,0.1025,549.45,345.0,-1.0744,1783,1,500,0
1089,370688,469.81,266,-0.9956,-0.008433,1.593173,0.852146,0.013804,0.1025,549.1,344.5,-1.0699,898,0,200,0
1090,370688,411.9,355,-1.1909,-0.008433,1.593173,0.852146,0.013804,0.1025,548.91,345.5,-1.0673,1785,1,700,0
1091,370688,444.69,256,-1.084,-0.008433,1.593173,0.852146,0.013804,0.1025,547.41,344.8,-1.0639,1780,0,100,0
1092,370688,550.91,387,-1.135,-0.008433,1.593173,0.852146,0.013804,0.1025,546.15,343.6,-1.0603,2016,1,700,0
1093,372736,675.41,642,-1.1937,-0.00629,1.078805,0.96828,0.00853,0.0908,547.1,346.6,-1.0595,2470,0,200,0
1094,372736,553.54,326,-0.8714,-0.00629,1.078805,0.96828,0.00853,0.0908,548.32,347.1,-1.0559,1126,0,600,0
1095,372736,613.21,456,-0.898,-0.00629,1.078805,0.96828,0.00853,0.0908,549.23,348.1,-1.052,1787,2,900,0
1096,372736,415.86,188,-0.2524,-0.00629,1.078805,0.96828,0.00853,0.0908,548.0,347.3,-1.0446,691,0,0,0
1097,372736,658.12,375,-0.4828,-0.00629,1.078805,0.96828,0.00853,0.0908,549.78,348.4,-1.039,1795,0,200,0
1098,372736,419.27,204,-0.5409,-0.00629,1.078805,0.96828,0.00853,0.0908,549.13,347.9,-1.0343,1786,0,300,0
1099,374784,849.27,540,-0.7156,-0.002707,1.984423,0.716055,0.007898,0.0784,552.69,349.8,-1.0302,2473,0,300,0
1100,374784,489.29,254,-0.7096,-0.002707,1.984423,0.716055,0.007898,0.0784,551.32,349.1,-1.0264,1522,0,100,0
1101,374784,420.5,233,-1.1449,-0.002707,1.984423,0.716055,0.007898,0.0784,551.81,349.5,-1.0262,1786,2,700,0
1102,374784,533.0,474,-1.0788,-0.002707,1.984423,0.716055,0.007898,0.0784,553.03,352.4,-1.0236,1800,0,400,0
1103,374784,411.01,184,-1.1313,-0.002707,1.984423,0.716055,0.007898,0.0784,552.64,351.5,-1.0204,679,0,0,0
1104,374784,423.08,252,-1.3071,-0.002707,1.984423,0.716055,0.007898,0.0784,551.45,351.1,-1.0193,1775,1,500,0
1105,376832,442.83,235,-1.2226,-0.002761,1.528927,0.909802,0.007639,0.0972,551.79,351.6,-1.0182,829,0,100,0
1106,376832,422.01,202,-1.0839,-0.002761,1.528927,0.909802,0.007639,0.0972,550.61,351.1,-1.0148,722,0,0,0
1107,376832,798.83,610,-1.2369,-0.002761,1.528927,0.909802,0.007639,0.0972,553.73,354.3,-1.0144,2753,2,900,0
1108,376832,772.8,633,-1.1889,-0.002761,1.528927,0.909802,0.007639,0.0972,555.63,357.3,-1.0153,2852,2,1000,0
1109,378880,429.92,227,-1.0014,-0.00388,1.099693,0.991589,0.011009,0.0952,553.39,356.2,-1.0154,1785,0,200,0
1110,378880,612.1,535,-1.1248,-0.00388,1.099693,0.991589,0.011009,0.0952,555.18,359.5,-1.0171,1793,3,1100,0
1111,378880,557.41,537,-1.1537,-0.00388,1.099693,0.991589,0.011009,0.0952,555.1,354.8,-1.0145,2473,1,600,0
1112,378880,409.05,187,-0.5545,-0.00388,1.099693,0.991589,0.011009,0.0952,554.97,354.7,-1.0109,674,0,0,0
1113,378880,647.0,476,-0.8691,-0.00388,1.099693,0.991589,0.011009,0.0952,556.57,356.9,-1.0098,1781,0,400,0
1114,378880,413.72,185,-0.5802,-0.00388,1.099693,0.991589,0.011009,0.0952,553.35,354.7,-1.0055,686,0,0,0
1115,378880,672.58,438,-0.7849,-0.00388,1.099693,0.991589,0.011009,0.0952,554.48,356.5,-1.0045,2014,0,400,0
1116,380928,544.45,256,-0.8798,-0.007738,1.432279,0.812825,0.015022,0.0896,555.68,356.4,-1.0029,1795,0,100,0
1117,380928,698.12,426,-0.947,-0.007738,1.432279,0.812825,0.015022,0.0896,551.56,353.8,-1.0021,1957,0,500,0
1118,380928,865.2,839,-0.9927,-0.007738,1.432279,0.812825,0.015022,0.0896,555.47,359.6,-1.0024,2761,2,900,0
1119,380928,510.64,430,-1.0736,-0.007738,1.432279,0.812825,0.015022,0.0896,553.96,360.9,-1.0034,1797,0,400,0
1120,382976,486.82,296,-0.9713,-0.00619,1.307764,1.012478,0.009281,0.1082,553.73,361.5,-0.9977,2024,1,500,0
1121,382976,711.76,388,-0.9677,-0.00619,1.307764,1.012478,0.009281,0.1082,554.82,362.1,-0.993,2472,2,1000,0
1122,382976,693.39,494,-1.0572,-0.00619,1.307764,1.012478,0.009281,0.1082,556.85,363.7,-0.9881,2467,1,1000,0
1123,382976,438.77,214,-0.7209,-0.00619,1.307764,1.012478,0.009281,0.1082,554.68,362.6,-0.9795,806,0,100,0
1124,382976,1032.73,712,-0.9391,-0.00619,1.307764,1.012478,0.009281,0.1082,560.38,367.2,-0.9741,3156,1,16100,1
1125,385024,411.26,391,-0.9693,-0.007143,1.326726,0.993903,0.013314,0.1028,558.16,367.6,-0.9693,1786,1,600,0
1126,385024,537.02,319,-0.9315,-0.007143,1.326726,0.993903,0.013314,0.1028,559.22,368.7,-0.9722,1787,1,700,0
1127,385024,702.17,367,-0.8874,-0.007143,1.326726,0.993903,0.013314,0.1028,561.68,369.9,-0.9732,1797,0,200,0
1128,385024,841.67,557,-1.0275,-0.007143,1.326726,0.993903,0.013314,0.1028,565.49,372.5,-0.9736,2850,0,700,0
1129,385024,512.32,276,-1.0018,-0.007143,1.326726,0.993903,0.013314,0.1028,565.63,371.7,-0.9751,1789,0,0,0
1130,387072,853.77,606,-1.1717,-0.005748,2.385811,0.851866,0.015861,0.1038,570.5,375.2,-0.9793,2471,0,400,0
1131,387072,427.49,199,-1.2935,-0.005748,2.385811,0.851866,0.015861,0.1038,565.14,364.7,-0.9786,1798,0,200,0
1132,387072,508.5,313,-1.4965,-0.005748,2.385811,0.851866,0.015861,0.1038,563.54,364.3,-0.9893,1787,2,1100,0
1133,387072,432.47,238,-1.4677,-0.005748,2.385811,0.851866,0.015861,0.1038,563.63,362.5,-0.9969,1802,0,200,0
1134,389120,1045.36,913,-1.235,-0.007674,1.287606,1.16883,0.019177,0.1284,567.07,363.5,-0.9997,3157,3,20550,1
1135,389120,720.47,506,-1.4228,-0.007674,1.287606,1.16883,0.019177,0.1284,569.68,366.0,-1.0085,2752,2,600,0
1136,389120,761.77,377,-0.7791,-0.007674,1.287606,1.16883,0.019177,0.1284,570.49,364.3,-1.0086,1787,0,400,0
1137,389120,651.07,327,-0.4939,-0.007674,1.287606,1.16883,0.019177,0.1284,571.11,364.0,-1.006,1787,0,400,0
1138,389120,662.64,322,-0.4311,-0.007674,1.287606,1.16883,0.019177,0.1284,571.16,363.5,-1.0032,1786,0,100,0
1139,389120,476.14,238,-0.5492,-0.007674,1.287606,1.16883,0.019177,0.1284,571.64,363.8,-1.0039,2013,0,0,0
1140,391168,551.62,290,-0.8601,-0.001111,2.253817,0.818393,0.011534,0.0815,572.04,364.0,-1.0044,1127,0,200,0
1141,391168,1196.32,951,-1.1529,-0.001111,2.253817,0.818393,0.011534,0.0815,578.56,370.1,-1.0048,3161,6,20500,1
1142,391168,540.58,302,-1.2596,-0.001111,2.253817,0.818393,0.011534,0.0815,578.78,369.5,-1.0063,1785,1,500,0
1143,391168,604.3,370,-1.1323,-0.001111,2.253817,0.818393,0.011534,0.0815,580.08,370.6,-1.0072,1951,0,300,0
1144,391168,459.2,265,-1.345,-0.001111,2.253817,0.818393,0.011534,0.0815,580.79,371.4,-1.0105,836,0,100,0
1145,391168,429.28,239,-1.2981,-0.001111,2.253817,0.818393,0.011534,0.0815,579.43,370.9,-1.0167,1787,0,100,0
1146,393216,411.89,189,-1.2639,-0.005246,2.407684,0.872498,0.007108,0.0845,578.12,369.0,-1.0221,676,0,0,0
1147,393216,545.23,432,-1.3891,-0.005246,2.407684,0.872498,0.007108,0.0845,579.37,371.4,-1.037,898,0,400,0
1148,393216,534.41,342,-1.3722,-0.005246,2.407684,0.872498,0.007108,0.0845,574.25,362.8,-1.0413,1795,0,300,0
1149,393216,687.63,504,-1.4099,-0.005246,2.407684,0.872498,0.007108,0.0845,575.53,364.2,-1.0525,1781,1,700,0
1150,393216,465.53,253,-1.3533,-0.005246,2.407684,0.872498,0.007108,0.0845,575.98,364.8,-1.0656,898,0,100,0
1151,395264,660.14,443,-1.389,-0.003115,1.563432,0.912622,0.005956,0.083,577.27,366.6,-1.075,2467,0,800,0
1152,395264,715.31,389,-1.3072,-0.003115,1.563432,0.912622,0.005956,0.083,578.46,367.3,-1.0818,2748,3,1000,0
1153,395264,704.39,413,-1.2417,-0.003115,1.563432,0.912622,0.005956,0.083,578.53,366.8,-1.0876,2020,1,800,0
1154,395264,424.53,228,-1.0589,-0.003115,1.563432,0.912622,0.005956,0.083,578.59,366.1,-1.0855,1780,0,200,0
1155,395264,439.22,287,-0.947,-0.003115,1.563432,0.912622,0.005956,0.083,577.82,365.6,-1.0832,814,0,100,0
1156,395264,447.04,230,-0.8825,-0.003115,1.563432,0.912622,0.005956,0.083,575.75,364.8,-1.0818,795,0,100,0
1157,395264,454.75,358,-1.037,-0.003115,1.563432,0.912622,0.005956,0.083,576.27,364.2,-1.0791,898,0,200,0
1158,397312,415.64,190,-0.8475,-0.002934,1.915441,0.757114,0.006494,0.0532,576.12,364.0,-1.0778,691,0,0,0
1159,397312,789.55,413,-1.009,-0.002934,1.915441,0.757114,0.006494,0.0532,579.82,366.1,-1.078,2468,0,500,0
1160,397312,420.4,195,-0.9494,-0.002934,1.915441,0.757114,0.006494,0.0532,577.28,364.2,-1.076,722,0,0,0
1161,397312,560.23,351,-1.3382,-0.002934,1.915441,0.757114,0.006494,0.0532,578.35,364.1,-1.0772,2025,1,700,0
1162,397312,733.82,423,-1.3206,-0.002934,1.915441,0.757114,0.006494,0.0532,581.37,365.1,-1.0781,1783,0,800,0
1163,397312,806.86,425,-1.2703,-0.002934,1.915441,0.757114,0.006494,0.0532,585.22,367.4,-1.0803,2471,1,700,0
1164,399360,990.77,611,-1.2202,-0.005855,2.358063,0.872904,0.00914,0.0769,585.5,367.5,-1.0806,3157,3,21600,1
1165,399360,411.66,189,-1.3121,-0.005855,2.358063,0.872904,0.00914,0.0769,584.02,366.4,-1.0824,675,0,0,0
1166,399360,471.33,226,-1.4072,-0.005855,2.358063,0.872904,0.00914,0.0769,582.11,365.4,-1.0852,2019,0,100,0
1167,399360,459.28,250,-1.5238,-0.005855,2.358063,0.872904,0.00914,0.0769,581.82,365.7,-1.0894,899,0,100,0
1168,399360,730.8,461,-1.5306,-0.005855,2.358063,0.872904,0.00914,0.0769,584.82,367.3,-1.0921,2021,1,500,0
1169,401408,657.53,406,-1.3816,-0.003001,1.331565,0.906059,0.011155,0.0823,586.98,369.2,-1.0942,1781,1,600,0
1170,401408,553.24,329,-1.2026,-0.003001,1.331565,0.906059,0.011155,0.0823,588.38,370.6,-1.0961,1793,0,100,0
1171,401408,676.84,331,-0.8524,-0.003001,1.331565,0.906059,0.011155,0.0823,590.97,372.0,-1.0939,2020,1,600,0
1172,401408,409.69,190,-0.4121,-0.003001,1.331565,0.906059,0.011155,0.0823,589.16,370.9,-1.0833,674,0,0,0
1173,403456,428.14,464,-0.8774,-0.006514,1.089564,1.088677,0.010638,0.1099,586.04,370.4,-1.0764,838,0,100,0
1174,403456,585.36,368,-0.8124,-0.006514,1.089564,1.088677,0.010638,0.1099,583.7,370.0,-1.067,2021,1,400,0
1175,403456,409.25,184,-0.6516,-0.006514,1.089564,1.088677,0.010638,0.1099,582.1,368.7,-1.0554,679,0,0,0
1176,403456,465.04,267,-0.7706,-0.006514,1.089564,1.088677,0.010638,0.1099,579.51,365.4,-1.0465,1961,0,300,0
1177,403456,586.99,348,-0.7632,-0.006514,1.089564,1.088677,0.010638,0.1099,581.21,366.9,-1.0423,2027,1,500,0
1178,403456,947.35,1515,-1.2614,-0.006514,1.089564,1.088677,0.010638,0.1099,586.32,379.2,-1.0424,3154,1,12000,1
1179,405504,446.06,243,-0.7386,-0.00606,1.225701,0.979773,0.009406,0.1079,584.16,377.2,-1.0365,819,0,100,0
1180,405504,751.03,360,-0.7697,-0.00606,1.225701,0.979773,0.009406,0.1079,584.89,376.6,-1.0335,2751,1,500,0
1181,405504,562.02,422,-0.8656,-0.00606,1.225701,0.979773,0.009406,0.1079,582.34,376.1,-1.0309,1781,0,500,0
1182,405504,444.23,240,-0.7832,-0.00606,1.225701,0.979773,0.009406,0.1079,582.49,374.7,-1.0273,826,0,100,0
1183,405504,551.9,281,-0.7848,-0.00606,1.225701,0.979773,0.009406,0.1079,582.46,374.8,-1.0252,1791,1,400,0
1184,405504,600.95,482,-0.8883,-0.00606,1.225701,0.979773,0.009406,0.1079,584.25,377.6,-1.0262,1797,0,500,0
1185,407552,430.39,457,-0.9992,-0.004223,1.270515,0.879389,0.009945,0.0803,580.56,375.7,-1.0243,845,0,100,0
1186,407552,663.16,538,-0.9409,-0.004223,1.270515,0.879389,0.009945,0.0803,582.71,378.5,-1.0236,2026,0,200,0
1187,407552,768.0,402,-0.8874,-0.004223,1.270515,0.879389,0.009945,0.0803,586.15,380.6,-1.0238,2758,0,600,0
1188,407552,415.14,189,-0.8595,-0.004223,1.270515,0.879389,0.009945,0.0803,584.57,379.0,-1.0217,688,0,0,0
1189,407552,442.66,218,-0.9095,-0.004223,1.270515,0.879389,0.009945,0.0803,584.3,378.5,-1.0209,799,0,100,0
1190,409600,413.24,188,-0.9682,-0.004468,1.425785,0.892662,0.006591,0.0798,584.31,376.8,-1.0186,688,0,100,0
1191,409600,688.64,497,-1.0485,-0.004468,1.425785,0.892662,0.006591,0.0798,586.75,379.2,-1.0183,2466,0,500,0
1192,409600,411.84,183,-1.0026,-0.004468,1.425785,0.892662,0.006591,0.0798,585.36,377.2,-1.0169,681,0,0,0
1193,409600,692.59,436,-1.0748,-0.004468,1.425785,0.892662,0.006591,0.0798,585.53,375.1,-1.0158,1783,1,600,0
1194,409600,1222.84,918,-1.0074,-0.004468,1.425785,0.892662,0.006591,0.0798,592.23,381.0,-1.0171,3157,2,16350,1
1195,411648,410.02,189,-1.0185,-0.004212,2.071441,0.72799,0.009568,0.0752,590.2,378.4,-1.0183,674,0,0,0
1196,411648,408.88,185,-1.0299,-0.004212,2.071441,0.72799,0.009568,0.0752,590.13,378.3,-1.0261,678,0,0,0
1197,411648,549.06,432,-1.2179,-0.004212,2.071441,0.72799,0.009568,0.0752,589.03,378.9,-1.0335,1132,0,200,0
1198,411648,409.81,184,-1.0973,-0.004212,2.071441,0.72799,0.009568,0.0752,588.94,378.7,-1.039,680,0,0,0
1199,411648,467.0,257,-1.3509,-0.004212,2.071441,0.72799,0.009568,0.0752,585.12,375.9,-1.0454,899,0,100,0
1200,411648,589.07,317,-1.3396,-0.004212,2.071441,0.72799,0.009568,0.0752,586.12,376.5,-1.0517,2013,1,800,0
1201,413696,950.01,579,-1.3809,-0.008314,2.884702,0.707096,0.015774,0.0962,591.41,380.0,-1.054,3157,0,16700,1
1202,413696,442.96,283,-1.4828,-0.008314,2.884702,0.707096,0.015774,0.0962,590.51,378.1,-1.0581,827,0,100,0
1203,413696,1123.68,708,-1.3634,-0.008314,2.884702,0.707096,0.015774,0.0962,597.64,383.3,-1.0604,3156,0,16600,1
1204,413696,548.58,365,-1.6935,-0.008314,2.884702,0.707096,0.015774,0.0962,598.89,384.4,-1.0643,1142,0,500,0
1205,413696,443.94,222,-1.5924,-0.008314,2.884702,0.707096,0.015774,0.0962,598.9,384.3,-1.068,814,0,200,0
1206,415744,1202.4,786,-1.4475,-0.006746,1.65964,1.091093,0.013786,0.0781,606.71,390.1,-1.0716,3157,3,21000,1
1207,415744,408.72,181,-1.0082,-0.006746,1.65964,1.091093,0.013786,0.0781,602.81,385.9,-1.0693,680,0,0,0
1208,415744,415.02,191,-0.8408,-0.006746,1.65964,1.091093,0.013786,0.0781,599.23,381.4,-1.0658,681,0,0,0
1209,415744,443.09,233,-0.9788,-0.006746,1.65964,1.091093,0.013786,0.0781,599.36,381.5,-1.0656,809,0,100,0
1210,415744,688.07,464,-1.2081,-0.006746,1.65964,1.091093,0.013786,0.0781,600.12,380.8,-1.0664,1796,0,300,0
1211,417792,836.69,986,-1.4232,-0.002771,1.034736,1.013715,0.005665,0.0798,602.91,385.3,-1.0691,2753,0,300,0
1212,417792,653.35,432,-0.8592,-0.002771,1.034736,1.013715,0.005665,0.0798,605.35,387.7,-1.0722,1788,0,200,0
1213,417792,663.31,321,-0.7777,-0.002771,1.034736,1.013715,0.005665,0.0798,605.52,386.2,-1.0713,2472,0,200,0
1214,417792,662.51,402,-0.7677,-0.002771,1.034736,1.013715,0.005665,0.0798,608.01,388.3,-1.0731,1797,0,400,0
1215,417792,480.12,336,-0.7391,-0.002771,1.034736,1.013715,0.005665,0.0798,606.08,387.3,-1.0727,2038,1,500,0
1216,417792,411.62,187,-0.3863,-0.002771,1.034736,1.013715,0.005665,0.0798,604.75,386.6,-1.0677,680,0,0,0
1217,419840,431.32,323,-0.7868,-0.002901,1.765959,0.820165,0.009198,0.1062,602.08,385.6,-1.0661,815,0,200,0
1218,419840,439.88,227,-0.7756,-0.002901,1.765959,0.820165,0.009198,0.1062,597.83,379.5,-1.064,799,0,100,0
1219,419840,545.28,272,-0.8115,-0.002901,1.765959,0.820165,0.009198,0.1062,598.18,377.9,-1.0613,1798,0,200,0
1220,419840,436.26,218,-1.0987,-0.002901,1.765959,0.820165,0.009198,0.1062,597.67,377.1,-1.0626,1815,1,300,0
1221,421888,716.1,465,-1.1454,-0.006228,1.057322,1.035778,0.006418,0.0793,597.72,377.9,-1.0644,2751,3,1100,0
1222,421888,414.1,197,-0.7001,-0.006228,1.057322,1.035778,0.006418,0.0793,594.92,374.9,-1.0608,677,0,0,0
1223,421888,529.41,475,-1.1146,-0.006228,1.057322,1.035778,0.006418,0.0793,595.83,377.5,-1.0648,1786,0,100,0
1224,421888,935.26,976,-1.0552,-0.006228,1.057322,1.035778,0.006418,0.0793,594.85,380.2,-1.0659,2469,3,2900,0
1225,421888,553.43,309,-0.3471,-0.006228,1.057322,1.035778,0.006418,0.0793,596.28,379.4,-1.0597,1798,0,300,0
1226,421888,451.43,359,-0.5532,-0.006228,1.057322,1.035778,0.006418,0.0793,595.42,379.8,-1.0559,886,0,100,0
1227,423936,910.75,481,-0.4407,-0.00586,1.464597,0.862991,0.009152,0.0696,597.51,380.9,-1.0514,3149,1,18150,1
1228,423936,516.53,441,-0.7203,-0.00586,1.464597,0.862991,0.009152,0.0696,594.25,379.7,-1.0484,856,0,400,0
1229,423936,550.09,337,-0.7545,-0.00586,1.464597,0.862991,0.009152,0.0696,594.63,380.3,-1.0459,1795,0,200,0
1230,423936,409.63,208,-0.891,-0.00586,1.464597,0.862991,0.009152,0.0696,590.19,376.4,-1.0431,676,0,0,0
1231,423936,707.33,423,-0.9607,-0.00586,1.464597,0.862991,0.009152,0.0696,592.99,378.6,-1.0398,2019,1,500,0
1232,425984,546.16,432,-1.0357,-0.003619,1.033858,1.052863,0.009399,0.0823,593.37,379.8,-1.0352,2024,2,1000,0
1233,425984,753.38,781,-1.0695,-0.003619,1.033858,1.052863,0.009399,0.0823,596.58,385.2,-1.0312,2471,0,300,0
1234,425984,419.91,193,-0.6523,-0.003619,1.033858,1.052863,0.009399,0.0823,590.32,378.0,-1.0253,722,0,0,0
1235,425984,426.75,225,-0.6833,-0.003619,1.033858,1.052863,0.009399,0.0823,587.38,375.2,-1.018,1792,0,0,0
1236,425984,707.63,413,-0.7396,-0.003619,1.033858,1.052863,0.009399,0.0823,586.84,375.6,-1.0176,2036,1,600,0
1237,425984,584.79,368,-0.7296,-0.003619,1.033858,1.052863,0.009399,0.0823,586.18,376.0,-1.0199,2017,0,200,0
1238,425984,667.99,330,-0.6761,-0.003619,1.033858,1.052863,0.009399,0.0823,586.23,376.1,-1.0224,2471,0,300,0
1239,428032,409.22,181,-0.6443,-0.003926,2.54473,0.727864,0.0081,0.0903,585.56,375.5,-1.0233,680,0,0,0
1240,428032,410.17,189,-1.3041,-0.003926,2.54473,0.727864,0.0081,0.0903,584.15,374.5,-1.0278,674,0,0,0
1241,428032,409.59,187,-1.4261,-0.003926,2.54473,0.727864,0.0081,0.0903,576.28,366.8,-1.0305,674,0,0,0
1242,428032,702.53,344,-1.1323,-0.003926,2.54473,0.727864,0.0081,0.0903,577.9,367.3,-1.0292,2019,0,100,0
1243,428032,801.08,452,-1.1977,-0.003926,2.54473,0.727864,0.0081,0.0903,579.87,368.1,-1.0299,1796,0,600,0
1244,428032,416.26,188,-1.4256,-0.003926,2.54473,0.727864,0.0081,0.0903,579.44,367.3,-1.0307,691,0,0,0
1245,430080,411.11,186,-1.4362,-0.004509,2.695878,0.656269,0.009531,0.0894,579.26,366.8,-1.0321,680,0,0,0
1246,430080,661.71,347,-1.4754,-0.004509,2.695878,0.656269,0.009531,0.0894,581.76,368.4,-1.0342,2466,1,800,0
1247,430080,502.11,349,-1.5916,-0.004509,2.695878,0.656269,0.009531,0.0894,581.33,367.5,-1.0362,1800,0,200,0
1248,430080,538.32,328,-1.5579,-0.004509,2.695878,0.656269,0.009531,0.0894,581.36,367.4,-1.0381,1784,0,400,0
1249,430080,462.2,247,-1.5789,-0.004509,2.695878,0.656269,0.009531,0.0894,579.11,364.8,-1.0397,898,0,100,0
1250,430080,505.93,240,-1.4894,-0.004509,2.695878,0.656269,0.009531,0.0894,579.51,364.7,-1.0411,1798,0,200,0
1251,430080,491.55,400,-1.7434,-0.004509,2.695878,0.656269,0.009531,0.0894,577.83,364.3,-1.0446,899,0,200,0
1252,432128,660.06,511,-1.5637,-0.00348,1.633767,0.84746,0.008408,0.0737,577.28,365.5,-1.0472,2018,1,600,0
1253,432128,428.24,224,-1.161,-0.00348,1.633767,0.84746,0.008408,0.0737,574.51,363.6,-1.0464,1790,0,100,0
1254,432128,841.75,394,-1.2729,-0.00348,1.633767,0.84746,0.008408,0.0737,578.69,365.2,-1.0485,2469,0,200,0
1255,432128,702.03,364,-0.9504,-0.00348,1.633767,0.84746,0.008408,0.0737,581.31,366.0,-1.0486,2469,0,100,0
1256,434176,538.07,330,-1.055,-0.007951,1.716962,1.043328,0.016069,0.116,582.22,367.0,-1.0503,1795,0,100,0
1257,434176,1038.43,778,-1.2698,-0.007951,1.716962,1.043328,0.016069,0.116,588.06,371.2,-1.0526,3161,1,18050,1
1258,434176,562.56,413,-1.1656,-0.007951,1.716962,1.043328,0.016069,0.116,589.53,373.4,-1.0558,2020,0,200,0
1259,434176,408.06,185,-0.7869,-0.007951,1.716962,1.043328,0.016069,0.116,585.72,371.2,-1.0536,673,0,0,0
1260,434176,671.51,393,-1.044,-0.007951,1.716962,1.043328,0.016069,0.116,588.23,373.1,-1.0545,1794,0,300,0
1261,434176,659.3,439,-1.0639,-0.007951,1.716962,1.043328,0.016069,0.116,589.22,374.0,-1.0518,1789,0,200,0
1262,436224,571.2,429,-1.1459,-0.004416,1.185438,0.863496,0.009617,0.0815,587.59,374.1,-1.05,2471,0,200,0
1263,436224,412.28,187,-0.7209,-0.004416,1.185438,0.863496,0.009617,0.0815,583.65,371.7,-1.0446,680,0,0,0
1264,436224,527.18,682,-1.2736,-0.004416,1.185438,0.863496,0.009617,0.0815,579.01,372.4,-1.0451,1151,0,300,0
1265,436224,440.47,216,-0.715,-0.004416,1.185438,0.863496,0.009617,0.0815,579.3,372.7,-1.0391,722,0,0,0
1266,436224,416.54,298,-0.8574,-0.004416,1.185438,0.863496,0.009617,0.0815,578.75,373.4,-1.0336,1782,0,100,0
1267,436224,423.19,195,-0.6252,-0.004416,1.185438,0.863496,0.009617,0.0815,578.39,372.9,-1.0246,695,0,0,0
1268,436224,611.23,426,-0.8174,-0.004416,1.185438,0.863496,0.009617,0.0815,577.19,372.5,-1.0175,1792,0,100,0
1269,438272,551.2,344,-0.8096,-0.005137,1.543709,0.800496,0.009251,0.0908,576.13,371.9,-1.0118,2016,1,700,0
1270,438272,412.55,189,-0.7252,-0.005137,1.543709,0.800496,0.009251,0.0908,574.72,370.5,-1.007,680,0,0,0
1271,438272,819.66,547,-1.0329,-0.005137,1.543709,0.800496,0.009251,0.0908,576.15,372.6,-1.0088,2467,0,200,0
1272,440320,644.95,504,-1.1931,-0.0059,0.787899,1.173465,0.01223,0.0979,578.5,375.8,-1.0166,1792,0,400,0
1273,440320,400.94,567,-1.2428,-0.0059,0.787899,1.173465,0.01223,0.0979,578.23,376.8,-1.0203,1777,0,300,0
1274,440320,620.76,297,-0.1555,-0.0059,0.787899,1.173465,0.01223,0.0979,578.59,376.1,-1.0137,1806,3,800,0
1275,440320,646.79,826,-1.0045,-0.0059,0.787899,1.173465,0.01223,0.0979,580.96,382.5,-1.0172,2046,2,1100,0
1276,440320,430.95,647,-0.8034,-0.0059,0.787899,1.173465,0.01223,0.0979,580.62,386.3,-1.0176,900,0,100,0
1277,442368,854.35,539,-0.4355,-0.003967,0.947491,1.018012,0.006428,0.1157,583.29,388.2,-1.0143,3161,0,18900,1
1278,442368,410.81,183,-0.3059,-0.003967,0.947491,1.018012,0.006428,0.1157,577.93,374.9,-1.0047,680,0,0,0
1279,442368,418.87,193,-0.3383,-0.003967,0.947491,1.018012,0.006428,0.1157,577.66,374.4,-1.0007,688,0,0,0
1280,442368,534.14,434,-0.5877,-0.003967,0.947491,1.018012,0.006428,0.1157,575.49,375.2,-0.9989,1792,0,300,0
1281,442368,410.18,183,-0.338,-0.003967,0.947491,1.018012,0.006428,0.1157,573.97,372.8,-0.9936,680,0,0,0
1282,442368,502.39,232,-0.4858,-0.003967,0.947491,1.018012,0.006428,0.1157,574.55,372.7,-0.9907,1789,1,300,0
1283,444416,900.24,747,-0.6422,-0.002732,1.12959,0.851165,0.009181,0.0881,578.03,377.4,-0.9892,2471,0,300,0
1284,444416,484.28,356,-0.8168,-0.002732,1.12959,0.851165,0.009181,0.0881,576.87,376.1,-0.9885,2016,2,700,0
1285,444416,887.43,748,-0.8485,-0.002732,1.12959,0.851165,0.009181,0.0881,581.44,379.0,-0.987,3149,1,15850,1
1286,446464,573.14,527,-0.8367,-0.005665,0.888413,1.15388,0.011906,0.0908,580.54,378.9,-0.986,2468,0,200,0
1287,446464,509.14,727,-0.9299,-0.005665,0.888413,1.15388,0.011906,0.0908,577.95,382.1,-0.9864,1790,0,400,0
1288,446464,840.67,514,-0.548,-0.005665,0.888413,1.15388,0.011906,0.0908,582.2,385.4,-0.9833,2469,0,300,0
1289,448512,654.78,412,-0.4917,-0.006518,1.030352,1.08986,0.011388,0.0959,584.33,387.3,-0.9791,1786,0,200,0
1290,448512,567.84,452,-0.6206,-0.006518,1.030352,1.08986,0.011388,0.0959,585.87,390.0,-0.9756,1786,0,300,0
1291,448512,410.66,189,-0.283,-0.006518,1.030352,1.08986,0.011388,0.0959,583.09,386.9,-0.968,676,0,0,0
1292,448512,787.53,944,-0.8316,-0.006518,1.030352,1.08986,0.011388,0.0959,586.85,394.5,-0.9663,2473,0,500,0
1293,448512,510.2,238,-0.6356,-0.006518,1.030352,1.08986,0.011388,0.0959,585.02,392.5,-0.9619,1802,0,300,0
1294,448512,425.71,207,-0.6374,-0.006518,1.030352,1.08986,0.011388,0.0959,577.05,385.4,-0.9582,1788,0,0,0
1295,448512,420.69,193,-0.5376,-0.006518,1.030352,1.08986,0.011388,0.0959,577.16,385.4,-0.9534,723,0,0,0
1296,448512,541.52,427,-0.7283,-0.006518,1.030352,1.08986,0.011388,0.0959,578.49,387.9,-0.9503,1796,0,400,0
1297,450560,662.67,328,-0.6006,-0.002938,0.997014,0.947903,0.011716,0.0928,579.62,386.8,-0.9442,2018,0,0,0
1298,450560,653.39,292,-0.542,-0.002938,0.997014,0.947903,0.011716,0.0928,582.06,387.9,-0.9386,1787,0,0,0
1299,450560,446.2,278,-0.692,-0.002938,0.997014,0.947903,0.011716,0.0928,581.85,388.1,-0.932,837,0,100,0
1300,450560,725.38,876,-0.8776,-0.002938,0.997014,0.947903,0.011716,0.0928,583.21,393.7,-0.9274,2752,1,800,0
1301,452608,539.26,259,-0.6144,-0.012433,1.427164,0.793358,0.020052,0.1306,579.11,390.5,-0.9197,1783,0,100,0
1302,452608,499.25,400,-0.9279,-0.012433,1.427164,0.793358,0.020052,0.1306,579.67,391.7,-0.9142,1795,0,300,0
1303,452608,697.69,429,-0.7993,-0.012433,1.427164,0.793358,0.020052,0.1306,575.41,388.9,-0.9085,2017,0,200,0
1304,452608,409.22,181,-0.7866,-0.012433,1.427164,0.793358,0.020052,0.1306,574.02,387.1,-0.8995,680,0,0,0
1305,452608,697.46,369,-0.836,-0.012433,1.427164,0.793358,0.020052,0.1306,576.55,388.5,-0.8919,1790,0,200,0
1306,452608,421.55,197,-0.8089,-0.012433,1.427164,0.793358,0.020052,0.1306,568.74,382.6,-0.8855,722,0,0,0
1307,452608,453.45,254,-0.9317,-0.012433,1.427164,0.793358,0.020052,0.1306,569.19,383.4,-0.8848,853,0,100,0
1308,454656,656.54,311,-0.8945,-0.004899,3.244616,0.550118,0.012855,0.1077,571.6,384.6,-0.8853,1790,0,200,0
1309,454656,532.6,340,-1.2737,-0.004899,3.244616,0.550118,0.012855,0.1077,572.5,385.6,-0.8883,1141,0,200,0
1310,454656,541.7,292,-1.3937,-0.004899,3.244616,0.550118,0.012855,0.1077,571.04,383.9,-0.8901,1787,0,100,0
1311,454656,409.95,191,-1.7706,-0.004899,3.244616,0.550118,0.012855,0.1077,566.77,376.0,-0.8936,674,0,0,0
1312,454656,813.61,515,-1.7445,-0.004899,3.244616,0.550118,0.012855,0.1077,568.37,376.8,-0.9024,2019,0,800,0
1313,454656,643.08,349,-1.8404,-0.004899,3.244616,0.550118,0.012855,0.1077,568.17,377.1,-0.9131,1525,0,300,0
1314,454656,672.16,308,-1.8183,-0.004899,3.244616,0.550118,0.012855,0.1077,568.27,376.1,-0.9236,2016,0,100,0
1315,456704,588.1,332,-1.8593,-0.004331,2.632346,0.634632,0.008169,0.0674,569.35,376.1,-0.9348,2018,0,300,0
1316,456704,414.96,186,-1.6556,-0.004331,2.632346,0.634632,0.008169,0.0674,569.38,376.1,-0.9475,692,0,0,0
1317,456704,413.04,190,-1.5616,-0.004331,2.632346,0.634632,0.008169,0.0674,569.2,374.8,-0.9552,685,0,0,0
1318,456704,515.96,242,-1.5674,-0.004331,2.632346,0.634632,0.008169,0.0674,569.96,374.9,-0.9631,1128,0,200,0
1319,456704,751.62,376,-1.563,-0.004331,2.632346,0.634632,0.008169,0.0674,572.02,375.9,-0.9706,2039,1,1000,0
1320,456704,440.9,220,-1.5466,-0.004331,2.632346,0.634632,0.008169,0.0674,572.07,376.0,-0.9751,810,0,100,0
1321,458752,907.64,515,-1.6722,-0.006652,3.446476,0.64902,0.013929,0.0852,573.98,376.5,-0.9804,2473,2,1100,0
1322,458752,518.72,263,-1.7885,-0.006652,3.446476,0.64902,0.013929,0.0852,575.03,377.1,-0.9913,1129,0,200,0
1323,458752,512.02,280,-1.8963,-0.006652,3.446476,0.64902,0.013929,0.0852,574.85,375.2,-0.9991,1787,1,600,0
1324,458752,901.35,705,-1.8374,-0.006652,3.446476,0.64902,0.013929,0.0852,574.52,372.5,-1.0069,2761,1,600,0
1325,458752,535.85,250,-2.0354,-0.006652,3.446476,0.64902,0.013929,0.0852,574.34,371.9,-1.0238,1785,0,100,0
1326,458752,418.43,283,-2.1722,-0.006652,3.446476,0.64902,0.013929,0.0852,574.01,371.1,-1.04,1788,0,100,0
1327,460800,426.68,202,-1.3205,-0.004539,1.595165,0.886521,0.013849,0.0854,569.17,368.3,-1.0488,722,0,0,0
1328,460800,410.96,186,-1.2391,-0.004539,1.595165,0.886521,0.013849,0.0854,568.11,365.8,-1.054,680,0,0,0
1329,460800,869.46,578,-1.7796,-0.004539,1.595165,0.886521,0.013849,0.0854,571.31,368.2,-1.0642,2758,1,300,0
1330,460800,537.05,423,-1.4966,-0.004539,1.595165,0.886521,0.013849,0.0854,572.58,370.3,-1.0703,1787,0,300,0
1331,460800,657.6,319,-0.7697,-0.004539,1.595165,0.886521,0.013849,0.0854,572.08,369.3,-1.0684,1782,0,400,0
1332,460800,500.63,290,-0.9313,-0.004539,1.595165,0.886521,0.013849,0.0854,571.63,367.9,-1.0673,1802,0,400,0
1333,462848,803.77,450,-0.9491,-0.007603,1.989563,0.701519,0.012201,0.0781,572.13,364.6,-1.0661,2467,1,600,0
1334,462848,439.98,195,-0.9715,-0.007603,1.989563,0.701519,0.012201,0.0781,572.33,364.6,-1.0693,1786,0,100,0
1335,462848,583.15,377,-1.0454,-0.007603,1.989563,0.701519,0.012201,0.0781,573.9,366.1,-1.0729,2019,0,200,0
1336,462848,509.35,246,-1.2068,-0.007603,1.989563,0.701519,0.012201,0.0781,571.91,364.4,-1.0776,1796,0,100,0
1337,464896,727.47,619,-1.458,-0.006112,1.987635,0.886432,0.013226,0.1008,573.34,366.9,-1.0849,2469,1,500,0
1338,464896,437.29,227,-1.1806,-0.006112,1.987635,0.886432,0.013226,0.1008,571.03,365.9,-1.0899,800,0,100,0
1339,464896,872.59,496,-1.2606,-0.006112,1.987635,0.886432,0.013226,0.1008,575.67,369.1,-1.0961,3156,1,21000,1
1340,464896,457.7,251,-1.1676,-0.006112,1.987635,0.886432,0.013226,0.1008,576.14,369.7,-1.0947,898,0,100,0
1341,464896,506.12,252,-1.1733,-0.006112,1.987635,0.886432,0.013226,0.1008,577.11,370.3,-1.0922,1790,0,100,0
1342,464896,697.38,320,-1.2012,-0.006112,1.987635,0.886432,0.013226,0.1008,577.06,370.1,-1.0929,2474,0,100,0
1343,466944,1134.12,1045,-1.3859,-0.012258,1.21561,1.032233,0.017622,0.1069,580.39,376.0,-1.0948,3149,2,20250,1
1344,466944,704.76,315,-0.9271,-0.012258,1.21561,1.032233,0.017622,0.1069,583.27,377.3,-1.0898,1961,0,0,0
1345,466944,588.05,431,-1.0407,-0.012258,1.21561,1.032233,0.017622,0.1069,585.04,379.7,-1.0858,1794,0,400,0
1346,466944,542.45,315,-0.8914,-0.012258,1.21561,1.032233,0.017622,0.1069,583.85,379.4,-1.08,1788,0,600,0
1347,466944,420.73,202,-0.6214,-0.012258,1.21561,1.032233,0.017622,0.1069,583.04,377.9,-1.0703,1794,0,100,0
1348,466944,666.68,341,-0.5869,-0.012258,1.21561,1.032233,0.017622,0.1069,584.32,378.1,-1.0606,1800,0,300,0
1349,466944,446.47,257,-0.71,-0.012258,1.21561,1.032233,0.017622,0.1069,584.16,378.2,-1.0519,1787,0,400,0
1350,468992,457.73,291,-0.7732,-0.003564,1.791151,0.790386,0.009043,0.0842,583.68,378.7,-1.0447,830,0,100,0
1351,468992,543.19,465,-1.0216,-0.003564,1.791151,0.790386,0.009043,0.0842,584.2,379.3,-1.0375,1794,0,200,0
1352,468992,500.56,258,-1.0419,-0.003564,1.791151,0.790386,0.009043,0.0842,582.6,376.8,-1.0323,1792,0,0,0
1353,468992,658.85,337,-0.9844,-0.003564,1.791151,0.790386,0.009043,0.0842,584.91,377.9,-1.0305,1806,1,800,0
1354,468992,410.84,190,-0.9382,-0.003564,1.791151,0.790386,0.009043,0.0842,580.6,375.9,-1.0272,673,0,0,0
1355,468992,524.09,399,-1.2613,-0.003564,1.791151,0.790386,0.009043,0.0842,578.82,376.2,-1.0303,1524,0,300,0
1356,471040,578.62,361,-1.2553,-0.003403,2.419831,0.732889,0.013938,0.0891,579.22,376.6,-1.0323,1954,0,500,0
1357,471040,581.83,306,-1.2579,-0.003403,2.419831,0.732889,0.013938,0.0891,574.66,371.8,-1.0322,2468,1,400,0
1358,471040,505.44,359,-1.4409,-0.003403,2.419831,0.732889,0.013938,0.0891,574.09,371.3,-1.0349,899,0,100,0
1359,471040,1010.99,557,-1.2779,-0.003403,2.419831,0.732889,0.013938,0.0891,580.12,375.0,-1.0398,3151,2,17450,1
1360,471040,542.33,301,-1.5127,-0.003403,2.419831,0.732889,0.013938,0.0891,578.82,374.1,-1.0445,1790,0,100,0
1361,471040,505.84,228,-1.4539,-0.003403,2.419831,0.732889,0.013938,0.0891,577.29,372.0,-1.0484,1794,2,500,0
1362,473088,450.63,233,-1.2075,-0.006384,1.660885,0.880981,0.013256,0.0901,576.08,370.0,-1.049,820,0,100,0
1363,473088,686.86,337,-1.1701,-0.006384,1.660885,0.880981,0.013256,0.0901,578.83,371.5,-1.0535,1780,0,100,0
1364,473088,422.07,484,-1.3351,-0.006384,1.660885,0.880981,0.013256,0.0901,577.78,369.6,-1.0542,799,0,100,0
1365,473088,1111.87,600,-1.0561,-0.006384,1.660885,0.880981,0.013256,0.0901,584.49,373.4,-1.0576,3154,0,17000,1
1366,473088,693.65,393,-0.9345,-0.006384,1.660885,0.880981,0.013256,0.0901,587.26,374.3,-1.0583,1795,0,100,0
1367,475136,705.14,375,-0.89,-0.00371,1.713223,0.812576,0.005092,0.0459,590.08,376.1,-1.061,2019,0,100,0
1368,475136,576.67,424,-1.1537,-0.00371,1.713223,0.812576,0.005092,0.0459,589.74,376.1,-1.0643,2468,0,200,0
1369,475136,446.59,278,-1.1717,-0.00371,1.713223,0.812576,0.005092,0.0459,588.69,375.5,-1.068,830,0,100,0
1370,475136,646.35,342,-1.1437,-0.00371,1.713223,0.812576,0.005092,0.0459,591.03,377.0,-1.0722,1796,0,400,0
1371,475136,499.17,315,-1.1674,-0.00371,1.713223,0.812576,0.005092,0.0459,587.82,374.7,-1.0735,867,0,300,0
1372,477184,451.31,249,-1.1243,-0.006979,2.386982,0.773006,0.013602,0.0845,585.89,372.1,-1.0728,848,0,100,0
1373,477184,534.67,263,-1.1611,-0.006979,2.386982,0.773006,0.013602,0.0845,587.23,369.1,-1.072,1782,0,0,0
1374,477184,1237.94,789,-1.2155,-0.006979,2.386982,0.773006,0.013602,0.0845,593.4,374.0,-1.0826,3156,2,18850,1
1375,477184,419.94,285,-1.4753,-0.006979,2.386982,0.773006,0.013602,0.0845,591.13,368.6,-1.0873,1784,0,100,0
1376,477184,574.81,297,-1.3838,-0.006979,2.386982,0.773006,0.013602,0.0845,592.57,365.1,-1.0931,1799,0,200,0
1377,477184,501.49,265,-1.4261,-0.006979,2.386982,0.773006,0.013602,0.0845,589.04,362.4,-1.103,1792,1,500,0
1378,479232,628.08,293,-1.3617,-0.007376,2.262305,0.859208,0.010961,0.1011,591.21,363.4,-1.1136,1950,2,800,0
1379,479232,934.59,652,-1.5152,-0.007376,2.262305,0.859208,0.010961,0.1011,596.37,368.0,-1.1253,3149,2,17350,1
1380,479232,688.01,324,-1.2858,-0.007376,2.262305,0.859208,0.010961,0.1011,597.91,366.9,-1.1323,2469,0,200,0
1381,479232,480.06,283,-1.3403,-0.007376,2.262305,0.859208,0.010961,0.1011,598.61,367.9,-1.1423,843,0,200,0
1382,479232,1001.08,692,-1.4948,-0.007376,2.262305,0.859208,0.010961,0.1011,603.59,372.5,-1.1524,3161,0,16700,1
1383,481280,461.23,221,-1.2714,-0.009399,2.067025,0.919722,0.019223,0.1072,599.2,367.3,-1.1587,1957,0,100,0
1384,481280,797.61,443,-1.3163,-0.009399,2.067025,0.919722,0.019223,0.1072,602.34,368.1,-1.1637,3156,0,16650,1
1385,481280,570.51,364,-1.3578,-0.009399,2.067025,0.919722,0.019223,0.1072,599.17,364.3,-1.1688,1777,1,500,0
1386,481280,418.44,186,-1.2452,-0.009399,2.067025,0.919722,0.019223,0.1072,597.62,360.9,-1.1729,1785,0,100,0
1387,483328,845.13,467,-1.3048,-0.003579,1.549721,1.067012,0.009547,0.0884,600.98,358.3,-1.1766,2751,1,500,0
1388,483328,578.33,291,-1.2241,-0.003579,1.549721,1.067012,0.009547,0.0884,598.36,356.1,-1.1834,2470,0,0,0
1389,483328,1258.02,1053,-1.3829,-0.003579,1.549721,1.067012,0.009547,0.0884,604.39,362.5,-1.1923,3152,3,18950,1
1390,483328,426.25,279,-1.0867,-0.003579,1.549721,1.067012,0.009547,0.0884,602.97,360.8,-1.197,1794,0,200,0
1391,483328,646.09,315,-0.9786,-0.003579,1.549721,1.067012,0.009547,0.0884,605.33,362.0,-1.2039,2750,1,300,0
1392,483328,926.0,617,-1.1736,-0.003579,1.549721,1.067012,0.009547,0.0884,606.71,358.7,-1.2074,2473,1,700,0
1393,485376,422.19,205,-0.9697,-0.010264,1.72661,0.89613,0.012488,0.0894,605.83,358.4,-1.2107,1786,0,100,0
1394,485376,539.44,341,-1.1574,-0.010264,1.72661,0.89613,0.012488,0.0894,606.97,359.8,-1.2159,1784,1,400,0
1395,485376,542.51,251,-1.0736,-0.010264,1.72661,0.89613,0.012488,0.0894,608.19,360.3,-1.2213,1784,0,100,0
1396,485376,422.16,200,-1.1008,-0.010264,1.72661,0.89613,0.012488,0.0894,606.99,358.1,-1.225,1792,0,400,0
1397,485376,474.74,223,-1.0968,-0.010264,1.72661,0.89613,0.012488,0.0894,605.11,357.0,-1.2299,2038,0,100,0
1398,487424,481.02,218,-0.5346,-0.006158,1.129978,0.986264,0.007481,0.093,603.39,356.3,-1.2299,1514,0,0,0
1399,487424,838.87,836,-1.1344,-0.006158,1.129978,0.986264,0.007481,0.093,607.32,361.9,-1.2343,2757,0,100,0
1400,487424,1062.72,945,-1.1654,-0.006158,1.129978,0.986264,0.007481,0.093,610.69,362.5,-1.2372,3156,2,15800,1
1401,487424,545.8,246,-0.3805,-0.006158,1.129978,0.986264,0.007481,0.093,610.76,362.4,-1.2348,1796,0,200,0
1402,489472,541.27,337,-0.5754,-0.003634,1.167517,1.032421,0.009085,0.0815,611.18,361.8,-1.2313,1792,1,500,0
1403,489472,731.98,492,-0.7701,-0.003634,1.167517,1.032421,0.009085,0.0815,611.52,362.4,-1.231,2468,0,100,0
1404,489472,543.15,259,-0.6233,-0.003634,1.167517,1.032421,0.009085,0.0815,612.86,363.2,-1.2294,1781,0,100,0
1405,489472,661.49,334,-0.6319,-0.003634,1.167517,1.032421,0.009085,0.0815,612.5,362.8,-1.2273,1789,0,100,0
1406,491520,885.47,527,-0.8378,-0.009575,2.215513,0.954653,0.010059,0.1013,617.14,366.1,-1.2276,3161,0,21000,1
1407,491520,488.25,265,-0.7856,-0.009575,2.215513,0.954653,0.010059,0.1013,617.49,366.2,-1.2262,1522,0,400,0
1408,491520,1369.71,1154,-0.9465,-0.009575,2.215513,0.954653,0.010059,0.1013,624.62,374.7,-1.2267,3157,2,21200,1
1409,491520,539.34,248,-1.2734,-0.009575,2.215513,0.954653,0.010059,0.1013,624.69,373.8,-1.2267,1802,1,400,0
1410,491520,715.78,342,-1.3189,-0.009575,2.215513,0.954653,0.010059,0.1013,626.43,374.3,-1.2259,2470,0,1100,0
1411,491520,697.12,406,-1.2862,-0.009575,2.215513,0.954653,0.010059,0.1013,629.3,376.4,-1.2211,2472,1,500,0
1412,493568,419.62,413,-1.3729,-0.004747,1.754641,0.744368,0.011053,0.0728,625.36,375.4,-1.2174,1791,0,400,0
1413,493568,707.77,369,-1.2868,-0.004747,1.754641,0.744368,0.011053,0.0728,626.01,375.6,-1.2118,2468,0,500,0
1414,493568,419.61,195,-1.0607,-0.004747,1.754641,0.744368,0.011053,0.0728,623.48,374.5,-1.2043,1794,0,200,0
1415,493568,974.11,492,-1.0585,-0.004747,1.754641,0.744368,0.011053,0.0728,627.34,376.1,-1.1963,3154,0,19350,1
1416,495616,1087.19,742,-1.2764,-0.007064,1.965245,0.936045,0.011099,0.1091,634.06,381.6,-1.1925,3157,1,16550,1
1417,495616,651.92,362,-1.0627,-0.007064,1.965245,0.936045,0.011099,0.1091,636.45,383.3,-1.1875,1797,0,200,0
1418,495616,1060.45,833,-1.3678,-0.007064,1.965245,0.936045,0.011099,0.1091,641.9,389.2,-1.1855,3161,1,17000,1
1419,495616,717.84,407,-1.1895,-0.007064,1.965245,0.936045,0.011099,0.1091,641.56,389.6,-1.1817,2469,0,300,0
1420,495616,491.86,300,-1.252,-0.007064,1.965245,0.936045,0.011099,0.1091,642.07,390.4,-1.1788,2024,0,400,0
1421,497664,904.65,498,-1.1528,-0.005281,1.616449,0.97191,0.008453,0.0869,642.04,390.2,-1.1736,2470,1,1200,0
1422,497664,1032.2,692,-1.2424,-0.005281,1.616449,0.97191,0.008453,0.0869,647.17,394.5,-1.1681,3155,1,17650,1
1423,497664,661.15,363,-1.0781,-0.005281,1.616449,0.97191,0.008453,0.0869,648.66,395.3,-1.16,2467,0,200,0
1424,497664,580.45,310,-1.042,-0.005281,1.616449,0.97191,0.008453,0.0869,645.45,391.4,-1.152,2470,0,200,0
1425,497664,696.13,341,-1.034,-0.005281,1.616449,0.97191,0.008453,0.0869,647.06,392.3,-1.142,2466,1,400,0
1426,499712,429.07,204,-1.3551,-0.009926,3.211153,0.85531,0.015937,0.0994,647.16,391.5,-1.1338,722,0,0,0
1427,499712,807.1,423,-1.3206,-0.009926,3.211153,0.85531,0.015937,0.0994,650.97,393.7,-1.1338,2470,0,300,0
1428,499712,1261.18,800,-1.2179,-0.009926,3.211153,0.85531,0.015937,0.0994,659.47,399.8,-1.1336,3154,3,19600,1
1429,499712,849.2,421,-1.4831,-0.009926,3.211153,0.85531,0.015937,0.0994,659.27,398.3,-1.1306,2763,0,100,0
1430,501760,571.35,437,-1.5082,-0.004973,1.92659,0.822183,0.007951,0.073,659.61,398.4,-1.1308,2469,1,700,0
1431,501760,641.0,382,-1.3138,-0.004973,1.92659,0.822183,0.007951,0.073,659.44,399.0,-1.1362,2039,1,900,0
1432,501760,946.91,573,-1.3596,-0.004973,1.92659,0.822183,0.007951,0.073,663.91,401.9,-1.1405,3157,0,18750,1
1433,501760,1137.35,750,-1.4744,-0.004973,1.92659,0.822183,0.007951,0.073,667.24,404.9,-1.1457,3157,3,20150,1
1434,503808,420.97,202,-1.0468,-0.009579,1.71392,1.22939,0.00745,0.1091,667.05,404.9,-1.1465,1782,0,0,0
1435,503808,1368.21,1000,-1.4062,-0.009579,1.71392,1.22939,0.00745,0.1091,674.9,411.2,-1.1501,3154,3,20200,1
1436,503808,505.64,229,-1.0352,-0.009579,1.71392,1.22939,0.00745,0.1091,674.87,411.0,-1.1484,1791,1,200,0
1437,505856,844.16,585,-1.1355,-0.011122,1.602023,0.898457,0.017943,0.1338,676.03,410.6,-1.1452,3154,0,16700,1
1438,505856,832.49,666,-1.2256,-0.011122,1.602023,0.898457,0.017943,0.1338,679.99,415.0,-1.1456,2473,1,600,0
1439,505856,694.35,339,-1.0253,-0.011122,1.602023,0.898457,0.017943,0.1338,678.2,413.5,-1.1433,2472,0,100,0
1440,505856,342.34,163,-0.969,-0.011122,1.602023,0.898457,0.017943,0.1338,677.05,412.6,-1.1413,722,1,200,0
1441,505856,421.86,211,-1.049,-0.011122,1.602023,0.898457,0.017943,0.1338,676.21,412.2,-1.14,1794,0,200,0
1442,507904,540.14,240,-0.6546,-0.008574,1.227893,1.027718,0.006965,0.0999,674.63,411.4,-1.1346,1779,0,0,0
1443,507904,1338.0,1222,-1.0921,-0.008574,1.227893,1.027718,0.006965,0.0999,676.67,413.1,-1.1316,3156,3,19450,1
1444,509952,1076.01,987,-1.1393,-0.011281,0.924864,1.197944,0.009753,0.123,680.39,419.9,-1.1337,3152,0,17300,1
1445,509952,1014.9,966,-0.96,-0.011281,0.924864,1.197944,0.009753,0.123,684.65,425.2,-1.1329,3152,0,16550,1
1446,509952,967.01,625,-0.7223,-0.011281,0.924864,1.197944,0.009753,0.123,688.9,428.3,-1.1312,3154,2,16950,1
1447,509952,446.92,436,-0.8217,-0.011281,0.924864,1.197944,0.009753,0.123,689.16,430.7,-1.1333,1144,1,300,0
1448,509952,505.88,235,-0.5026,-0.011281,0.924864,1.197944,0.009753,0.123,687.55,429.6,-1.1324,1798,0,200,0
1449,509952,669.24,611,-0.8148,-0.011281,0.924864,1.197944,0.009753,0.123,689.78,433.1,-1.1335,2468,0,300,0
1450,512000,477.59,423,-0.893,-0.006378,1.103336,0.990618,0.009846,0.1125,689.98,434.5,-1.1347,857,0,200,0
1451,512000,425.4,205,-0.7261,-0.006378,1.103336,0.990618,0.009846,0.1125,688.8,431.9,-1.1317,1795,0,100,0
1452,514048,1024.33,769,-0.8961,-0.006471,1.046247,0.998802,0.005583,0.0813,694.04,437.0,-1.1302,3161,0,16600,1
1453,514048,784.45,909,-0.9229,-0.006471,1.046247,0.998802,0.005583,0.0813,695.3,442.7,-1.1296,2468,0,100,0
1454,514048,1078.97,958,-0.9007,-0.006471,1.046247,0.998802,0.005583,0.0813,701.98,450.4,-1.1293,3157,3,18300,1
1455,514048,427.61,229,-0.6623,-0.006471,1.046247,0.998802,0.005583,0.0813,701.01,448.7,-1.1233,1782,0,0,0
1456,516096,741.19,384,-0.3161,-0.005723,0.74211,1.205487,0.00914,0.1226,702.64,448.9,-1.1139,2468,0,200,0
1457,518144,551.72,675,-0.6144,-0.005552,0.712522,1.208959,0.007642,0.1135,702.34,452.6,-1.1074,2469,0,0,0
1458,518144,594.48,381,-0.3492,-0.005552,0.712522,1.208959,0.007642,0.1135,703.23,452.8,-1.0965,2471,1,400,0
1459,518144,1026.05,717,-0.366,-0.005552,0.712522,1.208959,0.007642,0.1135,703.38,454.4,-1.0874,3156,1,17650,1
1460,520192,422.19,231,-0.2163,-0.010479,0.707889,1.33532,0.010225,0.1516,702.18,453.7,-1.0744,1795,0,400,0
1461,520192,582.23,303,-0.2158,-0.010479,0.707889,1.33532,0.010225,0.1516,702.94,454.5,-1.0621,2474,0,100,0
1462,522240,642.64,345,-0.1669,-0.002311,0.578013,1.243595,0.013987,0.1575,704.86,455.6,-1.0516,2754,0,300,0
1463,522240,425.41,196,0.191,-0.002311,0.578013,1.243595,0.013987,0.1575,702.25,454.2,-1.038,1795,0,200,0
1464,522240,838.8,726,-0.3082,-0.002311,0.578013,1.243595,0.013987,0.1575,706.41,456.6,-1.0278,2752,0,300,0
1465,524288,589.17,285,0.078,-0.002273,0.58816,1.26325,0.011573,0.1345,701.19,453.4,-1.0164,1796,0,200,0
1466,524288,879.95,421,0.1188,-0.002273,0.58816,1.26325,0.011573,0.1345,703.05,453.7,-1.0059,2471,0,100,0
1467,524288,970.45,3081,-0.7527,-0.002273,0.58816,1.26325,0.011573,0.1345,705.7,480.8,-1.0045,3157,6,15100,1
1468,526336,973.52,511,-0.152,-0.006116,0.695995,1.129832,0.011192,0.1323,709.67,481.6,-0.9945,3161,1,17700,1
1469,526336,577.2,279,-0.2278,-0.006116,0.695995,1.129832,0.011192,0.1323,710.98,481.7,-0.9851,2471,0,100,0
1470,528384,1014.5,965,-0.5473,-0.011273,0.856958,1.285068,0.006388,0.1387,714.66,487.9,-0.9791,3157,1,16850,1
1471,530432,1126.07,887,-0.4575,-0.013523,0.615739,1.424036,0.008969,0.1829,720.93,493.6,-0.972,3157,2,18000,1
1472,532480,501.78,439,-0.1289,-0.006122,0.521704,1.503358,0.001642,0.0986,721.43,495.5,-0.962,1787,0,500,0
1473,532480,1121.75,927,-0.1974,-0.006122,0.521704,1.503358,0.001642,0.0986,727.3,502.1,-0.9524,3161,3,18700,1
1474,534528,475.38,213,0.442,-0.000727,0.581048,1.245727,0.013178,0.1577,719.68,496.4,-0.9358,2038,1,500,0
1475,534528,845.43,4827,-0.8143,-0.000727,0.581048,1.245727,0.013178,0.1577,723.93,541.8,-0.9292,3157,8,15700,1
1476,534528,1039.75,2831,-0.671,-0.000727,0.581048,1.245727,0.013178,0.1577,728.58,567.1,-0.9221,3161,6,16400,1
1477,534528,941.19,769,-0.1216,-0.000727,0.581048,1.245727,0.013178,0.1577,732.98,572.2,-0.9091,3154,1,18550,1
1478,536576,978.09,700,-0.2101,-0.004505,0.684877,1.159591,0.009092,0.1321,736.48,576.3,-0.8975,2761,0,400,0
1479,536576,1202.34,938,-0.3327,-0.004505,0.684877,1.159591,0.009092,0.1321,739.16,579.1,-0.8857,3157,1,20000,1
1480,538624,569.73,356,-0.3026,-0.004704,1.470317,0.933722,0.02136,0.1357,737.97,579.4,-0.8759,2470,0,100,0
1481,538624,1110.51,788,-0.5233,-0.004704,1.470317,0.933722,0.02136,0.1357,744.28,584.5,-0.8677,3152,2,19100,1
1482,538624,737.66,378,-0.8297,-0.004704,1.470317,0.933722,0.02136,0.1357,741.64,581.4,-0.8611,2473,0,300,0
1483,540672,963.72,622,-0.8949,-0.008653,0.902792,0.982544,0.017388,0.1299,746.67,585.4,-0.8573,3156,2,17300,1
1484,542720,1206.96,771,-0.7054,-0.009047,0.98564,1.166289,0.009581,0.1309,750.76,588.6,-0.8512,3154,2,17250,1
1485,542720,1230.36,812,-0.5748,-0.009047,0.98564,1.166289,0.009581,0.1309,757.36,593.1,-0.8434,3161,1,17700,1
1486,542720,1168.02,734,-0.4566,-0.009047,0.98564,1.166289,0.009581,0.1309,764.86,598.6,-0.8355,3156,1,18800,1
1487,542720,422.16,195,-0.3257,-0.009047,0.98564,1.166289,0.009581,0.1309,760.63,595.9,-0.8257,1795,0,200,0
1488,542720,570.21,458,-0.5503,-0.009047,0.98564,1.166289,0.009581,0.1309,760.55,597.5,-0.8189,2469,0,100,0
1489,544768,742.47,341,-0.3453,-0.005975,0.794395,1.088168,0.007811,0.0955,755.39,590.4,-0.8086,2756,0,100,0
1490,544768,507.65,233,-0.3099,-0.005975,0.794395,1.088168,0.007811,0.0955,756.2,590.0,-0.8008,1805,1,500,0
1491,544768,575.09,326,-0.4595,-0.005975,0.794395,1.088168,0.007811,0.0955,755.49,590.1,-0.7956,2469,0,100,0
1492,544768,421.43,195,-0.3099,-0.005975,0.794395,1.088168,0.007811,0.0955,750.45,585.9,-0.787,1794,0,100,0
1493,544768,854.66,2504,-0.9023,-0.005975,0.794395,1.088168,0.007811,0.0955,754.77,608.9,-0.7863,3161,5,19700,1
1494,544768,461.65,207,-0.3027,-0.005975,0.794395,1.088168,0.007811,0.0955,753.99,607.5,-0.7777,1951,0,100,0
1495,546816,500.18,232,-0.4339,-0.000795,1.47768,0.61323,0.018746,0.114,753.57,607.3,-0.7714,1796,0,100,0
1496,546816,420.09,204,-0.5707,-0.000795,1.47768,0.61323,0.018746,0.114,753.55,607.4,-0.7661,1780,0,100,0
1497,546816,957.97,538,-0.5973,-0.000795,1.47768,0.61323,0.018746,0.114,758.38,610.5,-0.7611,3161,0,17300,1
1498,546816,568.06,319,-0.992,-0.000795,1.47768,0.61323,0.018746,0.114,759.25,611.5,-0.7656,2473,0,100,0
1499,546816,473.99,215,-0.9146,-0.000795,1.47768,0.61323,0.018746,0.114,755.6,605.3,-0.7634,2021,0,500,0
1500,548864,1015.16,606,-0.9442,-0.008897,1.264152,0.703873,0.086269,0.1816,755.13,601.9,-0.7612,3156,0,17600,1
1501,548864,1089.67,1024,-0.898,-0.008897,1.264152,0.703873,0.086269,0.1816,760.57,609.7,-0.7664,3152,3,19150,1
1502,550912,1078.61,641,-0.9484,-0.010462,2.327249,0.921551,0.018661,0.1399,765.94,612.7,-0.7701,3161,3,17700,1
1503,550912,1030.28,714,-1.0067,-0.010462,2.327249,0.921551,0.018661,0.1399,768.92,615.0,-0.7725,3157,2,18200,1
1504,550912,578.97,277,-1.2142,-0.010462,2.327249,0.921551,0.018661,0.1399,769.28,615.1,-0.7784,2473,0,100,0
1505,550912,1085.91,735,-1.1227,-0.010462,2.327249,0.921551,0.018661,0.1399,773.53,619.1,-0.7833,3161,1,18250,1
1506,550912,577.36,285,-1.1999,-0.010462,2.327249,0.921551,0.018661,0.1399,770.45,616.7,-0.7869,2468,0,0,0
1507,550912,582.61,520,-1.0622,-0.010462,2.327249,0.921551,0.018661,0.1399,771.39,619.3,-0.7897,1523,0,200,0
1508,552960,535.8,232,-1.0134,-0.003782,1.408819,0.715138,0.010275,0.0823,763.05,610.1,-0.7904,1783,0,100,0
1509,552960,885.56,496,-0.9587,-0.003782,1.408819,0.715138,0.010275,0.0823,766.51,612.5,-0.7872,2472,0,200,0
1510,552960,786.54,603,-1.0161,-0.003782,1.408819,0.715138,0.010275,0.0823,767.22,615.1,-0.7842,3151,0,15350,1
1511,555008,656.07,304,-0.9633,-0.007086,2.033003,0.751648,0.017372,0.1155,766.81,614.1,-0.781,2471,0,100,0
1512,555008,1304.76,738,-0.9296,-0.007086,2.033003,0.751648,0.017372,0.1155,775.66,617.4,-0.7765,3161,1,18050,1
1513,557056,793.86,424,-1.2014,-0.008682,1.092899,1.078003,0.016003,0.1055,776.52,617.9,-0.7757,3156,0,17550,1
1514,557056,966.78,571,-1.113,-0.008682,1.092899,1.078003,0.016003,0.1055,781.99,621.7,-0.7762,3156,1,17850,1
1515,557056,1140.09,887,-1.1628,-0.008682,1.092899,1.078003,0.016003,0.1055,783.65,625.6,-0.7772,3154,1,15900,1
1516,557056,659.06,332,-0.1947,-0.008682,1.092899,1.078003,0.016003,0.1055,779.37,621.5,-0.7664,2469,0,100,0
1517,557056,424.89,191,-0.0829,-0.008682,1.092899,1.078003,0.016003,0.1055,777.1,619.8,-0.7566,1783,0,100,0
1518,559104,539.17,233,0.015,-0.006727,0.97986,1.035552,0.00969,0.1018,771.89,613.8,-0.7428,1789,0,200,0
1519,559104,584.83,292,-0.2814,-0.006727,0.97986,1.035552,0.00969,0.1018,770.56,612.7,-0.7337,2470,0,300,0
1520,559104,661.42,328,-0.3585,-0.006727,0.97986,1.035552,0.00969,0.1018,772.25,613.0,-0.7248,2469,0,200,0
1521,559104,936.56,503,-0.375,-0.006727,0.97986,1.035552,0.00969,0.1018,772.57,613.0,-0.717,3156,0,18100,1
1522,561152,545.14,248,-0.3265,-0.005416,1.081101,0.81354,0.015902,0.1057,767.7,608.6,-0.7078,1955,0,500,0
1523,561152,428.34,194,-0.424,-0.005416,1.081101,0.81354,0.015902,0.1057,765.37,606.9,-0.7013,1797,0,200,0
1524,561152,736.43,446,-0.5822,-0.005416,1.081101,0.81354,0.015902,0.1057,766.93,608.2,-0.6967,2469,0,1700,0
1525,561152,1181.05,712,-0.5552,-0.005416,1.081101,0.81354,0.015902,0.1057,771.78,612.0,-0.6919,3161,1,18900,1
1526,561152,999.76,2496,-1.2988,-0.005416,1.081101,0.81354,0.015902,0.1057,777.49,634.9,-0.6914,3149,5,19250,1
1527,563200,800.58,372,-0.5425,-0.003568,1.031698,0.906635,0.012354,0.1001,777.43,634.4,-0.6836,2469,0,100,0
1528,563200,927.2,461,-0.5405,-0.003568,1.031698,0.906635,0.012354,0.1001,774.09,631.0,-0.6768,2471,0,400,0
1529,563200,1071.78,690,-0.7022,-0.003568,1.031698,0.906635,0.012354,0.1001,776.31,633.7,-0.669,3157,1,21700,1
1530,565248,1061.33,713,-0.8598,-0.011225,1.716723,0.810271,0.026302,0.144,781.21,636.4,-0.6625,3161,2,19750,1
1531,565248,899.45,480,-0.8217,-0.011225,1.716723,0.810271,0.026302,0.144,783.8,637.4,-0.6576,2475,0,100,0
1532,565248,425.63,196,-0.9533,-0.011225,1.716723,0.810271,0.026302,0.144,778.58,633.6,-0.6535,1794,0,100,0
1533,567296,950.53,573,-1.1165,-0.009465,2.378349,0.772093,0.019074,0.1421,776.71,631.9,-0.6499,3154,1,18150,1
1534,567296,417.75,190,-1.0517,-0.009465,2.378349,0.772093,0.019074,0.1421,776.68,631.7,-0.65,1782,0,100,0
1535,567296,1363.79,891,-1.0976,-0.009465,2.378349,0.772093,0.019074,0.1421,776.64,630.6,-0.6469,3154,1,18100,1
1536,567296,798.93,367,-1.4022,-0.009465,2.378349,0.772093,0.019074,0.1421,779.57,632.0,-0.6506,2472,0,100,0
1537,567296,1225.53,736,-1.4253,-0.009465,2.378349,0.772093,0.019074,0.1421,783.39,633.5,-0.6535,3157,2,19100,1
1538,569344,936.6,684,-1.5548,-0.011063,2.343674,0.870334,0.022484,0.1279,784.43,633.7,-0.6568,3155,1,17400,1
1539,569344,1295.59,748,-1.4675,-0.011063,2.343674,0.870334,0.022484,0.1279,790.44,637.8,-0.6612,3156,1,17800,1
1540,569344,788.67,538,-1.3909,-0.011063,2.343674,0.870334,0.022484,0.1279,794.9,641.6,-0.6654,1797,0,500,0
1541,571392,639.5,324,-0.8726,-0.007688,1.231538,1.06382,0.014305,0.1277,797.08,642.7,-0.6636,2750,1,300,0
1542,571392,646.05,287,-0.451,-0.007688,1.231538,1.06382,0.014305,0.1277,798.14,643.2,-0.6616,2751,1,300,0
1543,573440,1349.72,787,-0.745,-0.007713,1.142668,1.011282,0.010758,0.1167,798.25,638.8,-0.6581,3156,3,19800,1
1544,573440,712.31,305,-0.4182,-0.007713,1.142668,1.011282,0.010758,0.1167,794.62,632.0,-0.6509,2747,1,400,0
1545,575488,1319.24,1571,-1.0465,-0.006184,0.705536,1.189639,0.006486,0.1057,797.66,638.0,-0.6518,3150,0,13050,1
1546,575488,1066.12,705,-0.5056,-0.006184,0.705536,1.189639,0.006486,0.1057,798.65,638.8,-0.6496,3157,2,16900,1
1547,577536,1231.85,858,-0.5187,-0.012732,0.813123,1.388045,0.005385,0.1216,806.5,643.1,-0.6466,3154,4,18450,1
1548,577536,585.53,263,-0.1069,-0.012732,0.813123,1.388045,0.005385,0.1216,807.3,643.3,-0.6426,2473,0,100,0
1549,577536,930.89,541,-0.3036,-0.012732,0.813123,1.388045,0.005385,0.1216,809.91,642.6,-0.6375,3161,1,17650,1
1550,579584,1117.05,774,-0.3604,-0.008931,0.91553,1.165278,0.011132,0.1042,816.31,646.1,-0.6322,3161,4,20600,1
1551,579584,1047.8,2791,-1.2141,-0.008931,0.91553,1.165278,0.011132,0.1042,822.53,672.0,-0.6371,3154,6,17450,1
1552,579584,578.47,276,-0.3656,-0.008931,0.91553,1.165278,0.011132,0.1042,818.07,667.1,-0.6318,2471,0,100,0
1553,581632,953.44,553,-0.6111,-0.008377,1.060199,0.957343,0.016244,0.1035,819.76,663.5,-0.6287,3155,1,18000,1
1554,581632,1211.19,1020,-0.7078,-0.008377,1.060199,0.957343,0.016244,0.1035,821.09,664.1,-0.6267,3157,2,18850,1
1555,583680,1280.91,883,-0.7121,-0.017587,0.792719,1.462931,0.00814,0.1626,829.62,670.7,-0.6272,3155,6,21850,1
1556,583680,652.62,311,-0.3578,-0.017587,0.792719,1.462931,0.00814,0.1626,828.73,670.0,-0.6276,2471,0,300,0
1557,583680,653.28,289,-0.285,-0.017587,0.792719,1.462931,0.00814,0.1626,829.75,666.1,-0.6243,2471,0,200,0
1558,585728,1183.23,631,-0.4163,-0.000678,1.157645,0.777922,0.00968,0.1072,835.64,668.6,-0.625,3154,1,18400,1
1559,585728,931.92,413,-0.4423,-0.000678,1.157645,0.777922,0.00968,0.1072,834.7,665.5,-0.6258,2775,1,400,0
1560,585728,1121.6,694,-0.5734,-0.000678,1.157645,0.777922,0.00968,0.1072,841.69,670.2,-0.6294,3157,3,20050,1
1561,587776,562.71,250,-0.5949,-0.008056,0.964766,1.017973,0.016271,0.1094,841.49,669.6,-0.6331,2470,0,100,0
1562,587776,955.42,2464,-1.044,-0.008056,0.964766,1.017973,0.016271,0.1094,844.62,690.8,-0.6419,3154,5,20050,1
1563,587776,1145.99,628,-0.6948,-0.008056,0.964766,1.017973,0.016271,0.1094,851.83,695.2,-0.6508,3152,1,18300,1
1564,587776,1344.88,910,-0.7593,-0.008056,0.964766,1.017973,0.016271,0.1094,856.89,697.0,-0.6553,3161,5,22800,1
1565,589824,653.94,314,-0.5609,-0.012043,1.52315,1.019511,0.017512,0.1023,857.54,697.3,-0.6617,2472,0,300,0
1566,589824,639.0,596,-0.7862,-0.012043,1.52315,1.019511,0.017512,0.1023,855.13,699.0,-0.6707,2473,0,300,0
1567,589824,672.39,300,-0.7456,-0.012043,1.52315,1.019511,0.017512,0.1023,852.15,671.2,-0.6707,2475,0,300,0
1568,589824,422.64,197,-0.7424,-0.012043,1.52315,1.019511,0.017512,0.1023,846.64,668.1,-0.6766,1797,0,200,0
1569,591872,1280.33,908,-0.9252,-0.009999,1.727205,0.812281,0.025199,0.1262,853.67,674.4,-0.6835,3161,2,19850,1
1570,591872,574.82,270,-1.0139,-0.009999,1.727205,0.812281,0.025199,0.1262,849.27,667.4,-0.6882,2466,0,0,0
1571,593920,918.85,496,-0.3521,-0.009367,0.705154,1.268318,0.008994,0.0955,847.2,663.5,-0.6871,3154,1,18650,1
1572,593920,1096.46,962,-0.8803,-0.009367,0.705154,1.268318,0.008994,0.0955,853.15,668.8,-0.6947,3157,2,18650,1
1573,595968,573.67,281,0.4726,-0.00844,0.578465,1.398353,-0.002512,0.1172,847.67,662.3,-0.688,2471,0,200,0
1574,598016,1273.23,790,0.1141,-0.00541,0.604571,1.327459,-0.000335,0.0845,855.64,668.1,-0.6912,3157,3,18900,1
1575,598016,964.11,541,0.1803,-0.00541,0.604571,1.327459,-0.000335,0.0845,856.83,625.2,-0.6813,3161,1,17500,1
1576,600064,1002.97,2551,-0.9128,-0.007948,0.688624,1.259124,0.00781,0.1284,856.46,622.4,-0.6837,3157,6,18500,1
1577,600064,1118.35,2678,-0.8873,-0.007948,0.688624,1.259124,0.00781,0.1284,858.24,641.5,-0.6914,3161,4,19150,1
1578,600064,1110.72,652,-0.0406,-0.007948,0.688624,1.259124,0.00781,0.1284,859.56,641.0,-0.6897,3157,1,18300,1
1579,600064,567.51,272,0.0764,-0.007948,0.688624,1.259124,0.00781,0.1284,853.21,634.4,-0.6856,2469,0,200,0
1580,602112,1149.42,712,-0.4297,-0.010888,1.343609,0.934394,0.01871,0.1204,859.01,637.9,-0.6868,3157,1,19150,1
1581,602112,1284.06,814,-0.4711,-0.010888,1.343609,0.934394,0.01871,0.1204,860.75,638.2,-0.6863,3161,0,18950,1
1582,604160,417.08,192,-0.2522,-0.009062,0.805721,1.195256,0.009257,0.0916,857.54,636.3,-0.6806,1798,0,100,0
1583,604160,933.48,656,-0.6403,-0.009062,0.805721,1.195256,0.009257,0.0916,857.24,636.6,-0.678,3156,0,18650,1
1584,604160,649.15,291,-0.1352,-0.009062,0.805721,1.195256,0.009257,0.0916,851.66,631.9,-0.6723,2474,0,300,0
1585,606208,1066.87,617,-0.3241,-0.005187,0.711433,1.041171,0.008311,0.1023,850.02,629.9,-0.6698,3157,3,18000,1
1586,606208,771.73,1036,-0.6523,-0.005187,0.711433,1.041171,0.008311,0.1023,846.06,632.9,-0.6718,2471,0,200,0
1587,608256,942.11,2452,-0.8102,-0.007476,0.821811,1.140894,0.005837,0.1023,851.26,655.5,-0.6766,3161,5,18400,1
1588,608256,1210.61,917,-0.413,-0.007476,0.821811,1.140894,0.005837,0.1023,857.67,660.1,-0.6752,3154,6,19550,1
1589,608256,575.01,271,-0.2249,-0.007476,0.821811,1.140894,0.005837,0.1023,855.99,659.4,-0.674,2470,0,200,0
1590,608256,1164.0,740,-0.3323,-0.007476,0.821811,1.140894,0.005837,0.1023,862.55,664.5,-0.6742,3156,0,18650,1
1591,610304,1237.47,739,-0.4798,-0.014233,1.431848,0.834342,0.020331,0.0984,869.18,668.6,-0.6744,3157,3,23000,1
1592,610304,939.85,522,-0.7365,-0.014233,1.431848,0.834342,0.020331,0.0984,874.36,671.9,-0.6787,3157,1,18300,1
1593,610304,565.4,269,-0.814,-0.014233,1.431848,0.834342,0.020331,0.0984,871.47,649.5,-0.6778,2469,0,200,0
1594,612352,959.12,613,-0.9182,-0.011986,1.569295,0.922735,0.027344,0.134,876.44,653.6,-0.684,3156,1,20900,1
1595,612352,562.4,264,-0.7798,-0.011986,1.569295,0.922735,0.027344,0.134,877.07,653.9,-0.6874,2466,0,200,0
1596,612352,946.64,544,-0.8952,-0.011986,1.569295,0.922735,0.027344,0.134,882.33,657.3,-0.6907,3156,1,17200,1
1597,614400,1139.62,706,-0.739,-0.004586,0.8287,1.031241,0.011167,0.113,884.15,659.0,-0.6921,3157,1,18000,1
1598,616448,1100.18,873,-0.458,-0.005705,0.644632,1.22841,0.004278,0.125,889.47,664.5,-0.6868,3161,2,18150,1
1599,618496,1340.09,901,-0.2999,-0.011018,0.769788,1.278571,0.004704,0.1328,898.13,671.4,-0.6806,3157,1,19050,1
1600,618496,835.9,2419,-1.1,-0.011018,0.769788,1.278571,0.004704,0.1328,896.34,689.5,-0.6822,3161,4,18250,1
1601,618496,1298.66,1675,-0.6716,-0.011018,0.769788,1.278571,0.004704,0.1328,898.43,696.0,-0.6799,3151,1,14000,1
1602,620544,1280.56,809,-0.3396,-0.007504,1.322678,0.805197,0.020852,0.1309,900.45,697.7,-0.6738,3156,2,18100,1
1603,620544,952.4,510,-0.5145,-0.007504,1.322678,0.805197,0.020852,0.1309,899.67,695.6,-0.6689,3157,1,20600,1
1604,620544,572.91,268,-0.5826,-0.007504,1.322678,0.805197,0.020852,0.1309,899.61,695.5,-0.6626,2471,0,200,0
1605,620544,1273.01,874,-0.6839,-0.007504,1.322678,0.805197,0.020852,0.1309,901.48,696.9,-0.6582,3156,2,18750,1
1606,620544,1283.6,813,-0.6354,-0.007504,1.322678,0.805197,0.020852,0.1309,908.54,702.2,-0.6526,3157,2,18550,1
1607,622592,576.48,264,-0.5947,-0.009145,1.831418,0.808121,0.023788,0.1436,908.48,699.7,-0.6479,2472,0,200,0
1608,622592,1010.67,560,-1.0111,-0.009145,1.831418,0.808121,0.023788,0.1436,913.23,702.9,-0.6479,3149,1,17700,1
1609,624640,574.97,260,-1.1347,-0.008238,2.705278,0.73161,0.023332,0.1074,910.12,700.6,-0.6496,2473,0,0,0
1610,624640,577.19,267,-1.1476,-0.008238,2.705278,0.73161,0.023332,0.1074,908.03,697.2,-0.6509,2470,0,200,0
1611,626688,1279.48,1057,-1.3328,-0.003416,0.646944,1.328221,0.015175,0.1206,914.26,704.8,-0.6546,3155,0,19650,1
1612,626688,654.56,309,0.8693,-0.003416,0.646944,1.328221,0.015175,0.1206,907.76,700.5,-0.6366,2467,0,300,0
1613,628736,1159.0,992,-0.1882,-0.008019,0.590845,1.216572,0.007749,0.1238,911.41,706.1,-0.6265,3161,2,18750,1
1614,630784,1015.99,815,0.0339,-0.010102,0.512601,1.521195,0.001966,0.1211,911.91,708.6,-0.615,3152,1,17700,1
1615,630784,571.53,264,0.4891,-0.010102,0.512601,1.521195,0.001966,0.1211,906.22,702.4,-0.5985,2469,0,200,0
1616,630784,569.01,276,0.5719,-0.010102,0.512601,1.521195,0.001966,0.1211,905.32,701.8,-0.5908,2470,0,400,0
1617,630784,974.02,2487,-1.0514,-0.010102,0.512601,1.521195,0.001966,0.1211,910.81,724.8,-0.6005,3161,6,18900,1
1618,632832,858.79,372,0.6608,-0.003471,0.818193,0.921298,0.009852,0.0801,914.01,726.1,-0.5941,2747,1,400,0
1619,632832,1059.26,2647,-1.0094,-0.003471,0.818193,0.921298,0.009852,0.0801,918.75,749.7,-0.6014,3156,6,20650,1
1620,632832,696.05,321,0.145,-0.003471,0.818193,0.921298,0.009852,0.0801,919.1,749.6,-0.5963,2472,0,500,0
1621,632832,654.11,307,-0.2196,-0.003471,0.818193,0.921298,0.009852,0.0801,916.27,747.7,-0.5948,2468,0,200,0
1622,632832,911.78,526,-0.1276,-0.003471,0.818193,0.921298,0.009852,0.0801,919.94,750.4,-0.5928,3156,0,17350,1
1623,632832,651.51,303,-0.2181,-0.003471,0.818193,0.921298,0.009852,0.0801,922.17,751.5,-0.5907,2466,0,200,0
1624,634880,914.1,505,-0.4721,-0.004619,3.544617,0.439641,0.024678,0.0879,923.95,752.1,-0.5896,3151,2,18300,1
1625,634880,952.6,571,-0.8706,-0.004619,3.544617,0.439641,0.024678,0.0879,921.66,750.7,-0.5928,3156,1,17200,1
1626,636928,1389.25,941,-1.2584,-0.002692,1.245556,0.795298,0.011776,0.1064,925.56,735.2,-0.5924,3155,1,18900,1
1627,638976,1279.59,1628,-0.8109,-0.007558,0.656335,1.351984,0.004608,0.1179,930.35,747.7,-0.5951,3154,3,19650,1
1628,641024,1105.33,755,-0.1774,-0.009494,0.532181,1.509111,0.002015,0.0898,932.13,750.7,-0.5914,3156,2,18100,1
1629,641024,941.6,493,0.3572,-0.009494,0.532181,1.509111,0.002015,0.0898,930.83,748.7,-0.5808,3157,0,17600,1
1630,643072,1033.71,622,0.1417,-0.006609,0.614187,1.214977,0.007045,0.1223,930.55,747.8,-0.5708,3157,2,18050,1
1631,645120,997.5,2554,-0.9412,-0.009422,0.576374,1.283896,0.013776,0.1235,931.53,768.5,-0.572,3156,6,23700,1
1632,645120,1088.5,2535,-0.8135,-0.009422,0.576374,1.283896,0.013776,0.1235,938.16,791.9,-0.5706,3151,6,21000,1
1633,645120,1215.76,635,-0.0607,-0.009422,0.576374,1.283896,0.013776,0.1235,940.81,792.5,-0.5601,3157,3,21050,1
1634,645120,1265.91,970,-0.205,-0.009422,0.576374,1.283896,0.013776,0.1235,949.29,800.3,-0.5516,3149,3,18800,1
1635,647168,1056.27,756,-0.5178,-0.010658,2.006081,0.79916,0.018493,0.1167,946.22,799.0,-0.5458,3156,1,18650,1
1636,649216,1132.94,650,-0.8707,-0.01184,1.062445,1.021055,0.019227,0.1367,949.56,801.8,-0.5405,3161,3,18550,1
1637,649216,1115.68,543,-0.6531,-0.01184,1.062445,1.021055,0.019227,0.1367,948.46,799.9,-0.5327,3161,2,18400,1
1638,649216,1191.95,1072,-0.8598,-0.01184,1.062445,1.021055,0.019227,0.1367,951.01,803.8,-0.5258,3157,1,17850,1
1639,651264,950.38,481,-0.3042,-0.007677,0.879112,1.012777,0.008643,0.1184,947.56,801.1,-0.5142,3157,1,21000,1
1640,651264,1115.59,581,-0.3273,-0.007677,0.879112,1.012777,0.008643,0.1184,950.83,801.5,-0.5035,3156,3,18300,1
1641,651264,1134.1,589,-0.3454,-0.007677,0.879112,1.012777,0.008643,0.1184,955.78,804.2,-0.4983,3157,2,20150,1
1642,653312,1270.06,829,-0.503,-0.009077,0.951647,0.969189,0.010878,0.1125,962.02,809.6,-0.4988,3157,1,18600,1
1643,655360,959.47,582,-0.4957,-0.011783,0.98319,0.983842,0.010996,0.1262,958.11,807.5,-0.4963,3151,2,19450,1
1644,655360,946.32,443,-0.3855,-0.011783,0.98319,0.983842,0.010996,0.1262,960.45,808.9,-0.496,3149,1,18150,1
1645,655360,981.34,2486,-1.1593,-0.011783,0.98319,0.983842,0.010996,0.1262,957.08,818.1,-0.4971,3156,6,19350,1
1646,657408,1229.35,771,-0.6194,-0.008338,1.10968,0.851886,0.016309,0.0938,958.71,818.7,-0.4982,3151,1,21700,1
1647,657408,1281.68,733,-0.6625,-0.008338,1.10968,0.851886,0.016309,0.0938,959.21,817.5,-0.4997,3157,3,20650,1
1648,659456,1279.7,860,-0.6623,-0.012476,0.889033,1.218806,0.00493,0.1104,966.15,823.5,-0.5052,3154,2,18800,1
1649,661504,1300.04,736,-0.5425,-0.006013,0.967911,1.054884,0.011635,0.1003,969.84,825.4,-0.5076,3161,2,20450,1
1650,661504,1128.75,663,-0.4532,-0.006013,0.967911,1.054884,0.011635,0.1003,969.96,824.3,-0.5085,3152,3,18650,1
1651,661504,1272.97,730,-0.5132,-0.006013,0.967911,1.054884,0.011635,0.1003,972.21,803.7,-0.5015,3161,3,19300,1
1652,661504,1047.05,2570,-1.0327,-0.006013,0.967911,1.054884,0.011635,0.1003,976.89,826.6,-0.5082,3157,7,21550,1
1653,663552,941.15,603,-0.5457,-0.011181,1.098105,0.883611,0.019716,0.115,976.77,827.1,-0.5075,3150,0,17950,1
1654,663552,1287.02,817,-0.6581,-0.011181,1.098105,0.883611,0.019716,0.115,977.53,825.1,-0.507,3156,3,19400,1
1655,663552,1259.57,661,-0.6225,-0.011181,1.098105,0.883611,0.019716,0.115,977.32,822.9,-0.5061,3161,2,18700,1
1656,665600,1059.23,570,-0.8301,-0.016466,1.994671,0.806032,0.037182,0.1345,981.38,825.5,-0.5109,3156,1,17900,1
1657,667648,1049.8,734,-1.0775,-0.011447,1.016688,0.993032,0.009928,0.0908,985.35,829.9,-0.5188,3161,3,18050,1
1658,667648,1186.48,689,-1.0716,-0.011447,1.016688,0.993032,0.009928,0.0908,985.38,830.5,-0.5253,3161,2,18750,1
1659,667648,1119.82,528,-0.8932,-0.011447,1.016688,0.993032,0.009928,0.0908,987.26,831.6,-0.5299,3154,2,20150,1
1660,669696,952.34,503,-0.1934,-0.009437,0.96477,0.909687,0.018608,0.1045,985.57,829.7,-0.5261,3161,1,20900,1
1661,669696,942.53,487,-0.1869,-0.009437,0.96477,0.909687,0.018608,0.1045,989.36,832.1,-0.522,3152,0,17650,1
1662,671744,1100.82,569,-0.2109,-0.008174,0.671412,1.204272,0.01174,0.0896,990.82,813.1,-0.5136,3154,1,18250,1
1663,671744,823.59,2386,-1.1998,-0.008174,0.671412,1.204272,0.01174,0.0896,987.59,830.7,-0.5187,3161,4,18300,1
1664,671744,1168.3,749,-0.3222,-0.008174,0.671412,1.204272,0.01174,0.0896,985.83,829.1,-0.5143,3161,2,19050,1
1665,673792,951.7,501,-0.0382,-0.006476,0.784651,1.037537,0.005283,0.0898,988.81,831.0,-0.5091,3155,1,18050,1
1666,673792,1024.79,597,-0.2369,-0.006476,0.784651,1.037537,0.005283,0.0898,992.66,831.0,-0.5036,3151,1,18200,1
1667,673792,1262.46,753,-0.1834,-0.006476,0.784651,1.037537,0.005283,0.0898,998.56,835.5,-0.498,3151,1,19100,1
1668,675840,1272.85,695,-0.4819,-0.007424,0.958271,1.025475,0.012021,0.1187,1007.07,840.5,-0.4954,3153,3,20050,1
1669,677888,1207.4,674,-0.5425,-0.010259,1.193575,0.965388,0.017027,0.1353,1006.34,838.2,-0.4916,3161,1,18950,1
1670,677888,1185.43,666,-0.5569,-0.010259,1.193575,0.965388,0.017027,0.1353,1012.44,842.1,-0.487,3151,1,19050,1
1671,677888,1100.31,2564,-0.9355,-0.010259,1.193575,0.965388,0.017027,0.1353,1014.26,862.8,-0.4928,3161,6,23000,1
1672,677888,728.99,333,-0.5287,-0.010259,1.193575,0.965388,0.017027,0.1353,1010.58,856.5,-0.4893,2851,0,400,0
1673,677888,501.28,219,-0.5792,-0.010259,1.193575,0.965388,0.017027,0.1353,1009.86,855.9,-0.4998,1787,0,200,0
1674,679936,1130.72,636,-0.9094,-0.010542,3.479315,0.399365,0.035958,0.1047,1008.43,854.4,-0.5101,3157,3,18100,1
1675,679936,1258.72,650,-1.104,-0.010542,3.479315,0.399365,0.035958,0.1047,1011.38,855.5,-0.5229,3149,3,19450,1
1676,681984,1115.72,724,-1.1915,-0.00948,1.12138,1.010972,0.013123,0.0981,1012.51,837.2,-0.5257,3157,0,18750,1
1677,681984,1208.43,608,-1.1212,-0.00948,1.12138,1.010972,0.013123,0.0981,1013.41,816.5,-0.528,3155,2,18800,1
1678,684032,1273.99,703,-0.7145,-0.007632,1.103666,0.884737,0.008267,0.1318,1015.04,817.0,-0.5348,3156,4,19400,1
1679,684032,1171.9,657,-0.4874,-0.007632,1.103666,0.884737,0.008267,0.1318,1021.09,820.8,-0.5404,3149,3,19550,1
1680,686080,1280.07,796,-0.5556,-0.007452,0.937339,0.969128,0.015926,0.1218,1022.39,821.7,-0.5417,3161,3,20150,1
1681,686080,1267.24,698,-0.5185,-0.007452,0.937339,0.969128,0.015926,0.1218,1022.22,820.5,-0.5421,3153,3,19250,1
1682,688128,1137.86,2546,-1.1999,-0.010053,0.711773,1.092419,0.012802,0.1418,1029.43,844.1,-0.5516,3157,5,19400,1
1683,688128,1175.35,654,-0.3858,-0.010053,0.711773,1.092419,0.012802,0.1418,1031.85,844.0,-0.5491,3151,2,18750,1
1684,690176,1263.64,594,-0.038,-0.007108,0.693369,1.046441,0.00858,0.1182,1037.99,847.1,-0.5481,3161,2,19000,1
1685,690176,1295.07,754,-0.135,-0.007108,0.693369,1.046441,0.00858,0.1182,1040.28,848.4,-0.5462,3161,3,19550,1
1686,692224,1009.11,463,-0.004,-0.008044,0.663677,1.141672,0.007863,0.1511,1042.65,842.7,-0.5397,3161,2,18500,1
1687,692224,1105.13,539,-0.0214,-0.008044,0.663677,1.141672,0.007863,0.1511,1044.28,823.6,-0.5318,3152,1,18500,1
1688,694272,1137.75,2513,-0.8488,-0.007498,1.324483,0.779807,0.011222,0.1055,1043.55,839.5,-0.5362,3156,5,22300,1
1689,694272,1232.41,1799,-0.549,-0.007498,1.324483,0.779807,0.011222,0.1055,1050.13,854.8,-0.5394,3154,3,9350,1
1690,694272,893.41,464,-0.281,-0.007498,1.324483,0.779807,0.011222,0.1055,1047.42,852.1,-0.5389,3161,0,17400,1
1691,696320,1161.55,665,-0.5697,-0.011711,2.907571,0.499016,0.035162,0.1262,1046.66,851.3,-0.5398,3155,1,17900,1
1692,696320,951.73,489,-0.7348,-0.011711,2.907571,0.499016,0.035162,0.1262,1046.78,851.0,-0.5398,3156,2,17900,1
1693,696320,1261.66,597,-1.1255,-0.011711,2.907571,0.499016,0.035162,0.1262,1053.74,854.3,-0.5429,3152,3,19550,1
1694,696320,1380.87,737,-1.1261,-0.011711,2.907571,0.499016,0.035162,0.1262,1057.96,855.5,-0.545,3151,3,19750,1
1695,696320,947.96,450,-1.4362,-0.011711,2.907571,0.499016,0.035162,0.1262,1061.82,857.4,-0.5516,3156,2,19250,1
1696,698368,1290.07,709,-1.6657,-0.005995,5.696159,0.404456,0.036128,0.1055,1065.25,859.0,-0.5593,3156,2,21700,1
1697,698368,1099.96,546,-1.9142,-0.005995,5.696159,0.404456,0.036128,0.1055,1064.85,857.4,-0.571,3154,0,17850,1
1698,698368,1124.49,592,-2.0353,-0.005995,5.696159,0.404456,0.036128,0.1055,1065.1,854.6,-0.5868,3157,4,22000,1
1699,700416,1119.82,743,-1.9701,-0.00562,2.446573,0.643477,0.024458,0.1287,1062.89,853.0,-0.6035,3157,2,19000,1
1700,702464,1380.93,945,-1.7186,-0.011799,1.629622,0.861355,0.023969,0.1228,1068.34,838.3,-0.6097,3154,4,19800,1
1701,702464,1277.21,811,-1.5447,-0.011799,1.629622,0.861355,0.023969,0.1228,1068.13,829.6,-0.6184,3155,2,18550,1
1702,702464,1011.69,511,-0.9979,-0.011799,1.629622,0.861355,0.023969,0.1228,1065.44,826.7,-0.625,3157,1,17800,1
1703,702464,1226.59,781,-1.2975,-0.011799,1.629622,0.861355,0.023969,0.1228,1068.18,829.4,-0.6328,3156,2,18550,1
1704,704512,1006.46,510,-0.9036,-0.015056,2.798736,0.565764,0.02972,0.1125,1072.52,831.8,-0.636,3156,1,19550,1
1705,704512,1060.4,515,-0.9179,-0.015056,2.798736,0.565764,0.02972,0.1125,1070.39,828.2,-0.6384,3157,3,19850,1
1706,704512,1278.78,687,-1.105,-0.015056,2.798736,0.565764,0.02972,0.1125,1070.34,827.0,-0.6431,3157,0,18500,1
1707,704512,1281.56,804,-1.2659,-0.015056,2.798736,0.565764,0.02972,0.1125,1077.39,832.4,-0.6498,3157,0,21400,1
1708,706560,1211.55,727,-1.4582,-0.003671,2.254236,0.716417,0.015797,0.1152,1079.4,834.0,-0.6542,3157,2,22200,1
1709,706560,1296.65,794,-1.4731,-0.003671,2.254236,0.716417,0.015797,0.1152,1086.62,839.4,-0.6576,3156,3,22200,1
1710,708608,1278.36,770,-1.4428,-0.012078,2.154194,0.812623,0.020559,0.1323,1093.63,844.4,-0.6606,3154,2,19250,1
1711,708608,1270.85,657,-1.359,-0.012078,2.154194,0.812623,0.020559,0.1323,1093.55,840.4,-0.6608,3155,2,18850,1
1712,708608,945.09,509,-1.2536,-0.012078,2.154194,0.812623,0.020559,0.1323,1096.45,842.4,-0.6821,3161,1,17800,1
1713,708608,1042.99,545,-1.2774,-0.012078,2.154194,0.812623,0.020559,0.1323,1095.29,837.9,-0.693,3153,1,18400,1
1714,710656,1191.99,726,-1.4522,-0.013671,3.154091,0.5595,0.030072,0.1213,1097.05,837.0,-0.7078,3156,1,18250,1
1715,710656,1305.1,789,-1.4948,-0.013671,3.154091,0.5595,0.030072,0.1213,1104.39,842.3,-0.7277,3161,6,22950,1
1716,712704,1109.31,607,-1.606,-0.009385,2.462999,0.733631,0.029179,0.147,1109.79,845.6,-0.7494,3157,3,18600,1
1717,712704,1283.6,762,-1.6059,-0.009385,2.462999,0.733631,0.029179,0.147,1112.89,828.3,-0.755,3157,2,18950,1
1718,712704,1098.99,677,-1.5336,-0.009385,2.462999,0.733631,0.029179,0.147,1115.29,831.4,-0.7769,3155,1,18000,1
1719,714752,1309.41,883,-1.4764,-0.011022,2.153863,0.720947,0.019551,0.1001,1117.79,813.8,-0.7816,3161,1,19750,1
1720,714752,1170.84,670,-1.3898,-0.011022,2.153863,0.720947,0.019551,0.1001,1122.54,817.2,-0.7969,3156,2,18800,1
1721,714752,1284.18,839,-1.4191,-0.011022,2.153863,0.720947,0.019551,0.1001,1128.84,822.6,-0.8089,3151,2,21700,1
1722,716800,1215.44,790,-1.2729,-0.008823,1.326303,0.842186,0.017437,0.1072,1131.87,825.2,-0.8204,3156,2,18750,1
1723,718848,1007.56,841,-1.0625,-0.012779,1.142918,0.955557,0.015246,0.1392,1135.43,830.6,-0.8288,3161,2,18750,1
1724,718848,977.2,486,-0.6538,-0.012779,1.142918,0.955557,0.015246,0.1392,1136.07,830.4,-0.8307,3152,1,18650,1
1725,718848,1244.65,985,-0.9428,-0.012779,1.142918,0.955557,0.015246,0.1392,1138.99,834.5,-0.8314,3161,2,20250,1
1726,720896,626.26,267,-0.4834,-0.013084,0.993824,0.906717,0.019591,0.1265,1131.36,827.8,-0.8236,2754,0,100,0
1727,722944,1263.28,894,-0.7157,-0.006891,0.554436,1.428308,0.008063,0.1104,1131.19,820.5,-0.8227,3151,2,18500,1
1728,722944,1164.15,933,-0.2991,-0.006891,0.554436,1.428308,0.008063,0.1104,1131.78,822.2,-0.8239,3161,1,18650,1
1729,724992,941.19,1418,-0.7084,-0.008148,0.658173,1.172545,0.008689,0.1199,1131.78,831.5,-0.8345,3157,1,18400,1
1730,724992,1295.37,682,0.3254,-0.008148,0.658173,1.172545,0.008689,0.1199,1134.39,832.1,-0.8327,3153,1,18600,1
1731,724992,1159.04,2764,-1.0063,-0.008148,0.658173,1.172545,0.008689,0.1199,1136.01,834.2,-0.8334,3157,7,21050,1
1732,727040,1108.47,571,0.0067,-0.004897,0.874103,0.940189,0.011207,0.0894,1136.21,814.5,-0.8252,3161,1,18450,1
1733,727040,528.35,911,-0.4862,-0.004897,0.874103,0.940189,0.011207,0.0894,1129.34,817.3,-0.8294,2469,0,200,0
1734,729088,1270.17,839,-0.3432,-0.004806,1.346765,0.831981,0.011425,0.1133,1129.38,816.0,-0.8308,3161,2,20650,1
1735,729088,1284.53,721,-0.5226,-0.004806,1.346765,0.831981,0.011425,0.1133,1131.66,815.6,-0.8308,3151,3,20350,1
1736,729088,1010.27,587,-0.6796,-0.004806,1.346765,0.831981,0.011425,0.1133,1130.43,815.0,-0.8289,3161,1,18400,1
1737,731136,1261.84,692,-0.853,-0.012451,1.208022,0.776932,0.022875,0.1328,1131.9,816.5,-0.8309,3161,0,18150,1
1738,731136,1061.54,1187,-0.8528,-0.012451,1.208022,0.776932,0.022875,0.1328,1130.59,817.6,-0.8309,3156,0,17950,1
1739,731136,1109.5,643,-0.8208,-0.012451,1.208022,0.776932,0.022875,0.1328,1132.18,819.3,-0.836,3156,1,21200,1
1740,731136,948.01,471,-0.7551,-0.012451,1.208022,0.776932,0.022875,0.1328,1130.51,818.2,-0.8403,3155,1,18150,1
1741,731136,579.13,266,-0.6022,-0.012451,1.208022,0.776932,0.022875,0.1328,1124.96,814.9,-0.8429,2469,0,200,0
1742,733184,568.86,253,-0.7493,-0.008353,1.823293,0.60089,0.022354,0.0933,1117.94,809.2,-0.8453,2470,0,200,0
1743,735232,1259.69,827,-1.0287,-0.011162,1.51377,0.911273,0.013436,0.1016,1120.95,811.6,-0.8507,3152,2,18400,1
1744,735232,1248.16,1089,-1.1371,-0.011162,1.51377,0.911273,0.013436,0.1016,1123.97,818.1,-0.8582,3156,0,18100,1
1745,735232,991.66,792,-1.182,-0.011162,1.51377,0.911273,0.013436,0.1016,1124.07,801.1,-0.8584,3150,1,18300,1
1746,735232,1273.71,946,-1.1668,-0.011162,1.51377,0.911273,0.013436,0.1016,1124.51,802.9,-0.8639,3157,4,19200,1
1747,737280,1115.68,636,-0.8785,-0.011697,1.034394,0.903427,0.020483,0.1035,1122.85,801.9,-0.866,3161,1,21200,1
1748,737280,959.01,515,-0.6987,-0.011697,1.034394,0.903427,0.020483,0.1035,1119.65,798.5,-0.8664,3152,1,21100,1
1749,739328,1219.63,742,-0.8162,-0.014219,2.168042,0.785099,0.026454,0.1189,1118.84,798.5,-0.8691,3156,0,17350,1
1750,739328,1249.42,937,-1.0038,-0.014219,2.168042,0.785099,0.026454,0.1189,1120.05,801.3,-0.8747,3155,2,19150,1
1751,741376,1120.67,855,-1.0819,-0.010966,1.046769,0.981378,0.01646,0.084,1118.52,802.5,-0.8803,3151,2,18950,1
1752,741376,1261.93,757,-1.0777,-0.010966,1.046769,0.981378,0.01646,0.084,1120.67,784.4,-0.8808,3161,1,18600,1
1753,741376,1278.81,687,-0.7646,-0.010966,1.046769,0.981378,0.01646,0.084,1124.05,785.2,-0.883,3153,3,18800,1
1754,745472,1327.23,974,-0.4836,-0.010766,0.751148,1.288804,0.000301,0.1106,1124.45,786.8,-0.8812,3153,3,20900,1
1755,745472,1296.78,790,-0.3753,-0.010766,0.751148,1.288804,0.000301,0.1106,1124.82,788.1,-0.8788,3161,2,18750,1
1756,745472,1121.43,662,-0.4508,-0.010766,0.751148,1.288804,0.000301,0.1106,1125.45,789.0,-0.875,3161,1,18250,1
1757,747520,1087.33,608,-0.1497,-0.004821,0.952806,0.843753,0.023606,0.1367,1125.82,787.8,-0.8657,3156,1,18050,1
1758,747520,1174.16,639,-0.2012,-0.004821,0.952806,0.843753,0.023606,0.1367,1125.7,787.3,-0.857,3152,2,20550,1
1759,747520,1098.88,650,-0.2598,-0.004821,0.952806,0.843753,0.023606,0.1367,1125.49,788.5,-0.8507,3157,2,18300,1
1760,747520,1127.32,2563,-1.1339,-0.004821,0.952806,0.843753,0.023606,0.1367,1127.24,809.1,-0.8601,3156,7,19650,1
1761,749568,1164.38,621,-0.6939,-0.015044,2.076711,0.635849,0.024729,0.1221,1129.46,810.4,-0.8651,3157,0,18100,1
1762,749568,1135.96,646,-0.8113,-0.015044,2.076711,0.635849,0.024729,0.1221,1129.81,811.2,-0.8711,3156,1,18750,1
1763,749568,1281.3,736,-0.8522,-0.015044,2.076711,0.635849,0.024729,0.1221,1134.39,794.7,-0.8677,3161,3,21900,1
1764,751616,1119.41,651,-1.0199,-0.013348,2.168094,0.768138,0.017181,0.1045,1133.9,793.7,-0.8746,3154,0,18650,1
1765,751616,942.03,430,-1.1931,-0.013348,2.168094,0.768138,0.017181,0.1045,1133.8,793.0,-0.8862,3161,1,17950,1
1766,753664,938.09,660,-1.3309,-0.010169,1.755102,0.755174,0.020251,0.0994,1132.93,793.6,-0.8971,3155,1,17800,1
1767,753664,1285.63,843,-1.3325,-0.010169,1.755102,0.755174,0.020251,0.0994,1133.17,794.5,-0.9086,3151,0,19950,1
1768,755712,1274.28,778,-1.2149,-0.005265,0.91383,0.958943,0.019117,0.1536,1133.18,795.4,-0.9159,3154,3,19350,1
1769,755712,1137.54,1509,-1.3174,-0.005265,0.91383,0.958943,0.019117,0.1536,1132.48,803.7,-0.9237,3153,2,18600,1
1770,755712,1268.6,667,-0.7373,-0.005265,0.91383,0.958943,0.019117,0.1536,1133.31,803.7,-0.9255,3161,1,18450,1
1771,757760,1262.0,897,-0.7824,-0.01506,1.460613,0.812704,0.024873,0.1245,1134.93,787.0,-0.924,3150,2,19600,1
1772,757760,1100.45,557,-0.3179,-0.01506,1.460613,0.812704,0.024873,0.1245,1138.64,789.3,-0.9219,3152,2,18550,1
1773,757760,1119.67,688,-0.6691,-0.01506,1.460613,0.812704,0.024873,0.1245,1144.83,794.0,-0.9228,3157,1,18500,1
1774,759808,651.35,307,-0.5374,-0.007054,0.977572,0.899157,0.011955,0.1233,1140.03,790.7,-0.919,2852,0,300,0
1775,759808,956.14,458,-0.6688,-0.007054,0.977572,0.899157,0.011955,0.1233,1137.01,788.8,-0.9147,3152,0,20500,1
1776,759808,1054.11,1212,-0.8519,-0.007054,0.977572,0.899157,0.011955,0.1233,1136.39,793.6,-0.9113,3161,0,18950,1
1777,761856,1265.93,758,-0.6743,-0.012038,1.869219,0.6074,0.033355,0.1321,1136.97,795.1,-0.9068,3161,1,18450,1
1778,761856,1102.18,593,-0.7437,-0.012038,1.869219,0.6074,0.033355,0.1321,1135.25,794.0,-0.9071,3150,1,18050,1
1779,761856,1265.1,868,-0.8139,-0.012038,1.869219,0.6074,0.033355,0.1321,1136.18,796.2,-0.9104,3154,1,21500,1
1780,763904,1011.67,546,-0.6265,-0.007825,1.038991,0.936466,0.011187,0.0757,1133.5,793.7,-0.9111,3161,3,21400,1
1781,765952,1118.58,818,-0.8507,-0.008874,0.789929,1.155395,0.006442,0.1235,1132.01,794.9,-0.9144,3156,0,18600,1
1782,768000,1276.89,681,-0.2501,-0.005547,0.627606,1.199906,0.003678,0.1189,1133.4,776.2,-0.9049,3153,2,18900,1
1783,768000,1281.28,683,-0.2207,-0.005547,0.627606,1.199906,0.003678,0.1189,1134.46,776.5,-0.9033,3161,1,18550,1
1784,770048,1246.69,2704,-1.062,-0.008093,0.695737,1.122211,0.011856,0.1035,1134.29,797.6,-0.9135,3156,8,22250,1
1785,770048,1271.02,866,-0.2319,-0.008093,0.695737,1.122211,0.011856,0.1035,1134.05,798.7,-0.9145,3161,1,18750,1
1786,770048,1281.6,740,-0.1291,-0.008093,0.695737,1.122211,0.011856,0.1035,1136.78,801.5,-0.9157,3156,2,18900,1
1787,772096,1129.24,2528,-0.9418,-0.011744,0.979905,0.979307,0.012135,0.1018,1137.02,821.4,-0.9249,3161,4,18750,1
1788,772096,1287.49,667,-0.3059,-0.011744,0.979905,0.979307,0.012135,0.1018,1138.51,802.9,-0.9195,3154,2,19450,1
1789,772096,1211.73,574,-0.2832,-0.011744,0.979905,0.979307,0.012135,0.1018,1138.31,790.7,-0.9168,3154,1,20050,1
1790,774144,1171.21,560,-0.6158,-0.007577,1.27697,0.708397,0.01292,0.0847,1141.08,791.6,-0.9202,3151,1,18500,1
1791,774144,1260.13,639,-0.6069,-0.007577,1.27697,0.708397,0.01292,0.0847,1142.07,791.4,-0.9206,3150,1,18350,1
1792,776192,1292.55,691,-0.7779,-0.008398,1.20716,0.83556,0.008973,0.1033,1145.48,793.4,-0.921,3154,3,19200,1
1793,778240,1341.49,807,-0.734,-0.010677,0.989681,0.983949,0.016263,0.0938,1146.28,795.5,-0.9171,3152,2,18950,1
1794,778240,1282.43,671,-0.6362,-0.010677,0.989681,0.983949,0.016263,0.0938,1145.29,794.8,-0.9122,3156,1,18850,1
1795,780288,1237.48,756,-0.2756,-0.012712,0.685471,1.111313,0.015469,0.1357,1148.19,797.9,-0.9006,3161,2,18500,1
1796,780288,1153.81,2567,-1.0899,-0.012712,0.685471,1.111313,0.015469,0.1357,1146.83,816.5,-0.8948,3155,6,19450,1
1797,782336,1270.48,728,-0.2417,-0.013545,0.832042,1.107943,0.003862,0.1177,1148.53,818.3,-0.8781,3154,1,19050,1
1798,784384,1252.57,663,-0.4525,-0.004155,1.079847,0.843489,0.013445,0.0881,1149.81,819.0,-0.8623,3155,2,18900,1
1799,784384,1270.79,725,-0.4722,-0.004155,1.079847,0.843489,0.013445,0.0881,1151.32,818.8,-0.8473,3154,1,18250,1
1800,784384,1327.61,740,-0.5547,-0.004155,1.079847,0.843489,0.013445,0.0881,1150.79,816.8,-0.8356,3157,3,19950,1
1801,784384,1061.84,2578,-1.0389,-0.004155,1.079847,0.843489,0.013445,0.0881,1148.63,834.4,-0.8306,3161,6,21300,1
1802,786432,1169.3,677,-0.7107,-0.006031,1.214156,0.737721,0.021192,0.0957,1150.21,836.1,-0.8277,3152,1,18600,1
1803,786432,743.86,342,-0.6473,-0.006031,1.214156,0.737721,0.021192,0.0957,1145.38,831.7,-0.8212,2472,1,600,0
1804,786432,1353.17,786,-0.7279,-0.006031,1.214156,0.737721,0.021192,0.0957,1148.85,834.5,-0.8195,3161,2,18600,1
1805,786432,1255.65,757,-0.7563,-0.006031,1.214156,0.737721,0.021192,0.0957,1150.8,836.9,-0.8178,3161,2,18550,1
1806,788480,1113.67,549,-1.0879,-0.01511,2.421387,0.575792,0.02583,0.0906,1149.15,835.5,-0.8177,3161,1,18600,1
1807,788480,1267.31,701,-1.2042,-0.01511,2.421387,0.575792,0.02583,0.0906,1149.01,834.5,-0.817,3149,0,18350,1
1808,790528,1170.61,646,-1.3308,-0.006483,2.439426,0.664846,0.02217,0.126,1148.6,833.7,-0.8158,3152,0,18700,1
1809,790528,1378.0,771,-1.3882,-0.006483,2.439426,0.664846,0.02217,0.126,1149.41,833.4,-0.8149,3156,3,20050,1
1810,790528,697.39,584,-1.1383,-0.006483,2.439426,0.664846,0.02217,0.126,1143.6,831.6,-0.8119,2471,0,600,0
1811,792576,1166.51,585,-1.0814,-0.005542,1.940098,0.638922,0.02267,0.1006,1142.56,830.9,-0.8091,3153,1,18050,1
1812,792576,1095.27,832,-1.3156,-0.005542,1.940098,0.638922,0.02267,0.1006,1144.06,834.1,-0.8097,3161,1,18850,1
1813,794624,1285.72,660,-1.0884,-0.011926,1.178472,0.87983,0.011471,0.1267,1146.49,835.2,-0.8078,3155,3,22300,1
1814,794624,1307.8,703,-0.8945,-0.011926,1.178472,0.87983,0.011471,0.1267,1147.65,835.0,-0.8023,3161,2,21050,1
1815,796672,1076.22,883,-0.8408,-0.005687,0.842194,1.052157,0.006428,0.0806,1145.36,836.0,-0.7957,3152,1,15050,1
1816,796672,1294.75,778,-0.5193,-0.005687,0.842194,1.052157,0.006428,0.0806,1147.21,837.7,-0.7849,3157,3,22700,1
1817,798720,1210.74,777,-0.4778,-0.009044,0.858333,1.045207,0.013555,0.1116,1146.48,837.8,-0.7736,3155,1,21400,1
1818,798720,1097.04,512,-0.2904,-0.009044,0.858333,1.045207,0.013555,0.1116,1146.47,836.2,-0.7611,3161,2,18800,1
1819,798720,1277.23,764,-0.421,-0.009044,0.858333,1.045207,0.013555,0.1116,1146.14,835.0,-0.7506,3149,0,18350,1
1820,800768,997.16,2451,-1.1666,-0.007322,1.063372,0.858582,0.01081,0.0886,1144.41,852.8,-0.7484,3161,6,19400,1
1821,800768,1268.14,676,-0.4657,-0.007322,1.063372,0.858582,0.01081,0.0886,1144.25,851.1,-0.7388,3156,1,18650,1
1822,800768,1100.51,584,-0.5179,-0.007322,1.063372,0.858582,0.01081,0.0886,1143.1,849.1,-0.7313,3161,1,18650,1
1823,800768,1108.91,533,-0.5081,-0.007322,1.063372,0.858582,0.01081,0.0886,1144.11,846.0,-0.7257,3161,1,18050,1
1824,802816,1116.75,609,-1.2694,-0.01254,3.790081,0.503494,0.026571,0.1013,1145.51,847.2,-0.7319,3157,1,17950,1
1825,802816,1372.96,773,-1.1865,-0.01254,3.790081,0.503494,0.026571,0.1013,1146.79,845.1,-0.7343,3161,2,19500,1
1826,802816,1268.43,890,-1.2225,-0.01254,3.790081,0.503494,0.026571,0.1013,1153.21,851.4,-0.7417,3153,2,22000,1
1827,804864,1170.96,707,-1.3845,-0.010891,2.061074,0.891601,0.013388,0.1238,1152.29,849.5,-0.7484,3153,2,19050,1
1828,804864,1208.85,572,-1.215,-0.010891,2.061074,0.891601,0.013388,0.1238,1152.73,845.9,-0.7576,3152,2,21400,1
1829,806912,1180.42,642,-1.2932,-0.015026,3.085377,0.559687,0.024091,0.1099,1155.13,838.1,-0.7634,3161,0,18200,1
1830,806912,1004.1,546,-1.3163,-0.015026,3.085377,0.559687,0.024091,0.1099,1152.21,836.8,-0.7798,3149,0,18650,1
1831,806912,1256.39,878,-1.4618,-0.015026,3.085377,0.559687,0.024091,0.1099,1153.19,817.9,-0.7844,3151,0,18300,1
1832,808960,1077.76,591,-1.4554,-0.0106,1.704268,0.70852,0.021193,0.0967,1152.88,818.1,-0.799,3156,1,19950,1
1833,808960,1258.59,706,-1.413,-0.0106,1.704268,0.70852,0.021193,0.0967,1160.18,816.0,-0.8083,3157,2,18800,1
1834,808960,1026.5,615,-1.4049,-0.0106,1.704268,0.70852,0.021193,0.0967,1157.75,813.8,-0.8189,3156,0,17850,1
1835,811008,1415.35,684,-1.0213,-0.015904,4.206482,0.538073,0.033246,0.115,1159.05,813.4,-0.8239,3157,0,22100,1
1836,811008,1018.89,520,-1.0879,-0.015904,4.206482,0.538073,0.033246,0.115,1159.14,812.8,-0.828,3157,1,17950,1
1837,811008,1174.4,622,-1.2655,-0.015904,4.206482,0.538073,0.033246,0.115,1158.27,812.1,-0.8321,3152,0,17800,1
1838,811008,1271.69,674,-1.3145,-0.015904,4.206482,0.538073,0.033246,0.115,1160.37,806.9,-0.8367,3150,1,19450,1
1839,813056,628.56,272,-1.5616,-0.014443,3.637839,0.554649,0.029318,0.1055,1155.56,803.2,-0.8441,2761,0,200,0
1840,813056,1272.8,627,-1.7285,-0.014443,3.637839,0.554649,0.029318,0.1055,1158.81,804.8,-0.8538,3156,2,19300,1
1841,813056,1259.1,626,-1.7425,-0.014443,3.637839,0.554649,0.029318,0.1055,1165.61,808.4,-0.8652,3152,2,19350,1
1842,813056,638.92,285,-1.6161,-0.014443,3.637839,0.554649,0.029318,0.1055,1166.31,808.7,-0.8739,2758,0,200,0
1843,815104,922.5,394,-1.4112,-0.005782,2.176236,0.587241,0.027905,0.0757,1162.93,804.4,-0.8777,2758,0,200,0
1844,815104,628.59,270,-0.9458,-0.005782,2.176236,0.587241,0.027905,0.0757,1156.74,796.2,-0.8758,2761,0,200,0
1845,817152,1360.0,999,-1.405,-0.005974,0.779401,1.184824,0.009967,0.0984,1160.42,798.2,-0.878,3157,1,19500,1
1846,817152,1286.81,984,-1.1157,-0.005974,0.779401,1.184824,0.009967,0.0984,1160.55,798.6,-0.8775,3161,2,18050,1
1847,817152,628.06,273,0.0714,-0.005974,0.779401,1.184824,0.009967,0.0984,1155.68,795.0,-0.868,2761,0,200,0
1848,819200,1242.99,735,-0.4432,-0.010411,0.909797,0.934396,0.010839,0.082,1158.52,797.2,-0.8655,3156,1,19200,1
1849,819200,1035.51,517,-0.2641,-0.010411,0.909797,0.934396,0.010839,0.082,1156.68,795.0,-0.86,3157,2,20150,1
1850,819200,946.5,534,-0.356,-0.010411,0.909797,0.934396,0.010839,0.082,1153.65,790.9,-0.8535,3161,1,18750,1
1851,821248,1108.96,2601,-1.4096,-0.009637,0.972783,0.891984,0.011566,0.1055,1153.53,808.4,-0.8568,3149,5,19550,1
1852,821248,1244.46,652,-0.4634,-0.009637,0.972783,0.891984,0.011566,0.1055,1153.35,807.3,-0.8506,3157,1,18150,1
1853,823296,1348.06,738,-0.5153,-0.013055,0.975058,1.041185,0.011512,0.0972,1154.05,807.8,-0.8481,3153,3,21700,1
1854,823296,1091.67,581,-0.478,-0.013055,0.975058,1.041185,0.011512,0.0972,1151.69,803.9,-0.8481,3161,1,18200,1
1855,825344,1201.77,684,-0.5793,-0.010195,1.11108,0.889411,0.010447,0.0842,1150.74,802.9,-0.8501,3161,1,19850,1
1856,825344,1192.92,570,-0.541,-0.010195,1.11108,0.889411,0.010447,0.0842,1151.46,801.9,-0.851,3157,3,21000,1
1857,827392,1254.53,618,-0.5652,-0.005161,1.044436,0.884143,0.00401,0.0837,1153.13,802.0,-0.8552,3157,1,18900,1
1858,827392,420.48,189,-0.467,-0.005161,1.044436,0.884143,0.00401,0.0837,1145.59,797.5,-0.8578,1789,0,100,0
1859,827392,1247.0,608,-0.5631,-0.005161,1.044436,0.884143,0.00401,0.0837,1147.07,797.1,-0.8609,3149,1,20550,1
1860,827392,1150.05,837,-0.6697,-0.005161,1.044436,0.884143,0.00401,0.0837,1147.3,779.9,-0.8562,3151,0,19550,1
1861,827392,879.48,2405,-1.1068,-0.005161,1.044436,0.884143,0.00401,0.0837,1144.45,797.7,-0.8603,3156,5,18700,1
1862,829440,1114.03,572,-0.5763,-0.008259,1.052773,0.797297,0.01658,0.1074,1144.23,797.0,-0.858,3156,2,21400,1
1863,829440,1203.88,598,-0.6064,-0.008259,1.052773,0.797297,0.01658,0.1074,1143.46,795.6,-0.8555,3155,1,21700,1
1864,831488,1251.06,637,-0.7352,-0.017885,3.221424,0.580628,0.032514,0.1152,1144.77,795.4,-0.8527,3156,0,18450,1
1865,831488,1438.9,861,-0.9297,-0.017885,3.221424,0.580628,0.032514,0.1152,1149.74,799.7,-0.8501,3161,4,19550,1
1866,831488,575.13,295,-1.3435,-0.017885,3.221424,0.580628,0.032514,0.1152,1146.11,796.1,-0.8502,2469,0,100,0
1867,831488,1220.75,624,-1.1512,-0.017885,3.221424,0.580628,0.032514,0.1152,1145.46,793.9,-0.8484,3156,0,18900,1
1868,833536,1282.77,894,-1.3655,-0.009224,1.976017,0.65302,0.025923,0.1165,1145.55,795.1,-0.8499,3161,0,18300,1
1869,833536,1251.4,683,-1.35,-0.009224,1.976017,0.65302,0.025923,0.1165,1146.69,786.8,-0.8502,3149,2,19350,1
1870,835584,1277.1,699,-1.2981,-0.015232,2.644658,0.723305,0.031492,0.1387,1146.77,787.1,-0.8558,3150,2,20250,1
1871,835584,1182.31,913,-1.3958,-0.015232,2.644658,0.723305,0.031492,0.1387,1145.98,787.3,-0.8619,3157,1,18600,1
1872,835584,1245.94,612,-1.2823,-0.015232,2.644658,0.723305,0.031492,0.1387,1147.43,787.8,-0.8716,3157,1,19150,1
1873,835584,628.21,273,-1.3496,-0.015232,2.644658,0.723305,0.031492,0.1387,1142.52,783.7,-0.8784,2761,0,200,0
1874,837632,1265.23,683,-1.3881,-0.014409,1.779055,0.618024,0.018627,0.0994,1148.65,787.4,-0.8869,3156,2,18850,1
1875,837632,535.51,238,-0.8784,-0.014409,1.779055,0.618024,0.018627,0.0994,1144.45,785.2,-0.889,1949,0,200,0
1876,837632,1171.31,579,-1.2507,-0.014409,1.779055,0.618024,0.018627,0.0994,1145.62,778.9,-0.893,3157,1,18500,1
1877,837632,1173.96,597,-1.2233,-0.014409,1.779055,0.618024,0.018627,0.0994,1144.7,777.3,-0.8985,3157,1,19700,1
1878,839680,1183.95,719,-1.2164,-0.012431,3.923688,0.619538,0.026478,0.1335,1145.52,778.6,-0.9032,3157,0,21300,1
1879,839680,1110.33,580,-1.4276,-0.012431,3.923688,0.619538,0.026478,0.1335,1143.97,775.7,-0.9093,3157,1,18100,1
1880,841728,1215.94,667,-1.5052,-0.011334,3.261233,0.646399,0.023856,0.0933,1146.01,776.9,-0.9181,3157,0,18250,1
1881,841728,1347.21,710,-1.5323,-0.011334,3.261233,0.646399,0.023856,0.0933,1148.3,775.8,-0.9249,3156,3,22150,1
1882,841728,1257.01,652,-1.6809,-0.011334,3.261233,0.646399,0.023856,0.0933,1148.1,775.5,-0.9392,3157,3,20050,1
1883,841728,1062.06,491,-1.6713,-0.011334,3.261233,0.646399,0.023856,0.0933,1145.91,773.6,-0.9538,3156,2,18350,1
1884,843776,630.93,277,-1.4646,2.6e-05,2.692929,0.554204,0.052549,0.1392,1139.75,749.3,-0.9578,2750,0,200,0
1885,843776,1196.26,609,-1.6738,2.6e-05,2.692929,0.554204,0.052549,0.1392,1139.0,746.8,-0.9722,3156,2,21700,1
1886,843776,1276.14,688,-1.6642,2.6e-05,2.692929,0.554204,0.052549,0.1392,1138.95,746.2,-0.9876,3157,3,19950,1
1887,843776,1274.01,901,-1.6686,2.6e-05,2.692929,0.554204,0.052549,0.1392,1140.4,730.0,-0.9948,3161,1,17350,1
1888,843776,565.6,270,-1.395,2.6e-05,2.692929,0.554204,0.052549,0.1392,1133.18,726.0,-1.0057,2469,0,100,0
1889,845824,1281.09,691,-1.4769,-0.015589,2.540998,0.668604,0.026809,0.1077,1133.87,727.2,-1.0176,3154,2,19700,1
1890,845824,1068.23,560,-1.4614,-0.015589,2.540998,0.668604,0.026809,0.1077,1132.84,727.2,-1.0261,3157,2,21800,1
1891,845824,1091.1,551,-1.4647,-0.015589,2.540998,0.668604,0.026809,0.1077,1131.15,726.3,-1.0347,3156,0,18250,1
1892,847872,1194.3,591,-1.4818,-0.016074,3.900393,0.679701,0.0254,0.0986,1130.17,725.3,-1.0417,3152,1,17800,1
1893,847872,1049.01,511,-1.8078,-0.016074,3.900393,0.679701,0.0254,0.0986,1127.24,722.3,-1.0525,3157,2,20050,1
1894,847872,859.0,378,-1.927,-0.016074,3.900393,0.679701,0.0254,0.0986,1123.01,719.4,-1.0654,2753,0,400,0
1895,849920,1193.36,650,-1.839,-0.015035,2.693271,0.700921,0.021771,0.0964,1122.57,718.3,-1.081,3161,2,18200,1
1896,849920,1104.93,822,-1.8145,-0.015035,2.693271,0.700921,0.021771,0.0964,1122.08,700.9,-1.0882,3157,3,21500,1
1897,849920,1148.42,538,-1.6151,-0.015035,2.693271,0.700921,0.021771,0.0964,1120.86,699.0,-1.102,3155,3,20350,1
1898,851968,1166.85,663,-1.6506,-0.014926,2.383328,0.711729,0.01919,0.0918,1120.0,699.0,-1.114,3154,1,18050,1
1899,851968,1257.6,665,-1.5477,-0.014926,2.383328,0.711729,0.01919,0.0918,1119.87,698.4,-1.1247,3157,2,19900,1
1900,851968,1083.48,800,-1.6658,-0.014926,2.383328,0.711729,0.01919,0.0918,1117.43,699.0,-1.1358,3151,3,19550,1
1901,854016,1154.41,704,-1.5085,-0.012557,1.62515,0.803229,0.012161,0.0894,1118.35,680.2,-1.1405,3156,2,20150,1
1902,854016,1222.48,638,-1.3991,-0.012557,1.62515,0.803229,0.012161,0.0894,1118.89,679.9,-1.1474,3157,4,19300,1
1903,854016,1198.12,600,-1.1816,-0.012557,1.62515,0.803229,0.012161,0.0894,1123.43,682.4,-1.1528,3153,2,18550,1
1904,854016,1164.43,600,-1.118,-0.012557,1.62515,0.803229,0.012161,0.0894,1121.54,680.6,-1.1567,3161,2,18600,1
1905,856064,1204.23,628,-1.2111,-0.01491,3.16829,0.705303,0.026323,0.0989,1121.03,679.3,-1.1612,3157,2,18400,1
1906,856064,1228.4,689,-1.2508,-0.01491,3.16829,0.705303,0.026323,0.0989,1122.17,680.7,-1.1628,3156,2,19350,1
1907,856064,1009.85,557,-1.482,-0.01491,3.16829,0.705303,0.026323,0.0989,1119.6,679.2,-1.1656,3157,1,17350,1
1908,858112,1363.28,735,-1.4715,-0.016963,2.932177,0.82956,0.021999,0.1045,1121.53,680.1,-1.167,3154,2,18900,1
1909,860160,1019.81,736,-1.689,-0.012745,1.582143,1.021012,0.019747,0.1091,1117.94,679.8,-1.17,3150,1,19550,1
1910,860160,1246.33,885,-1.5999,-0.012745,1.582143,1.021012,0.019747,0.1091,1123.43,682.8,-1.1746,3152,1,19050,1
1911,860160,1046.96,676,-1.4646,-0.012745,1.582143,1.021012,0.019747,0.1091,1122.24,683.7,-1.1785,3157,4,19350,1
1912,860160,507.57,233,-0.3031,-0.012745,1.582143,1.021012,0.019747,0.1091,1116.36,677.7,-1.1683,1798,0,300,0
1913,860160,1157.73,805,-1.4868,-0.012745,1.582143,1.021012,0.019747,0.1091,1115.08,679.2,-1.1723,3161,1,21500,1
1914,862208,1153.58,578,-0.7131,-0.014733,1.518881,0.637489,0.017889,0.0828,1113.54,677.9,-1.1705,3156,0,17850,1
1915,862208,1185.85,636,-0.8183,-0.014733,1.518881,0.637489,0.017889,0.0828,1114.64,675.5,-1.1703,3161,2,18800,1
1916,864256,1370.85,799,-0.9182,-0.017511,1.595523,1.033545,0.017435,0.1338,1115.4,675.7,-1.1743,3161,1,18800,1
1917,864256,1200.16,864,-1.0079,-0.017511,1.595523,1.033545,0.017435,0.1338,1115.29,676.5,-1.1796,3161,2,18850,1
1918,866304,1305.31,874,-1.0325,-0.014398,1.752254,0.875405,0.020404,0.1013,1117.37,680.1,-1.187,3157,2,18700,1
1919,866304,1181.98,735,-1.0609,-0.014398,1.752254,0.875405,0.020404,0.1013,1116.42,679.9,-1.1934,3151,1,18400,1
1920,866304,1213.03,621,-0.9525,-0.014398,1.752254,0.875405,0.020404,0.1013,1118.58,661.6,-1.1913,3161,3,18800,1
1921,866304,1195.74,598,-0.9382,-0.014398,1.752254,0.875405,0.020404,0.1013,1117.86,660.8,-1.196,3156,1,21300,1
1922,868352,1204.17,537,-1.1348,-0.017663,3.394888,0.571282,0.026066,0.0977,1118.89,660.3,-1.2022,3155,1,19250,1
1923,868352,1055.74,497,-1.2085,-0.017663,3.394888,0.571282,0.026066,0.0977,1118.36,660.0,-1.2092,3161,1,17550,1
1924,868352,1103.47,627,-1.3158,-0.017663,3.394888,0.571282,0.026066,0.0977,1118.23,660.1,-1.2096,3152,1,19750,1
1925,868352,1248.12,701,-1.404,-0.017663,3.394888,0.571282,0.026066,0.0977,1116.98,659.4,-1.2118,3156,0,18250,1
1926,870400,1154.51,563,-1.6394,-0.015847,3.220974,0.619817,0.030563,0.1001,1115.84,656.1,-1.216,3157,0,18450,1
1927,870400,1209.38,635,-1.6572,-0.015847,3.220974,0.619817,0.030563,0.1001,1116.22,655.4,-1.2187,3156,2,18450,1
1928,870400,1261.85,705,-1.6691,-0.015847,3.220974,0.619817,0.030563,0.1001,1116.75,656.8,-1.2232,3157,2,18700,1
1929,870400,1203.41,662,-1.6325,-0.015847,3.220974,0.619817,0.030563,0.1001,1116.98,657.0,-1.2266,3156,2,22000,1
1930,872448,1089.32,677,-1.6564,-0.013667,2.806477,0.777963,0.018102,0.0896,1117.84,658.3,-1.23,3157,1,18050,1
1931,872448,1144.13,600,-1.606,-0.013667,2.806477,0.777963,0.018102,0.0896,1116.71,655.5,-1.2315,3154,1,19750,1
1932,874496,1200.21,801,-1.5234,-0.008853,1.329994,0.804282,0.015852,0.0977,1117.94,657.6,-1.2321,3152,0,18200,1
1933,874496,1257.55,621,-0.9906,-0.008853,1.329994,0.804282,0.015852,0.0977,1117.93,656.7,-1.2279,3156,0,18750,1
1934,874496,1356.62,950,-1.2124,-0.008853,1.329994,0.804282,0.015852,0.0977,1121.23,660.1,-1.226,3155,1,20450,1
1935,876544,1416.3,801,-1.0271,-0.018557,2.324611,0.74431,0.025098,0.1155,1121.24,661.2,-1.2261,3150,3,23950,1
1936,876544,1110.03,591,-0.8566,-0.018557,2.324611,0.74431,0.025098,0.1155,1122.15,662.0,-1.2237,3149,1,18850,1
1937,878592,1226.86,636,-1.1819,-0.018252,3.171333,0.715773,0.029556,0.1116,1122.67,662.1,-1.2229,3155,2,18950,1
1938,878592,1258.61,745,-1.2813,-0.018252,3.171333,0.715773,0.029556,0.1116,1122.54,662.8,-1.2226,3161,1,20950,1
1939,878592,1095.88,525,-1.3505,-0.018252,3.171333,0.715773,0.029556,0.1116,1127.22,665.3,-1.2205,3155,0,19650,1
1940,878592,1241.05,681,-1.4454,-0.018252,3.171333,0.715773,0.029556,0.1116,1126.9,665.9,-1.2176,3156,0,18750,1
1941,880640,1213.22,548,-1.5104,-0.013671,3.573723,0.588106,0.023163,0.1025,1126.44,665.1,-1.2153,3149,1,19500,1
1942,880640,1196.45,763,-1.7427,-0.013671,3.573723,0.588106,0.023163,0.1025,1132.02,669.9,-1.2166,3151,1,18900,1
1943,880640,1280.45,680,-1.6545,-0.013671,3.573723,0.588106,0.023163,0.1025,1135.6,672.7,-1.219,3161,4,20950,1
1944,880640,1194.99,638,-1.6754,-0.013671,3.573723,0.588106,0.023163,0.1025,1141.26,676.4,-1.2263,3156,0,20800,1
1945,882688,1229.8,627,-1.4645,-0.012973,1.91336,0.919594,0.020503,0.1057,1139.96,672.7,-1.2269,3161,5,20500,1
1946,882688,1197.79,564,-1.1133,-0.012973,1.91336,0.919594,0.020503,0.1057,1139.07,668.5,-1.2269,3156,1,18800,1
1947,884736,724.49,332,-0.8962,-0.014872,3.338927,0.726419,0.022656,0.1313,1140.03,669.1,-1.2366,2752,0,200,0
1948,884736,1222.32,669,-1.2409,-0.014872,3.338927,0.726419,0.022656,0.1313,1139.82,668.4,-1.2445,3152,2,20050,1
1949,886784,1083.46,691,-1.2843,0.001438,0.776297,1.154379,0.006036,0.1047,1140.3,670.2,-1.2547,3156,0,21000,1
1950,886784,1249.41,885,-1.0831,0.001438,0.776297,1.154379,0.006036,0.1047,1143.33,673.7,-1.262,3154,1,18500,1
1951,888832,946.19,415,0.5722,-0.008638,0.565437,1.323383,0.007386,0.1375,1141.71,651.8,-1.2422,3157,0,17800,1
1952,888832,1182.93,531,0.3784,-0.008638,0.565437,1.323383,0.007386,0.1375,1141.09,650.6,-1.2338,3152,1,18400,1
1953,890880,1096.1,527,0.2705,-0.00384,0.728742,1.039017,0.000466,0.1172,1138.57,648.5,-1.2259,3161,2,18450,1
1954,890880,996.37,2443,-1.1273,-0.00384,0.728742,1.039017,0.000466,0.1172,1137.62,667.1,-1.2324,3161,0,18500,1
1955,890880,689.43,1900,-0.8438,-0.00384,0.728742,1.039017,0.000466,0.1172,1132.49,679.3,-1.2351,2750,0,400,0
1956,890880,1185.25,530,-0.0076,-0.00384,0.728742,1.039017,0.000466,0.1172,1132.42,678.9,-1.2297,3157,0,18200,1
1957,892928,1097.95,526,-0.1887,-0.003165,1.345256,0.686524,0.006931,0.0803,1130.85,678.0,-1.226,3153,0,17100,1
1958,892928,1243.23,573,-0.4399,-0.003165,1.345256,0.686524,0.006931,0.0803,1139.08,681.8,-1.2257,3154,1,21450,1
1959,892928,1313.59,580,-0.5272,-0.003165,1.345256,0.686524,0.006931,0.0803,1139.75,681.5,-1.2253,3156,1,22900,1
1960,894976,1250.59,653,-0.808,-0.007668,2.487121,0.632484,0.015586,0.0991,1140.75,679.7,-1.2267,3161,1,19550,1
1961,894976,1158.24,554,-1.0855,-0.007668,2.487121,0.632484,0.015586,0.0991,1143.54,661.2,-1.2265,3156,0,19150,1
1962,897024,1200.21,658,-1.0018,-0.009562,1.104723,0.928222,0.005205,0.0862,1144.4,662.0,-1.2307,3161,0,18850,1
1963,897024,632.33,280,-0.2197,-0.009562,1.104723,0.928222,0.005205,0.0862,1138.68,658.9,-1.2269,2748,0,200,0
1964,899072,786.94,1665,-1.2275,-0.004417,0.88406,0.971373,0.014167,0.1301,1134.04,669.1,-1.2318,2469,0,300,0
1965,899072,1247.03,881,-0.9018,-0.004417,0.88406,0.971373,0.014167,0.1301,1132.12,669.3,-1.2315,3149,1,18750,1
1966,899072,1308.78,686,-0.5488,-0.004417,0.88406,0.971373,0.014167,0.1301,1139.46,673.2,-1.2236,3161,1,19250,1
1967,899072,1085.9,682,-0.5284,-0.004417,0.88406,0.971373,0.014167,0.1301,1138.11,673.8,-1.2174,3150,1,17900,1
1968,901120,1236.97,529,-0.4315,-0.015403,2.481284,0.605046,0.020873,0.0935,1137.66,670.2,-1.208,3161,0,19550,1
1969,901120,1187.84,537,-0.4985,-0.015403,2.481284,0.605046,0.020873,0.0935,1137.02,668.7,-1.1995,3157,1,18550,1
1970,901120,1258.8,617,-0.6993,-0.015403,2.481284,0.605046,0.020873,0.0935,1136.84,667.9,-1.1935,3154,0,18500,1
1971,901120,419.98,196,-1.009,-0.015403,2.481284,0.605046,0.020873,0.0935,1129.21,660.7,-1.1896,1798,0,100,0
1972,903168,1246.42,584,-1.1158,-0.008135,3.831393,0.544087,0.021942,0.0972,1129.22,660.4,-1.188,3151,1,19500,1
1973,903168,1242.9,574,-1.2927,-0.008135,3.831393,0.544087,0.021942,0.0972,1135.36,663.5,-1.1874,3151,0,20850,1
1974,903168,428.2,203,-1.5322,-0.008135,3.831393,0.544087,0.021942,0.0972,1126.99,658.6,-1.1888,1794,0,200,0
1975,903168,1251.61,626,-1.4774,-0.008135,3.831393,0.544087,0.021942,0.0972,1134.16,662.5,-1.1948,3155,0,20550,1
1976,903168,506.55,286,-1.5924,-0.008135,3.831393,0.544087,0.021942,0.0972,1127.51,659.6,-1.1983,1795,0,200,0
1977,905216,1143.77,593,-1.3468,-0.007865,1.584174,0.725686,0.014624,0.1157,1127.21,659.6,-1.1995,3161,0,17600,1
1978,905216,1198.08,1184,-1.5572,-0.007865,1.584174,0.725686,0.014624,0.1157,1127.35,664.2,-1.2029,3150,0,20700,1
1979,905216,1096.17,551,-0.9968,-0.007865,1.584174,0.725686,0.014624,0.1157,1127.21,663.9,-1.1986,3154,1,18000,1
1980,907264,1156.64,573,-0.8932,-0.013616,2.175506,0.687261,0.021941,0.1001,1126.61,663.0,-1.1925,3149,0,18100,1
1981,907264,1143.33,525,-1.083,-0.013616,2.175506,0.687261,0.021941,0.1001,1124.57,661.1,-1.188,3161,2,18950,1
1982,907264,1144.89,736,-1.1577,-0.013616,2.175506,0.687261,0.021941,0.1001,1123.45,662.0,-1.1827,3156,1,18000,1
1983,909312,1200.6,590,-1.1589,-0.016007,2.248398,0.737619,0.020719,0.1035,1124.84,663.0,-1.1776,3161,1,18000,1
1984,909312,1150.06,612,-1.2566,-0.016007,2.248398,0.737619,0.020719,0.1035,1130.03,666.3,-1.1755,3157,2,17950,1
1985,909312,913.31,383,-1.1341,-0.016007,2.248398,0.737619,0.020719,0.1035,1127.2,664.0,-1.1701,2755,0,200,0
1986,909312,568.38,266,-1.2015,-0.016007,2.248398,0.737619,0.020719,0.1035,1120.12,659.8,-1.1655,2469,0,300,0
1987,909312,1089.46,570,-1.3985,-0.016007,2.248398,0.737619,0.020719,0.1035,1118.28,656.5,-1.1628,3155,1,17600,1
1988,911360,625.2,274,-1.4411,-0.008719,2.90484,0.495508,0.015431,0.0771,1118.87,656.6,-1.1633,2747,0,200,0
1989,911360,1150.43,500,-1.4132,-0.008719,2.90484,0.495508,0.015431,0.0771,1117.57,654.6,-1.1626,3161,0,18150,1
1990,911360,1210.27,781,-1.5075,-0.008719,2.90484,0.495508,0.015431,0.0771,1118.99,656.9,-1.1631,3161,1,17700,1
1991,911360,1213.86,563,-1.4459,-0.008719,2.90484,0.495508,0.015431,0.0771,1120.21,657.0,-1.1629,3157,0,20950,1
1992,913408,1199.12,588,-1.8935,-0.009575,5.606897,0.476562,0.015693,0.074,1120.26,657.0,-1.167,3161,2,18950,1
1993,913408,1158.24,574,-1.8924,-0.009575,5.606897,0.476562,0.015693,0.074,1121.35,657.6,-1.1679,3161,2,18600,1
1994,913408,1278.9,719,-1.9924,-0.009575,5.606897,0.476562,0.015693,0.074,1125.55,661.0,-1.1685,3156,2,19050,1
1995,915456,1150.07,731,-2.0454,-0.006805,1.832447,0.969315,0.011056,0.1248,1125.12,661.8,-1.1706,3150,3,18600,1
1996,915456,1097.43,584,-1.3238,-0.006805,1.832447,0.969315,0.011056,0.1248,1125.05,659.4,-1.1657,3156,3,21700,1
1997,917504,1113.17,824,-1.2947,-0.012811,1.535662,0.774871,0.019829,0.0977,1124.69,662.3,-1.1625,3154,2,18000,1
1998,917504,625.53,275,-0.6934,-0.012811,1.535662,0.774871,0.019829,0.0977,1119.28,658.4,-1.1529,2751,0,200,0
1999,917504,1141.29,746,-1.0031,-0.012811,1.535662,0.774871,0.019829,0.0977,1118.12,659.2,-1.1475,3157,1,19150,1
2000,917504,1193.84,589,-0.7734,-0.012811,1.535662,0.774871,0.019829,0.0977,1119.22,657.1,-1.1385,3152,2,18950,1
2001,917504,631.84,275,-0.7381,-0.012811,1.535662,0.774871,0.019829,0.0977,1113.99,652.8,-1.1308,2748,0,200,0
2002,919552,1111.0,574,-1.1071,-0.017737,4.170658,0.511672,0.026093,0.0879,1112.88,652.2,-1.1279,3157,2,18450,1
2003,919552,1216.74,721,-1.1916,-0.017737,4.170658,0.511672,0.026093,0.0879,1113.07,653.4,-1.128,3155,1,18150,1
2004,919552,1189.73,631,-1.2204,-0.017737,4.170658,0.511672,0.026093,0.0879,1113.32,653.7,-1.129,3161,1,19950,1
2005,919552,1095.47,511,-1.4842,-0.017737,4.170658,0.511672,0.026093,0.0879,1112.23,652.5,-1.1318,3154,2,18250,1
2006,921600,505.96,224,-1.4662,-0.013245,2.840303,0.749389,0.0186,0.0913,1105.01,647.9,-1.1339,1796,0,300,0
2007,921600,1207.63,587,-1.5177,-0.013245,2.840303,0.749389,0.0186,0.0913,1106.99,648.2,-1.1343,3161,2,19700,1
2008,923648,1294.15,754,-1.5388,-0.011935,1.843058,0.892642,0.009465,0.0862,1106.29,648.4,-1.135,3153,1,20450,1
2009,923648,1204.09,587,-1.3642,-0.011935,1.843058,0.892642,0.009465,0.0862,1108.14,646.9,-1.1317,3161,2,18900,1
2010,923648,1101.19,499,-1.057,-0.011935,1.843058,0.892642,0.009465,0.0862,1106.69,643.0,-1.1263,3157,1,19550,1
2011,925696,1270.93,594,-0.8566,-0.008077,1.18533,0.881497,0.00334,0.0828,1108.93,642.2,-1.1202,3156,1,18500,1
2012,925696,1244.27,633,-0.7939,-0.008077,1.18533,0.881497,0.00334,0.0828,1116.29,646.2,-1.1251,3161,0,20650,1
2013,927744,1148.42,640,-0.7534,-0.011018,0.998829,1.052835,0.006394,0.1167,1116.2,644.5,-1.1178,3161,2,19300,1
2014,927744,1155.08,577,-0.5985,-0.011018,0.998829,1.052835,0.006394,0.1167,1116.21,644.5,-1.1166,3153,0,17700,1
2015,927744,1146.31,522,-0.506,-0.011018,0.998829,1.052835,0.006394,0.1167,1115.82,643.4,-1.1135,3161,1,17900,1
2016,929792,1198.35,576,-0.5232,-0.00863,1.218113,0.850074,0.010627,0.1208,1114.09,641.2,-1.1096,3156,4,20400,1
2017,929792,1064.67,2626,-1.5092,-0.00863,1.218113,0.850074,0.010627,0.1208,1112.74,658.8,-1.1146,3149,5,19100,1
2018,929792,1188.62,593,-0.5862,-0.00863,1.218113,0.850074,0.010627,0.1208,1111.57,656.0,-1.1101,3161,1,20300,1
2019,929792,1147.29,538,-0.6122,-0.00863,1.218113,0.850074,0.010627,0.1208,1111.22,654.0,-1.1056,3161,1,18400,1
2020,931840,1199.25,547,-0.7245,-0.009094,2.21428,0.657737,0.015284,0.0798,1111.09,653.3,-1.1033,3157,1,20000,1
2021,931840,1150.82,530,-0.8662,-0.009094,2.21428,0.657737,0.015284,0.0798,1110.64,652.6,-1.1026,3154,2,18400,1
2022,931840,1361.42,650,-0.9408,-0.009094,2.21428,0.657737,0.015284,0.0798,1112.21,653.7,-1.1007,3161,2,19100,1
2023,931840,1094.12,589,-1.0017,-0.009094,2.21428,0.657737,0.015284,0.0798,1112.59,654.6,-1.0986,3149,1,17950,1
2024,933888,1140.48,536,-1.2176,-0.013655,4.305415,0.634664,0.024227,0.0986,1112.96,653.7,-1.0976,3157,0,17900,1
2025,933888,1102.75,518,-1.4573,-0.013655,4.305415,0.634664,0.024227,0.0986,1111.51,651.9,-1.0982,3157,1,18200,1
2026,933888,1140.75,527,-1.6241,-0.013655,4.305415,0.634664,0.024227,0.0986,1111.37,651.5,-1.098,3153,1,18150,1
2027,933888,1148.91,516,-1.6896,-0.013655,4.305415,0.634664,0.024227,0.0986,1110.77,650.3,-1.0983,3161,0,17600,1
2028,935936,1096.12,516,-1.8418,-0.015637,6.375152,0.496751,0.029473,0.1013,1109.11,648.5,-1.1001,3150,1,18450,1
2029,935936,1253.2,632,-2.0646,-0.015637,6.375152,0.496751,0.029473,0.1013,1109.61,648.1,-1.1044,3150,0,19300,1
2030,935936,1146.49,531,-2.1808,-0.015637,6.375152,0.496751,0.029473,0.1013,1110.18,646.7,-1.1096,3161,0,19450,1
2031,937984,1253.46,600,-2.2202,-0.017814,5.024645,0.613297,0.027312,0.1013,1111.27,646.7,-1.1158,3153,2,20100,1
2032,937984,1140.81,539,-2.1443,-0.017814,5.024645,0.613297,0.027312,0.1013,1110.68,644.1,-1.122,3150,0,19450,1
2033,940032,1180.93,549,-2.0396,-0.00717,1.385592,0.930693,0.010766,0.0811,1109.91,643.4,-1.1325,3161,0,17800,1
2034,940032,1255.52,579,-1.2196,-0.00717,1.385592,0.930693,0.010766,0.0811,1108.9,639.6,-1.1325,3161,1,20450,1
2035,940032,1143.85,522,-0.2187,-0.00717,1.385592,0.930693,0.010766,0.0811,1106.18,636.9,-1.1244,3155,0,17500,1
2036,942080,1145.19,535,-0.1756,-0.008631,1.216848,0.89027,0.005392,0.1018,1106.53,636.3,-1.1176,3152,0,17900,1
2037,942080,1162.28,541,-0.2788,-0.008631,1.216848,0.89027,0.005392,0.1018,1105.88,635.3,-1.1086,3161,3,18800,1
2038,944128,1150.19,504,-0.3376,-0.007763,1.224028,0.881735,0.004916,0.071,1104.8,632.9,-1.0992,3150,1,18200,1
2039,944128,1273.75,579,-0.4055,-0.007763,1.224028,0.881735,0.004916,0.071,1106.58,633.5,-1.0897,3161,1,19500,1
2040,944128,1013.93,2411,-1.9215,-0.007763,1.224028,0.881735,0.004916,0.071,1104.31,650.8,-1.0945,3156,5,20250,1
2041,946176,1217.02,793,-0.6779,-0.009204,1.138346,0.887825,0.012307,0.0979,1104.35,653.2,-1.0862,3161,1,19850,1
2042,946176,1245.86,619,-0.6069,-0.009204,1.138346,0.887825,0.012307,0.0979,1104.84,651.8,-1.0748,3161,0,19700,1
2043,946176,1252.17,607,-0.5817,-0.009204,1.138346,0.887825,0.012307,0.0979,1104.56,651.0,-1.0641,3150,0,21700,1
2044,946176,1151.04,526,-0.5386,-0.009204,1.138346,0.887825,0.012307,0.0979,1104.12,649.9,-1.0527,3161,1,18500,1
2045,946176,501.32,231,-0.4479,-0.009204,1.138346,0.887825,0.012307,0.0979,1096.83,646.0,-1.0425,1797,0,300,0
2046,948224,1132.02,505,-0.6873,-0.015486,5.032737,0.494813,0.020774,0.0747,1096.17,645.4,-1.0383,3161,0,17650,1
2047,948224,1258.24,578,-0.8818,-0.015486,5.032737,0.494813,0.020774,0.0747,1101.51,647.8,-1.0381,3156,0,19200,1
2048,948224,1167.94,542,-1.2644,-0.015486,5.032737,0.494813,0.020774,0.0747,1100.97,646.6,-1.0384,3149,1,18800,1
2049,948224,1252.74,587,-1.2985,-0.015486,5.032737,0.494813,0.020774,0.0747,1102.66,645.5,-1.0385,3157,3,18700,1
2050,948224,539.22,390,-1.7632,-0.015486,5.032737,0.494813,0.020774,0.0747,1095.56,640.6,-1.0453,1796,0,300,0
2051,950272,1246.96,624,-1.5803,-0.008114,3.132706,0.621355,0.014246,0.0918,1098.57,642.7,-1.0668,3156,2,18550,1
2052,952320,1132.71,646,-1.5236,-0.007762,0.982143,1.006343,0.013647,0.1316,1098.06,643.8,-1.0859,3156,1,18000,1
2053,952320,546.82,572,-1.7303,-0.007762,0.982143,1.006343,0.013647,0.1316,1092.57,644.3,-1.1059,1783,0,300,0
2054,952320,1155.95,524,-0.767,-0.007762,0.982143,1.006343,0.013647,0.1316,1094.17,625.1,-1.1023,3153,2,19400,1
2055,952320,1226.24,1072,-1.2549,-0.007762,0.982143,1.006343,0.013647,0.1316,1099.54,616.8,-1.1064,3161,1,14000,1
2056,952320,1096.29,491,-0.099,-0.007762,0.982143,1.006343,0.013647,0.1316,1098.65,616.4,-1.1073,3153,1,18150,1
2057,954368,1213.83,580,-0.6646,-0.01299,3.05027,0.67976,0.016027,0.0862,1099.8,617.0,-1.112,3161,2,18500,1
2058,956416,1186.51,529,-0.9403,-0.008087,1.262981,0.904931,0.003971,0.0784,1099.24,616.5,-1.117,3161,0,19150,1
2059,956416,1261.49,591,-0.9283,-0.008087,1.262981,0.904931,0.003971,0.0784,1098.72,616.6,-1.1211,3156,0,18150,1
2060,956416,855.78,372,-0.5598,-0.008087,1.262981,0.904931,0.003971,0.0784,1094.77,613.8,-1.1186,2747,0,400,0
2061,956416,1195.43,560,-0.7226,-0.008087,1.262981,0.904931,0.003971,0.0784,1095.14,613.9,-1.1149,3161,1,18100,1
2062,958464,1313.01,709,-0.7146,-0.006314,1.133033,0.827013,0.003823,0.0735,1096.27,614.4,-1.1121,3161,2,20250,1
2063,960512,1189.59,611,-0.6865,-0.011997,1.115426,0.947275,0.015847,0.115,1101.84,617.7,-1.1167,3161,0,18300,1
2064,960512,1251.69,628,-0.681,-0.011997,1.115426,0.947275,0.015847,0.115,1106.49,607.3,-1.1113,3150,2,18650,1
2065,960512,1211.02,550,-0.6226,-0.011997,1.115426,0.947275,0.015847,0.115,1106.13,604.0,-1.1085,3161,2,18200,1
2066,960512,1075.97,2449,-1.2852,-0.011997,1.115426,0.947275,0.015847,0.115,1103.8,621.6,-1.1158,3157,5,20850,1
2067,962560,1195.83,546,-0.6201,-0.009584,1.414176,0.755322,0.009403,0.0757,1104.9,620.3,-1.1168,3156,0,17900,1
2068,962560,1149.0,530,-0.6611,-0.009584,1.414176,0.755322,0.009403,0.0757,1104.02,620.3,-1.1191,3161,2,18050,1
2069,962560,1266.52,809,-0.8717,-0.009584,1.414176,0.755322,0.009403,0.0757,1104.81,623.0,-1.1228,3157,1,17250,1
2070,962560,1246.5,549,-0.7654,-0.009584,1.414176,0.755322,0.009403,0.0757,1104.68,622.3,-1.1235,3156,0,18250,1
2071,964608,708.61,309,-0.9563,-0.014649,5.735384,0.547085,0.027009,0.0925,1107.57,623.5,-1.1229,2747,0,100,0
2072,964608,1143.34,536,-0.9484,-0.014649,5.735384,0.547085,0.027009,0.0925,1106.54,623.0,-1.1213,3155,1,21700,1
2073,964608,1317.64,641,-1.431,-0.014649,5.735384,0.547085,0.027009,0.0925,1107.29,623.6,-1.1226,3161,1,20600,1
2074,966656,1188.82,554,-1.6446,-0.016892,5.780604,0.614785,0.030628,0.1147,1114.89,627.2,-1.1238,3156,1,18400,1
2075,966656,1047.45,466,-1.7365,-0.016892,5.780604,0.614785,0.030628,0.1147,1112.85,625.6,-1.1264,3161,1,18150,1
2076,966656,1260.84,596,-1.7843,-0.016892,5.780604,0.614785,0.030628,0.1147,1120.39,628.7,-1.1283,3154,1,18500,1
2077,968704,1257.5,623,-1.995,-0.016734,5.362376,0.585202,0.020077,0.0894,1121.53,629.0,-1.1348,3161,2,20850,1
2078,968704,1239.94,584,-2.0222,-0.016734,5.362376,0.585202,0.020077,0.0894,1121.95,623.0,-1.1394,3161,0,19300,1
2079,968704,1200.92,568,-1.9925,-0.016734,5.362376,0.585202,0.020077,0.0894,1123.0,623.1,-1.1494,3154,0,20900,1
2080,968704,1134.78,581,-2.0313,-0.016734,5.362376,0.585202,0.020077,0.0894,1122.78,623.2,-1.1607,3161,2,18500,1
2081,968704,624.64,268,-2.2186,-0.016734,5.362376,0.585202,0.020077,0.0894,1117.59,620.6,-1.1721,2750,0,100,0
2082,968704,421.9,195,-2.2189,-0.016734,5.362376,0.585202,0.020077,0.0894,1110.36,615.2,-1.1827,1796,0,200,0
2083,970752,1189.83,574,-2.1373,-0.013883,3.735156,0.526073,0.023771,0.0759,1110.25,615.1,-1.1925,3161,1,18850,1
2084,970752,1322.24,610,-2.0913,-0.013883,3.735156,0.526073,0.023771,0.0759,1111.98,615.0,-1.2008,3157,2,20550,1
2085,970752,1155.64,538,-1.9923,-0.013883,3.735156,0.526073,0.023771,0.0759,1114.4,616.6,-1.2094,3161,0,18650,1
2086,970752,1088.51,491,-1.9054,-0.013883,3.735156,0.526073,0.023771,0.0759,1119.6,618.9,-1.2165,3150,0,18150,1
2087,972800,1179.85,562,-1.9777,-0.013473,6.228038,0.579988,0.019312,0.0728,1120.5,618.8,-1.2223,3155,1,18200,1
2088,972800,1143.73,505,-1.9898,-0.013473,6.228038,0.579988,0.019312,0.0728,1125.69,621.1,-1.2277,3157,1,19100,1
2089,972800,1144.81,545,-2.0941,-0.013473,6.228038,0.579988,0.019312,0.0728,1125.63,621.5,-1.2345,3157,1,18450,1
2090,972800,1152.53,590,-2.1167,-0.013473,6.228038,0.579988,0.019312,0.0728,1125.06,619.6,-1.2406,3161,0,17800,1
2091,974848,1271.21,643,-2.2553,-0.016902,5.507698,0.639082,0.022287,0.0911,1125.63,620.4,-1.2487,3154,2,20500,1
2092,974848,1372.63,685,-2.1611,-0.016902,5.507698,0.639082,0.022287,0.0911,1127.36,621.4,-1.2514,3161,0,19100,1
2093,974848,1094.23,509,-2.1839,-0.016902,5.507698,0.639082,0.022287,0.0911,1126.72,620.7,-1.2543,3161,1,17800,1
2094,976896,1101.5,586,-2.2567,-0.014033,3.15654,0.771851,0.019026,0.0803,1124.95,619.4,-1.257,3157,1,17600,1
2095,976896,987.3,464,-1.651,-0.014033,3.15654,0.771851,0.019026,0.0803,1123.32,616.7,-1.253,3150,1,17450,1
2096,976896,1202.74,561,-1.7407,-0.014033,3.15654,0.771851,0.019026,0.0803,1124.38,616.5,-1.2572,3161,1,21000,1
2097,978944,1203.33,584,-1.5858,-0.013753,3.09457,0.790848,0.018998,0.0793,1125.28,614.1,-1.2601,3156,0,18800,1
2098,978944,1099.41,511,-1.6126,-0.013753,3.09457,0.790848,0.018998,0.0793,1130.02,616.5,-1.2693,3161,0,17700,1
2099,980992,429.09,200,-0.8873,-0.007315,1.177185,1.068153,0.007487,0.0667,1122.89,611.0,-1.2681,1797,0,200,0
2100,980992,1214.01,646,-1.2649,-0.007315,1.177185,1.068153,0.007487,0.0667,1123.1,611.6,-1.2731,3156,4,19450,1
2101,983040,1099.56,489,-0.1821,-0.007186,0.678613,1.220855,0.002777,0.0588,1127.77,613.7,-1.2675,3149,0,19250,1
2102,983040,1147.27,518,-0.1253,-0.007186,0.678613,1.220855,0.002777,0.0588,1128.14,613.2,-1.2577,3156,1,17900,1
2103,985088,1093.14,476,0.1407,-0.009148,0.668874,1.211078,0.000222,0.0874,1126.9,610.7,-1.2444,3161,0,17700,1
2104,985088,1101.5,554,0.0208,-0.009148,0.668874,1.211078,0.000222,0.0874,1126.02,609.9,-1.2319,3157,0,17800,1
2105,985088,1075.81,2525,-1.5085,-0.009148,0.668874,1.211078,0.000222,0.0874,1125.82,630.1,-1.2322,3157,7,19800,1
2106,987136,1104.27,508,0.0997,-0.007587,0.831986,0.99001,0.005039,0.0872,1131.8,632.9,-1.2165,3161,1,17750,1
2107,987136,1149.06,510,-0.0061,-0.007587,0.831986,0.99001,0.005039,0.0872,1131.22,632.1,-1.2014,3154,1,18650,1
2108,987136,1318.64,621,-0.0511,-0.007587,0.831986,0.99001,0.005039,0.0872,1131.46,630.8,-1.1865,3157,0,19500,1
2109,987136,1074.43,2579,-1.2261,-0.007587,0.831986,0.99001,0.005039,0.0872,1130.17,650.7,-1.1852,3153,4,18500,1
2110,989184,1088.42,566,-0.37,-0.011343,1.478563,0.766497,0.011324,0.0908,1130.04,651.4,-1.1783,3161,0,18250,1
2111,989184,1139.52,518,-0.4437,-0.011343,1.478563,0.766497,0.011324,0.0908,1128.73,650.6,-1.1742,3161,0,17800,1
2112,989184,1093.82,482,-0.5059,-0.011343,1.478563,0.766497,0.011324,0.0908,1127.22,649.1,-1.1713,3161,1,17900,1
2113,989184,1153.76,547,-0.5994,-0.011343,1.478563,0.766497,0.011324,0.0908,1127.27,648.2,-1.1697,3161,1,18600,1
2114,991232,1085.34,501,-1.2194,-0.014512,5.003022,0.497872,0.028433,0.0903,1126.58,647.5,-1.1759,3161,1,17400,1
2115,991232,1254.93,605,-1.1407,-0.014512,5.003022,0.497872,0.028433,0.0903,1127.66,648.3,-1.1823,3156,0,22300,1
2116,991232,1197.53,571,-1.4423,-0.014512,5.003022,0.497872,0.028433,0.0903,1127.65,648.2,-1.1915,3150,0,18950,1
2117,993280,1131.96,520,-0.9602,-0.01289,1.43243,0.938034,0.017186,0.0981,1128.33,627.2,-1.186,3161,0,17600,1
2118,993280,1254.79,618,-1.0457,-0.01289,1.43243,0.938034,0.017186,0.0981,1128.99,627.4,-1.1906,3161,3,23650,1
2119,995328,1200.2,584,-0.6731,-0.010413,1.156375,0.948957,0.006273,0.0879,1129.52,627.9,-1.1912,3155,0,17600,1
2120,995328,1140.32,510,-0.5538,-0.010413,1.156375,0.948957,0.006273,0.0879,1128.93,627.5,-1.1895,3154,0,17950,1
2121,995328,1207.18,572,-0.5868,-0.010413,1.156375,0.948957,0.006273,0.0879,1129.49,627.9,-1.1867,3152,1,19400,1
2122,997376,1194.16,549,-0.5852,-0.011971,1.197,0.866575,0.008578,0.0913,1127.82,626.9,-1.1831,3155,0,17750,1
2123,997376,1179.4,553,-0.6038,-0.011971,1.197,0.866575,0.008578,0.0913,1128.67,626.6,-1.1792,3157,1,19450,1
2124,997376,1081.98,2457,-1.4667,-0.011971,1.197,0.866575,0.008578,0.0913,1128.09,645.8,-1.1816,3156,5,20500,1
2125,999424,1321.95,632,-0.6636,-0.011366,1.499055,0.846732,0.011105,0.1052,1130.28,646.9,-1.1737,3154,1,21500,1
2126,999424,1142.16,528,-0.6346,-0.011366,1.499055,0.846732,0.011105,0.1052,1130.29,646.9,-1.1638,3161,2,19050,1
2127,999424,1153.0,502,-0.794,-0.011366,1.499055,0.846732,0.011105,0.1052,1130.33,646.8,-1.1549,3161,0,17500,1
2128,1001472,1152.39,538,-0.8366,-0.018132,5.587932,0.458402,0.033812,0.1057,1130.9,647.0,-1.1448,3156,2,21900,1
2129,1001472,1100.33,501,-0.9712,-0.018132,5.587932,0.458402,0.033812,0.1057,1129.37,645.7,-1.1339,3155,0,17150,1
2130,1001472,1197.44,557,-0.9754,-0.018132,5.587932,0.458402,0.033812,0.1057,1129.88,646.0,-1.1218,3155,1,18250,1
2131,1003520,1354.35,653,-1.7375,-0.010045,2.464458,0.633714,0.018839,0.0959,1130.89,646.5,-1.117,3156,2,20300,1
2132,1003520,1273.79,604,-1.7397,-0.010045,2.464458,0.633714,0.018839,0.0959,1132.22,647.1,-1.1129,3152,2,20950,1
2133,1003520,1317.35,801,-1.6362,-0.010045,2.464458,0.633714,0.018839,0.0959,1133.58,649.6,-1.1089,3157,0,18850,1
2134,1005568,1197.6,533,-0.8014,-0.009866,1.172006,0.860115,0.013974,0.094,1133.0,649.2,-1.1047,3156,1,17600,1
2135,1005568,1145.25,523,-0.6587,-0.009866,1.172006,0.860115,0.013974,0.094,1133.02,649.2,-1.1091,3153,0,17350,1
2136,1007616,1202.74,526,-0.3659,-0.007131,0.701794,1.164388,0.004115,0.0972,1133.59,649.1,-1.111,3156,1,20150,1
2137,1009664,1262.42,661,-0.2231,-0.011065,0.646978,1.23396,0.009276,0.1538,1134.59,650.3,-1.1105,3161,1,20800,1
2138,1009664,1092.98,487,0.078,-0.011065,0.646978,1.23396,0.009276,0.1538,1134.02,650.1,-1.1063,3157,0,17600,1
2139,1009664,1121.75,2503,-1.4012,-0.011065,0.646978,1.23396,0.009276,0.1538,1132.5,669.4,-1.1163,3153,5,19050,1
2140,1011712,1149.89,522,0.0551,-0.012613,0.856718,0.960392,0.015246,0.1331,1133.86,650.5,-1.0965,3154,0,19250,1
2141,1011712,1337.34,665,-0.1676,-0.012613,0.856718,0.960392,0.015246,0.1331,1135.06,649.2,-1.0914,3154,1,20350,1
2142,1011712,1015.88,2414,-1.0556,-0.012613,0.856718,0.960392,0.015246,0.1331,1132.76,667.2,-1.0959,3161,4,18600,1
2143,1013760,1252.85,585,-0.3659,-0.012893,1.751381,0.783507,0.015387,0.0994,1132.77,666.9,-1.0937,3161,1,18100,1
2144,1013760,1241.12,618,-0.4774,-0.012893,1.751381,0.783507,0.015387,0.0994,1133.67,667.9,-1.0931,3156,0,20050,1
2145,1013760,1303.28,588,-0.6634,-0.012893,1.751381,0.783507,0.015387,0.0994,1141.69,671.4,-1.0953,3152,2,20900,1
2146,1013760,1201.26,547,-0.7679,-0.012893,1.751381,0.783507,0.015387,0.0994,1142.38,671.9,-1.0961,3151,1,18200,1
2147,1015808,1190.52,514,-0.8879,-0.017611,5.795982,0.545148,0.025921,0.0957,1141.71,671.2,-1.0961,3161,1,21200,1
2148,1015808,1100.74,497,-1.0628,-0.017611,5.795982,0.545148,0.025921,0.0957,1141.03,670.8,-1.0941,3161,2,17650,1
2149,1015808,1194.33,530,-1.5711,-0.017611,5.795982,0.545148,0.025921,0.0957,1140.45,670.2,-1.0969,3156,1,18750,1
2150,1017856,1181.89,546,-1.7683,-0.012587,9.646765,0.416096,0.026833,0.094,1146.88,671.8,-1.0969,3154,1,17900,1
2151,1017856,1194.81,534,-1.8514,-0.012587,9.646765,0.416096,0.026833,0.094,1146.36,670.9,-1.0996,3157,1,20650,1
2152,1017856,1263.73,572,-2.0203,-0.012587,9.646765,0.416096,0.026833,0.094,1147.67,670.1,-1.1046,3155,2,20450,1
2153,1019904,1098.52,496,-2.2616,-0.003046,2.329763,0.733597,0.013806,0.0986,1153.18,669.4,-1.1099,3157,1,17800,1
2154,1019904,1257.32,600,-2.2098,-0.003046,2.329763,0.733597,0.013806,0.0986,1154.2,670.1,-1.1243,3153,2,18200,1
2155,1019904,1194.75,527,-2.0846,-0.003046,2.329763,0.733597,0.013806,0.0986,1153.88,664.7,-1.1326,3152,0,18000,1
2156,1019904,664.51,617,-1.4198,-0.003046,2.329763,0.733597,0.013806,0.0986,1149.56,665.9,-1.1458,2473,0,400,0
2157,1021952,1194.63,520,-0.8254,-0.002517,5.861367,0.431695,0.026445,0.0806,1149.37,665.3,-1.1474,3161,2,18400,1
2158,1021952,1190.21,552,-0.9791,-0.002517,5.861367,0.431695,0.026445,0.0806,1149.41,665.5,-1.1478,3157,1,17750,1
2159,1021952,1374.5,615,-0.9205,-0.002517,5.861367,0.431695,0.026445,0.0806,1150.54,665.8,-1.1478,3161,1,19200,1
2160,1021952,1150.63,536,-1.1684,-0.002517,5.861367,0.431695,0.026445,0.0806,1153.49,667.4,-1.1538,3156,0,17800,1
2161,1024000,1261.77,573,-1.4842,-0.00834,2.076474,0.695287,0.017829,0.094,1154.15,667.6,-1.1615,3161,3,19400,1
2162,1024000,678.25,587,-1.8356,-0.00834,2.076474,0.695287,0.017829,0.094,1147.8,666.3,-1.1727,2469,0,100,0
2163,1024000,1199.95,555,-1.2127,-0.00834,2.076474,0.695287,0.017829,0.094,1147.91,665.8,-1.1779,3150,0,17850,1
2164,1024000,800.72,354,-0.9261,-0.00834,2.076474,0.695287,0.017829,0.094,1143.4,663.0,-1.1804,2755,0,100,0
2165,1026048,1248.6,603,-0.7738,-0.012863,1.081817,0.840301,0.015858,0.0923,1143.77,663.6,-1.1819,3161,1,18050,1
2166,1026048,1145.77,830,-0.9483,-0.012863,1.081817,0.840301,0.015858,0.0923,1144.47,647.4,-1.1785,3156,1,16050,1
2167,1028096,1196.67,765,-0.8701,-0.012808,0.83374,1.095944,0.013644,0.1338,1144.48,649.6,-1.181,3152,2,19500,1
2168,1028096,1093.13,481,-0.2576,-0.012808,0.83374,1.095944,0.013644,0.1338,1143.92,649.1,-1.177,3153,3,18100,1
2169,1030144,1092.32,478,-0.274,-0.005408,0.809245,0.881577,0.003004,0.0984,1142.18,645.8,-1.171,3154,0,17750,1
2170,1030144,713.6,313,-0.359,-0.005408,0.809245,0.881577,0.003004,0.0984,1136.85,643.4,-1.1669,2748,0,300,0
2171,1030144,610.04,933,-0.6977,-0.005408,0.809245,0.881577,0.003004,0.0984,1135.86,649.6,-1.1644,2750,0,500,0
2172,1030144,1012.07,2434,-1.3401,-0.005408,0.809245,0.881577,0.003004,0.0984,1134.55,668.6,-1.1683,3156,4,18500,1
2173,1032192,1137.08,497,-0.4131,-0.007136,1.08372,0.721178,0.013596,0.1094,1132.75,667.2,-1.1581,3156,0,18000,1
2174,1032192,632.48,277,-0.4707,-0.007136,1.08372,0.721178,0.013596,0.1094,1127.18,664.4,-1.1464,2752,0,100,0
2175,1032192,417.96,200,-0.5928,-0.007136,1.08372,0.721178,0.013596,0.1094,1120.89,661.8,-1.1349,1798,0,200,0
2176,1032192,1247.92,600,-0.5324,-0.007136,1.08372,0.721178,0.013596,0.1094,1120.76,661.8,-1.1224,3152,0,17250,1
2177,1032192,651.56,293,-0.5614,-0.007136,1.08372,0.721178,0.013596,0.1094,1114.7,658.5,-1.1081,2469,0,100,0
2178,1034240,949.73,447,-0.9845,-0.008122,2.465882,0.494447,0.023382,0.0981,1111.8,657.1,-1.0977,3161,0,18700,1
2179,1034240,1140.98,519,-0.9857,-0.008122,2.465882,0.494447,0.023382,0.0981,1111.2,656.6,-1.0876,3149,0,17750,1
2180,1036288,1183.33,741,-1.2122,-0.007461,1.04178,0.820676,0.006603,0.0913,1111.68,658.2,-1.0794,3157,0,15700,1
2181,1036288,429.75,197,-0.2342,-0.007461,1.04178,0.820676,0.006603,0.0913,1109.73,657.5,-1.0596,1796,0,200,0
2182,1036288,1252.74,590,-0.802,-0.007461,1.04178,0.820676,0.006603,0.0913,1118.04,661.5,-1.0454,3150,1,18550,1
2183,1036288,1194.97,553,-0.6259,-0.007461,1.04178,0.820676,0.006603,0.0913,1118.09,661.3,-1.0303,3155,1,20700,1
2184,1038336,1136.45,505,-0.4675,-0.007865,1.242759,0.740494,0.006067,0.1062,1116.24,660.2,-1.0141,3153,1,18100,1
2185,1038336,1154.91,539,-0.5559,-0.007865,1.242759,0.740494,0.006067,0.1062,1116.23,660.2,-0.9997,3156,1,20750,1
2186,1040384,1105.75,2466,-1.2642,-0.004571,0.808198,0.987233,0.011082,0.1294,1116.4,680.0,-0.9933,3156,4,18600,1
2187,1042432,1067.63,1256,-0.7909,-0.010688,0.673178,1.110351,0.011567,0.1401,1115.28,686.9,-0.9814,3157,0,11650,1
2188,1044480,1160.36,1135,-0.6303,-0.007554,0.768808,1.027049,0.004506,0.0947,1115.44,693.2,-0.9678,3161,3,14650,1
2189,1044480,1160.28,517,-0.2408,-0.007554,0.768808,1.027049,0.004506,0.0947,1115.6,692.9,-0.9493,3150,1,19450,1
2190,1044480,424.38,200,-0.3269,-0.007554,0.768808,1.027049,0.004506,0.0947,1108.32,689.0,-0.9314,1797,0,200,0
2191,1046528,1240.99,558,-0.3221,-0.005712,0.682906,1.054199,0.004055,0.0745,1108.02,688.2,-0.9121,3152,2,18300,1
2192,1046528,1094.2,482,-0.2706,-0.005712,0.682906,1.054199,0.004055,0.0745,1105.23,686.2,-0.8932,3156,2,17600,1
2193,1046528,422.81,220,-0.2742,-0.005712,0.682906,1.054199,0.004055,0.0745,1098.52,683.3,-0.8741,1795,0,200,0
2194,1048576,1131.41,512,-0.2338,-0.005696,0.675473,1.086934,0.007373,0.1104,1098.82,682.5,-0.8538,3155,2,18900,1
2195,1048576,1067.45,2456,-0.8317,-0.005696,0.675473,1.086934,0.007373,0.1104,1099.62,702.5,-0.8456,3161,5,20050,1
2196,1048576,427.11,198,-0.1357,-0.005696,0.675473,1.086934,0.007373,0.1104,1091.86,698.8,-0.8296,1798,0,200,0
2197,1048576,504.75,233,-0.1251,-0.005696,0.675473,1.086934,0.007373,0.1104,1084.88,695.3,-0.815,1797,0,300,0
2198,1048576,421.93,196,-0.1332,-0.005696,0.675473,1.086934,0.007373,0.1104,1078.1,692.2,-0.8002,1798,0,200,0
2199,1050624,1003.77,629,-0.3023,-0.010767,0.753414,0.909228,0.04194,0.137,1083.85,696.5,-0.7943,3153,1,17150,1
2200,1050624,1071.52,2479,-0.7993,-0.010767,0.753414,0.909228,0.04194,0.137,1082.42,714.8,-0.7897,3161,3,18150,1
2201,1050624,572.39,435,-0.5687,-0.010767,0.753414,0.909228,0.04194,0.137,1077.15,714.2,-0.7935,1797,0,300,0
2202,1052672,428.23,193,-0.4018,-0.006156,1.838957,0.536524,0.019308,0.0881,1069.96,711.0,-0.7963,1798,0,200,0
2203,1052672,1111.26,490,-0.3992,-0.006156,1.838957,0.536524,0.019308,0.0881,1070.14,711.1,-0.8017,3161,0,20050,1
2204,1052672,1208.28,604,-0.4332,-0.006156,1.838957,0.536524,0.019308,0.0881,1071.21,711.6,-0.8063,3161,1,17650,1
2205,1052672,502.63,234,-0.6711,-0.006156,1.838957,0.536524,0.019308,0.0881,1065.48,688.7,-0.7979,1796,0,200,0
2206,1052672,424.3,198,-0.9494,-0.006156,1.838957,0.536524,0.019308,0.0881,1058.68,685.6,-0.8084,1798,0,200,0
2207,1052672,567.77,257,-0.9477,-0.006156,1.838957,0.536524,0.019308,0.0881,1052.86,683.1,-0.8178,2471,0,100,0
2208,1054720,1121.63,549,-0.9266,-0.007873,2.508192,0.466071,0.021353,0.0754,1050.89,682.4,-0.8265,3157,1,20350,1
2209,1054720,1120.28,531,-0.9487,-0.007873,2.508192,0.466071,0.021353,0.0754,1051.35,661.9,-0.8238,3161,0,18350,1
2210,1054720,427.76,199,-1.462,-0.007873,2.508192,0.466071,0.021353,0.0754,1044.75,658.2,-0.8347,1798,0,200,0
2211,1054720,1187.32,541,-1.2237,-0.007873,2.508192,0.466071,0.021353,0.0754,1045.22,658.5,-0.8425,3151,1,18250,1
2212,1054720,418.23,200,-1.4564,-0.007873,2.508192,0.466071,0.021353,0.0754,1038.47,655.6,-0.852,1798,0,200,0
2213,1054720,1241.6,757,-1.2473,-0.007873,2.508192,0.466071,0.021353,0.0754,1039.35,657.7,-0.8585,3154,2,16850,1
2214,1056768,1286.34,593,-1.4708,-0.014671,5.488447,0.422467,0.033468,0.1023,1041.36,658.6,-0.861,3156,2,18800,1
2215,1056768,1000.62,478,-1.9803,-0.014671,5.488447,0.422467,0.033468,0.1023,1038.81,657.4,-0.8694,3149,0,18800,1
2216,1056768,1151.07,516,-2.0058,-0.014671,5.488447,0.422467,0.033468,0.1023,1038.35,656.8,-0.875,3155,0,17550,1
2217,1058816,1202.67,604,-1.9699,-0.011254,5.639605,0.484336,0.028217,0.0952,1039.06,657.7,-0.8851,3154,0,18400,1
2218,1058816,1203.02,558,-2.1241,-0.011254,5.639605,0.484336,0.028217,0.0952,1038.54,657.1,-0.8959,3161,1,17650,1
2219,1058816,1143.48,523,-2.126,-0.011254,5.639605,0.484336,0.028217,0.0952,1037.97,656.5,-0.9104,3161,1,20600,1
2220,1058816,1140.45,491,-2.1282,-0.011254,5.639605,0.484336,0.028217,0.0952,1037.97,656.3,-0.9262,3161,1,17600,1
2221,1060864,1199.35,579,-2.146,-0.013582,5.953093,0.422399,0.026774,0.0898,1037.89,656.3,-0.9418,3151,0,18050,1
2222,1060864,583.56,322,-2.1673,-0.013582,5.953093,0.422399,0.026774,0.0898,1031.79,654.1,-0.9576,2473,0,100,0
2223,1060864,1196.21,556,-2.1971,-0.013582,5.953093,0.422399,0.026774,0.0898,1031.96,654.1,-0.9735,3152,0,17650,1
2224,1060864,422.48,193,-2.2118,-0.013582,5.953093,0.422399,0.026774,0.0898,1025.36,631.5,-0.981,1797,0,200,0
2225,1062912,1254.49,599,-2.142,-0.008031,2.197078,0.693024,0.012792,0.0789,1024.69,631.1,-0.9957,3161,0,21600,1
2226,1062912,1156.6,556,-1.8323,-0.008031,2.197078,0.693024,0.012792,0.0789,1024.83,631.4,-1.0077,3156,0,17500,1
2227,1064960,1249.82,799,-1.4044,-0.020186,2.827778,0.599545,0.026613,0.1086,1025.8,634.4,-1.0138,3161,1,16000,1
2228,1064960,1069.96,485,-0.9909,-0.020186,2.827778,0.599545,0.026613,0.1086,1024.98,633.9,-1.0154,3151,1,23400,1
2229,1067008,1157.06,684,-0.7009,-0.002225,0.724129,1.42361,0.007823,0.0935,1025.54,635.7,-1.0127,3161,0,17800,1
2230,1067008,655.11,813,-1.0,-0.002225,0.724129,1.42361,0.007823,0.0935,1020.12,638.2,-1.0129,1947,0,300,0
2231,1069056,468.79,351,0.1203,-0.007532,0.509735,1.469763,0.00505,0.1174,1011.26,635.2,-0.9943,1961,0,400,0
2232,1069056,633.8,509,0.1204,-0.007532,0.509735,1.469763,0.00505,0.1174,1004.86,634.3,-0.9757,1800,0,400,0
2233,1071104,1098.71,505,0.3486,-0.005149,0.579872,1.250137,0.00384,0.0508,1002.68,631.3,-0.9559,3161,1,20700,1
2234,1071104,1062.96,2446,-1.0074,-0.005149,0.579872,1.250137,0.00384,0.0508,1001.33,650.4,-0.958,3153,5,18800,1
2235,1071104,575.45,323,0.1381,-0.005149,0.579872,1.250137,0.00384,0.0508,995.63,648.4,-0.95,2469,0,300,0
2236,1073152,1233.55,844,-0.0553,-0.010777,0.695117,1.135658,0.008227,0.0796,995.94,651.6,-0.9469,3153,0,17700,1
2237,1073152,442.19,411,-0.246,-0.010777,0.695117,1.135658,0.008227,0.0796,987.74,649.1,-0.9471,1947,0,100,0
2238,1073152,1211.16,560,-0.0117,-0.010777,0.695117,1.135658,0.008227,0.0796,988.92,649.9,-0.948,3161,2,21100,1
2239,1075200,515.19,286,-0.2211,-0.004166,0.927503,0.954525,0.0033,0.0745,982.86,627.7,-0.9362,1797,0,300,0
2240,1075200,1201.92,566,-0.1455,-0.004166,0.927503,0.954525,0.0033,0.0745,983.38,628.1,-0.9382,3149,1,19250,1
2241,1075200,452.89,413,-0.6799,-0.004166,0.927503,0.954525,0.0033,0.0745,974.53,625.6,-0.9433,1955,0,200,0
2242,1077248,1299.18,611,-0.4391,-0.005673,0.787294,1.028167,0.008013,0.0615,977.36,607.6,-0.9372,3156,2,18750,1
2243,1077248,1164.39,719,-0.5717,-0.005673,0.787294,1.028167,0.008013,0.0615,976.48,608.9,-0.9392,3161,1,17900,1
2244,1077248,566.77,570,-0.5962,-0.005673,0.787294,1.028167,0.008013,0.0615,969.74,608.4,-0.9404,2467,0,500,0
2245,1079296,500.37,234,-0.3462,-0.01059,0.810756,1.014224,0.011726,0.116,961.71,604.9,-0.9372,1798,0,200,0
2246,1079296,1006.63,4462,-1.0695,-0.01059,0.810756,1.014224,0.011726,0.116,959.76,644.0,-0.9403,3152,8,21950,1
2247,1079296,1217.37,564,-0.4057,-0.01059,0.810756,1.014224,0.011726,0.116,960.03,644.5,-0.9354,3156,0,18250,1
2248,1079296,1207.77,688,-0.4752,-0.01059,0.810756,1.014224,0.011726,0.116,961.1,646.5,-0.9296,3149,0,16800,1
2249,1081344,1255.88,638,-0.6184,-0.006697,2.717346,0.541817,0.018037,0.0864,961.72,647.5,-0.92,3153,1,17250,1
2250,1081344,567.55,255,-1.2574,-0.006697,2.717346,0.541817,0.018037,0.0864,955.57,644.6,-0.9149,2472,0,100,0
2251,1081344,1248.12,615,-0.8366,-0.006697,2.717346,0.541817,0.018037,0.0864,956.1,645.4,-0.9048,3161,0,17350,1
2252,1083392,1324.66,577,-1.2743,-0.006494,6.095009,0.347656,0.025436,0.0752,956.71,645.5,-0.8973,3161,1,21050,1
2253,1083392,640.25,289,-1.6036,-0.006494,6.095009,0.347656,0.025436,0.0752,952.13,643.4,-0.8907,1795,0,300,0
2254,1083392,454.8,211,-1.8695,-0.006494,6.095009,0.347656,0.025436,0.0752,944.11,639.5,-0.8873,1943,0,100,0
2255,1083392,1182.7,551,-1.6367,-0.006494,6.095009,0.347656,0.025436,0.0752,943.99,639.8,-0.8828,3155,1,18050,1
2256,1083392,803.18,368,-1.8994,-0.006494,6.095009,0.347656,0.025436,0.0752,945.37,637.3,-0.8876,2473,0,500,0
2257,1085440,582.11,278,-1.8821,-0.008443,1.91434,0.634452,0.025334,0.0918,939.25,634.9,-0.8982,2471,0,100,0
2258,1085440,572.07,250,-1.9023,-0.008443,1.91434,0.634452,0.025334,0.0918,933.07,631.8,-0.9074,1952,0,100,0
2259,1085440,459.51,351,-1.0079,-0.008443,1.91434,0.634452,0.025334,0.0918,923.92,629.2,-0.9083,1948,0,400,0
2260,1087488,1195.47,576,-0.7816,-0.005828,1.015559,0.859952,0.007036,0.0889,924.36,629.6,-0.9044,3156,1,17850,1
2261,1087488,1345.29,641,-0.7715,-0.005828,1.015559,0.859952,0.007036,0.0889,925.2,630.3,-0.8973,3152,1,18450,1
2262,1087488,689.4,352,-0.622,-0.005828,1.015559,0.859952,0.007036,0.0889,925.31,627.9,-0.8852,2468,0,200,0
2263,1087488,421.54,197,-0.4807,-0.005828,1.015559,0.859952,0.007036,0.0889,917.53,624.3,-0.8779,1792,0,200,0
2264,1087488,624.64,269,-0.4536,-0.005828,1.015559,0.859952,0.007036,0.0889,915.77,623.5,-0.8731,2746,0,100,0
2265,1089536,562.65,562,-0.7823,-0.006166,0.793628,0.959343,0.009237,0.0842,908.91,623.1,-0.8732,2471,0,100,0
2266,1089536,713.78,526,-0.613,-0.006166,0.793628,0.959343,0.009237,0.0842,904.59,620.0,-0.8699,2473,0,300,0
2267,1089536,1238.29,555,-0.3161,-0.006166,0.793628,0.959343,0.009237,0.0842,905.0,617.9,-0.8643,3154,0,18150,1
2268,1091584,1154.64,2570,-1.5541,-0.007486,0.856539,0.897513,0.011416,0.1033,905.62,638.8,-0.8773,3157,5,21200,1
2269,1091584,573.46,254,-0.3686,-0.007486,0.856539,0.897513,0.011416,0.1033,900.43,636.6,-0.8782,2469,0,100,0
2270,1091584,1219.05,707,-0.5101,-0.007486,0.856539,0.897513,0.011416,0.1033,905.48,640.5,-0.8798,3157,0,18300,1
2271,1091584,1257.16,590,-0.3667,-0.007486,0.856539,0.897513,0.011416,0.1033,911.96,637.1,-0.8764,3156,2,18700,1
2272,1093632,1234.33,611,-0.6907,-0.009454,2.818601,0.476074,0.015082,0.0886,914.18,618.9,-0.8699,3149,0,23750,1
2273,1093632,943.57,565,-0.791,-0.009454,2.818601,0.476074,0.015082,0.0886,912.24,619.5,-0.8737,2759,0,300,0
2274,1093632,1188.11,506,-0.7788,-0.009454,2.818601,0.476074,0.015082,0.0886,917.8,621.8,-0.8768,3152,1,18600,1
2275,1093632,730.94,419,-1.1263,-0.009454,2.818601,0.476074,0.015082,0.0886,920.93,624.0,-0.8821,2467,0,500,0
2276,1095680,505.31,343,-1.239,-0.006472,1.998236,0.556006,0.014856,0.0981,913.5,621.5,-0.8892,1797,0,300,0
2277,1095680,1240.14,569,-1.1587,-0.006472,1.998236,0.556006,0.014856,0.0981,919.39,624.2,-0.8952,3154,0,18350,1
2278,1097728,1348.28,625,-1.1415,-0.014467,1.561609,0.733928,0.020375,0.1128,923.37,626.0,-0.8968,3157,1,21600,1
2279,1097728,1193.05,556,-1.0512,-0.014467,1.561609,0.733928,0.020375,0.1128,923.89,626.4,-0.8974,3154,1,21000,1
2280,1097728,627.97,269,-0.9984,-0.014467,1.561609,0.733928,0.020375,0.1128,918.34,621.6,-0.8953,2748,0,100,0
2281,1097728,1266.47,604,-1.0318,-0.014467,1.561609,0.733928,0.020375,0.1128,926.71,625.7,-0.9032,3157,1,18400,1
2282,1099776,652.86,298,-0.7356,-0.005503,1.022994,0.848883,0.005377,0.0903,920.71,622.8,-0.9026,2472,0,500,0
2283,1099776,1184.69,538,-0.8149,-0.005503,1.022994,0.848883,0.005377,0.0903,920.61,622.6,-0.9045,3161,1,23250,1
2284,1101824,1293.72,779,-0.6877,-0.008531,1.131535,0.790148,0.011531,0.1003,922.18,625.4,-0.9067,3161,2,20000,1
2285,1101824,775.07,452,-0.6524,-0.008531,1.131535,0.790148,0.011531,0.1003,918.38,624.5,-0.9076,2470,0,100,0
2286,1101824,1239.19,578,-0.5849,-0.008531,1.131535,0.790148,0.011531,0.1003,919.72,605.6,-0.9008,3157,0,18450,1
2287,1103872,1328.2,597,-0.6749,-0.00793,1.123979,0.793397,0.009022,0.0935,922.32,599.0,-0.8997,3152,2,18350,1
2288,1103872,1118.75,2498,-1.5844,-0.00793,1.123979,0.793397,0.009022,0.0935,921.91,612.7,-0.9092,3155,6,19150,1
2289,1103872,1239.32,619,-0.6612,-0.00793,1.123979,0.793397,0.009022,0.0935,922.7,613.7,-0.9134,3150,1,21400,1
2290,1103872,1257.65,568,-0.6436,-0.00793,1.123979,0.793397,0.009022,0.0935,931.03,617.4,-0.9166,3153,1,18200,1
2291,1105920,915.35,436,-0.7519,-0.011214,4.973426,0.460882,0.032036,0.1082,927.77,616.2,-0.9209,3157,0,18450,1
2292,1105920,1238.61,576,-1.0187,-0.011214,4.973426,0.460882,0.032036,0.1082,929.22,617.1,-0.9284,3156,0,18450,1
2293,1105920,1264.71,617,-1.1213,-0.011214,4.973426,0.460882,0.032036,0.1082,937.63,621.1,-0.9368,3153,0,21600,1
2294,1105920,1206.89,534,-1.2118,-0.011214,4.973426,0.460882,0.032036,0.1082,938.39,621.3,-0.9466,3161,1,19350,1
2295,1107968,1362.89,651,-1.6558,-0.016834,6.716079,0.459078,0.029901,0.0964,941.34,603.2,-0.9549,3150,2,18800,1
2296,1107968,1201.52,559,-1.9138,-0.016834,6.716079,0.459078,0.029901,0.0964,949.09,606.9,-0.9726,3149,1,18450,1
2297,1107968,1347.35,653,-1.8217,-0.016834,6.716079,0.459078,0.029901,0.0964,957.51,611.0,-0.9896,3156,2,21500,1
2298,1107968,1246.5,567,-1.8986,-0.016834,6.716079,0.459078,0.029901,0.0964,965.76,614.8,-1.0073,3161,0,18050,1
2299,1110016,1165.6,546,-1.9784,-0.01286,4.625196,0.609669,0.027034,0.1062,967.38,613.9,-1.024,3161,0,20800,1
2300,1110016,835.16,371,-1.8807,-0.01286,4.625196,0.609669,0.027034,0.1062,965.01,592.9,-1.0348,2756,0,100,0
2301,1110016,1155.88,512,-2.0039,-0.01286,4.625196,0.609669,0.027034,0.1062,970.85,593.6,-1.0492,3156,1,17850,1
2302,1110016,1146.26,557,-1.9419,-0.01286,4.625196,0.609669,0.027034,0.1062,978.03,597.3,-1.0646,3151,0,17750,1
2303,1112064,427.56,195,-1.4641,-0.007899,2.363204,0.560085,0.014891,0.0869,971.19,594.3,-1.0752,1797,0,200,0
2304,1112064,558.2,507,-1.4908,-0.007899,2.363204,0.560085,0.014891,0.0869,964.69,593.3,-1.0858,1954,0,400,0
2305,1112064,1272.86,591,-1.5611,-0.007899,2.363204,0.560085,0.014891,0.0869,972.39,596.9,-1.0947,3157,3,19550,1
2306,1112064,1257.43,575,-1.3726,-0.007899,2.363204,0.560085,0.014891,0.0869,980.73,600.7,-1.099,3154,1,18350,1
2307,1114112,1106.72,498,-1.2365,-0.009971,4.573831,0.501801,0.010795,0.0779,986.12,603.1,-1.1018,3161,0,18600,1
2308,1114112,625.88,277,-1.6126,-0.009971,4.573831,0.501801,0.010795,0.0779,981.16,600.4,-1.1087,2753,0,100,0
2309,1114112,1244.06,585,-1.4318,-0.009971,4.573831,0.501801,0.010795,0.0779,982.4,600.9,-1.1135,3153,0,17600,1
2310,1114112,1239.25,707,-1.4663,-0.009971,4.573831,0.501801,0.010795,0.0779,990.51,606.0,-1.1136,3154,0,15850,1
2311,1116160,1182.6,647,-1.5872,-0.012171,3.649714,0.604872,0.02075,0.0776,990.46,607.0,-1.1172,3153,0,23000,1
2312,1116160,725.21,350,-1.7785,-0.012171,3.649714,0.604872,0.02075,0.0776,993.53,608.5,-1.1204,2471,0,700,0
2313,1116160,1144.81,499,-1.6475,-0.012171,3.649714,0.604872,0.02075,0.0776,992.57,606.0,-1.1244,3153,1,18450,1
2314,1116160,1201.73,571,-1.6813,-0.012171,3.649714,0.604872,0.02075,0.0776,991.72,605.8,-1.1265,3157,0,17400,1
2315,1118208,1230.72,566,-1.8257,-0.015659,5.076213,0.451069,0.023253,0.0852,994.02,606.6,-1.125,3161,3,20200,1
2316,1118208,1194.91,527,-2.0476,-0.015659,5.076213,0.451069,0.023253,0.0852,994.46,606.7,-1.1254,3154,1,18000,1
2317,1118208,1375.6,688,-1.9408,-0.015659,5.076213,0.451069,0.023253,0.0852,996.19,607.6,-1.1251,3161,1,21350,1
2318,1120256,480.08,222,-2.0985,-0.011666,3.534948,0.670897,0.016735,0.0928,988.96,604.2,-1.1249,2019,0,400,0
2319,1120256,1235.37,674,-2.2113,-0.011666,3.534948,0.670897,0.016735,0.0928,989.88,605.7,-1.1257,3157,0,18550,1
2320,1120256,1322.01,694,-2.2103,-0.011666,3.534948,0.670897,0.016735,0.0928,991.69,607.8,-1.1265,3150,1,21350,1
2321,1120256,1196.84,556,-1.9335,-0.011666,3.534948,0.670897,0.016735,0.0928,991.67,607.5,-1.1244,3161,1,18000,1
2322,1122304,1241.98,555,-1.8977,-0.010627,4.167211,0.576801,0.016082,0.0767,998.25,609.9,-1.1217,3157,0,23750,1
2323,1122304,1222.54,607,-1.9158,-0.010627,4.167211,0.576801,0.016082,0.0767,998.52,610.4,-1.1189,3161,0,17500,1
2324,1122304,814.5,456,-2.0229,-0.010627,4.167211,0.576801,0.016082,0.0767,1002.44,613.0,-1.117,2468,0,300,0
2325,1122304,1131.91,513,-1.9953,-0.010627,4.167211,0.576801,0.016082,0.0767,1001.21,612.1,-1.1155,3161,0,19950,1
2326,1124352,1265.02,604,-1.9201,-0.010526,3.292443,0.492096,0.017592,0.0759,1002.29,612.6,-1.1164,3154,0,17950,1
2327,1124352,626.86,558,-2.1698,-0.010526,3.292443,0.492096,0.017592,0.0759,996.06,610.2,-1.1241,2748,1,600,0
2328,1124352,1252.5,594,-1.8815,-0.010526,3.292443,0.492096,0.017592,0.0759,997.89,611.3,-1.133,3161,1,18600,1
2329,1124352,358.95,160,-1.7222,-0.010526,3.292443,0.492096,0.017592,0.0759,989.91,606.1,-1.1432,1519,0,100,0
2330,1124352,420.11,197,-1.7056,-0.010526,3.292443,0.492096,0.017592,0.0759,987.56,599.9,-1.1503,1794,0,200,0
2331,1124352,1069.61,506,-1.7437,-0.010526,3.292443,0.492096,0.017592,0.0759,993.57,601.5,-1.1689,3152,1,18400,1
2332,1126400,737.71,541,-1.663,-0.006775,2.546608,0.679579,0.013122,0.0801,994.61,601.8,-1.1867,2021,0,300,0
2333,1126400,1147.44,513,-1.5757,-0.006775,2.546608,0.679579,0.013122,0.0801,995.09,601.9,-1.206,3150,1,18050,1
2334,1126400,1200.21,557,-1.5855,-0.006775,2.546608,0.679579,0.013122,0.0801,996.47,583.0,-1.2118,3149,0,19400,1
2335,1126400,1210.63,555,-1.5652,-0.006775,2.546608,0.679579,0.013122,0.0801,1002.82,585.3,-1.2288,3157,1,17750,1
2336,1128448,460.69,209,-1.6422,-0.009124,2.875339,0.577302,0.012198,0.0725,995.09,578.9,-1.2447,1944,0,100,0
2337,1128448,584.44,369,-1.6869,-0.009124,2.875339,0.577302,0.012198,0.0725,996.51,578.5,-1.2591,2466,0,0,0
2338,1128448,872.27,450,-1.6385,-0.009124,2.875339,0.577302,0.012198,0.0725,993.12,577.4,-1.2753,2761,0,400,0
2339,1130496,1413.93,661,-1.6572,-0.011599,5.565784,0.504442,0.017072,0.0708,1002.11,581.2,-1.2897,3154,1,18900,1
2340,1130496,575.42,283,-1.8264,-0.011599,5.565784,0.504442,0.017072,0.0708,995.84,578.3,-1.3065,2472,0,100,0
2341,1130496,1178.76,541,-1.8081,-0.011599,5.565784,0.504442,0.017072,0.0708,1003.1,579.6,-1.3178,3161,2,18700,1
2342,1130496,1254.47,595,-1.8209,-0.011599,5.565784,0.504442,0.017072,0.0708,1002.66,579.5,-1.3316,3161,0,18750,1
2343,1132544,1261.58,587,-2.0694,-0.01987,5.204761,0.488198,0.025858,0.1023,1003.63,578.1,-1.3466,3156,1,18250,1
2344,1132544,1402.21,623,-2.0811,-0.01987,5.204761,0.488198,0.025858,0.1023,1011.98,578.7,-1.3614,3161,1,19650,1
2345,1132544,1266.33,609,-2.1193,-0.01987,5.204761,0.488198,0.025858,0.1023,1019.64,582.4,-1.3792,3157,0,18850,1
2346,1132544,1196.84,551,-2.1308,-0.01987,5.204761,0.488198,0.025858,0.1023,1021.54,543.3,-1.3898,3157,1,18650,1
2347,1134592,701.38,433,-2.1558,-0.014681,4.872125,0.630781,0.018265,0.0825,1016.38,542.0,-1.4073,2470,0,400,0
2348,1134592,579.15,288,-2.2592,-0.014681,4.872125,0.630781,0.018265,0.0825,1010.1,538.0,-1.4251,2468,0,100,0
2349,1134592,1113.63,534,-2.2645,-0.014681,4.872125,0.630781,0.018265,0.0825,1008.68,537.0,-1.4416,3161,0,19850,1
2350,1134592,500.09,223,-2.3579,-0.014681,4.872125,0.630781,0.018265,0.0825,1008.0,536.6,-1.4526,1787,0,100,0
2351,1134592,1149.46,538,-2.2711,-0.014681,4.872125,0.630781,0.018265,0.0825,1007.01,535.9,-1.4669,3161,1,17800,1
2352,1136640,571.37,258,-2.3186,-0.003742,2.598625,0.625532,0.010695,0.062,999.48,532.7,-1.4774,2468,0,300,0
2353,1136640,1241.61,572,-2.0312,-0.003742,2.598625,0.625532,0.010695,0.062,1005.5,535.5,-1.4816,3155,0,17950,1
2354,1136640,425.94,191,-1.1953,-0.003742,2.598625,0.625532,0.010695,0.062,1005.21,535.3,-1.4749,1796,0,200,0
2355,1136640,632.81,412,-1.7286,-0.003742,2.598625,0.625532,0.010695,0.062,999.71,533.9,-1.4758,2748,0,400,0
2356,1136640,1149.64,534,-1.7572,-0.003742,2.598625,0.625532,0.010695,0.062,1003.17,535.6,-1.4744,3154,1,17550,1
2357,1136640,421.66,195,-1.2067,-0.003742,2.598625,0.625532,0.010695,0.062,1001.57,534.7,-1.4677,1797,0,200,0
2358,1138688,1262.98,586,-1.3395,-0.00816,3.25363,0.493584,0.016409,0.0872,1008.48,538.1,-1.462,3153,0,22850,1
2359,1138688,1266.59,593,-1.385,-0.00816,3.25363,0.493584,0.016409,0.0872,1016.55,540.5,-1.4658,3154,1,17850,1
2360,1138688,866.51,384,-1.4121,-0.00816,3.25363,0.493584,0.016409,0.0872,1013.26,538.6,-1.4721,2753,0,500,0
2361,1138688,1408.43,797,-1.4971,-0.00816,3.25363,0.493584,0.016409,0.0872,1013.89,540.2,-1.4794,3154,2,19350,1
2362,1140736,1101.02,507,-1.7239,-0.013399,6.060136,0.536561,0.023509,0.0911,1018.01,541.7,-1.4904,3157,2,17750,1
2363,1140736,1325.03,627,-1.6951,-0.013399,6.060136,0.536561,0.023509,0.0911,1027.04,546.0,-1.5025,3149,1,19100,1
2364,1140736,1142.32,515,-1.737,-0.013399,6.060136,0.536561,0.023509,0.0911,1032.22,548.5,-1.5154,3161,1,18650,1
2365,1142784,1333.34,595,-1.9587,-0.017327,7.167522,0.468673,0.027258,0.0872,1039.92,548.8,-1.5271,3156,1,19300,1
2366,1142784,1186.96,547,-2.365,-0.017327,7.167522,0.468673,0.027258,0.0872,1044.66,549.0,-1.5446,3153,1,17750,1
2367,1142784,1239.45,607,-2.3883,-0.017327,7.167522,0.468673,0.027258,0.0872,1044.67,549.5,-1.5654,3155,0,21400,1
2368,1144832,1356.42,685,-2.3885,-0.01355,3.817837,0.677955,0.018073,0.0972,1046.69,530.7,-1.5737,3161,2,20900,1
2369,1144832,1255.05,604,-2.3832,-0.01355,3.817837,0.677955,0.018073,0.0972,1053.5,534.2,-1.5938,3154,1,18950,1
2370,1144832,638.48,281,-1.7892,-0.01355,3.817837,0.677955,0.018073,0.0972,1047.7,529.9,-1.6066,2754,0,100,0
2371,1144832,1184.05,576,-1.975,-0.01355,3.817837,0.677955,0.018073,0.0972,1046.96,529.8,-1.6227,3156,0,19250,1
2372,1144832,1254.67,611,-1.9986,-0.01355,3.817837,0.677955,0.018073,0.0972,1047.17,529.8,-1.6358,3161,1,18350,1
2373,1146880,637.04,285,-1.8804,-0.014233,4.234507,0.560776,0.018954,0.0798,1044.1,527.0,-1.6467,1787,0,300,0
2374,1146880,1265.73,613,-1.852,-0.014233,4.234507,0.560776,0.018954,0.0798,1044.88,528.0,-1.6574,3153,1,21300,1
2375,1146880,390.25,180,-2.0542,-0.014233,4.234507,0.560776,0.018954,0.0798,1041.47,525.7,-1.6667,1659,0,100,0
2376,1148928,1192.45,526,-1.9456,-0.013581,7.996647,0.409132,0.021205,0.0803,1048.34,527.5,-1.6738,3157,0,18250,1
2377,1148928,1244.47,551,-1.942,-0.013581,7.996647,0.409132,0.021205,0.0803,1048.39,527.3,-1.6816,3161,0,19050,1
2378,1148928,1256.8,588,-2.1351,-0.013581,7.996647,0.409132,0.021205,0.0803,1047.47,526.9,-1.6915,3155,2,22900,1
2379,1148928,1261.85,593,-2.1172,-0.013581,7.996647,0.409132,0.021205,0.0803,1048.16,527.3,-1.7022,3161,0,18400,1
2380,1150976,1242.28,557,-2.2872,-0.016966,6.465517,0.562561,0.02587,0.0867,1054.3,530.2,-1.7151,3161,0,18100,1
2381,1150976,1370.09,653,-2.3,-0.016966,6.465517,0.562561,0.02587,0.0867,1055.34,530.7,-1.7278,3152,2,22100,1
2382,1150976,1163.59,524,-2.4289,-0.016966,6.465517,0.562561,0.02587,0.0867,1060.45,532.9,-1.7447,3151,1,19200,1
2383,1150976,1199.41,566,-2.4052,-0.016966,6.465517,0.562561,0.02587,0.0867,1060.59,533.2,-1.7606,3155,0,17300,1
2384,1153024,1153.05,524,-2.4866,-0.01281,6.172301,0.501762,0.026709,0.0918,1059.19,530.7,-1.7786,3161,2,18650,1
2385,1153024,1141.83,496,-2.4748,-0.01281,6.172301,0.501762,0.026709,0.0918,1062.85,531.1,-1.7968,3153,0,23050,1
2386,1153024,1245.22,552,-2.5266,-0.01281,6.172301,0.501762,0.026709,0.0918,1062.91,530.9,-1.8162,3156,0,18500,1
2387,1153024,1312.62,597,-2.5002,-0.01281,6.172301,0.501762,0.026709,0.0918,1062.76,530.9,-1.8345,3153,1,18450,1
2388,1155072,1375.72,648,-2.5438,-0.013249,7.030055,0.529263,0.021832,0.0874,1065.33,512.4,-1.8441,3157,0,23600,1
2389,1155072,1312.65,610,-2.5094,-0.013249,7.030055,0.529263,0.021832,0.0874,1066.06,512.3,-1.8626,3161,2,18750,1
2390,1155072,1204.31,556,-2.5561,-0.013249,7.030055,0.529263,0.021832,0.0874,1065.53,512.1,-1.8817,3152,0,18600,1
2391,1155072,1169.08,575,-2.581,-0.013249,7.030055,0.529263,0.021832,0.0874,1068.07,513.5,-1.9,3161,1,20550,1
2392,1157120,1206.58,539,-2.4975,-0.012145,5.52979,0.548979,0.01891,0.0767,1067.75,513.2,-1.9148,3161,2,18500,1
2393,1159168,1191.2,630,-2.0723,0.002698,1.566421,0.830399,0.012273,0.0918,1067.01,513.3,-1.9243,3153,0,20200,1
2394,1159168,1378.77,710,-2.1007,0.002698,1.566421,0.830399,0.012273,0.0918,1068.73,515.0,-1.9332,3156,3,21750,1
2395,1159168,1199.46,578,-1.3633,0.002698,1.566421,0.830399,0.012273,0.0918,1067.09,514.3,-1.9302,3161,1,18250,1
2396,1159168,425.98,197,-0.4268,0.002698,1.566421,0.830399,0.012273,0.0918,1059.34,510.7,-1.9154,1792,0,200,0
2397,1161216,1157.35,512,-0.4248,-0.009167,1.11516,0.922538,0.009253,0.0857,1057.44,509.3,-1.9014,3154,0,18900,1
2398,1161216,1220.91,559,-0.4312,-0.009167,1.11516,0.922538,0.009253,0.0857,1057.18,509.2,-1.8867,3156,1,20500,1
2399,1161216,1175.47,568,-0.4659,-0.009167,1.11516,0.922538,0.009253,0.0857,1057.28,509.4,-1.8716,3149,1,22700,1
2400,1163264,1204.98,532,-0.4535,-0.00739,1.216265,0.859941,0.003188,0.0791,1060.98,511.0,-1.8573,3157,1,18600,1
2401,1163264,1240.03,578,-0.6056,-0.00739,1.216265,0.859941,0.003188,0.0791,1061.82,511.7,-1.8434,3156,0,18300,1
2402,1165312,1234.36,648,-0.6818,-0.007723,1.336442,0.851396,0.011553,0.1077,1062.7,512.6,-1.8307,3156,1,17350,1
2403,1165312,1100.52,2471,-1.7203,-0.007723,1.336442,0.851396,0.011553,0.1077,1069.43,535.4,-1.8333,3152,4,19250,1
2404,1165312,1191.47,530,-0.6639,-0.007723,1.336442,0.851396,0.011553,0.1077,1075.77,535.6,-1.825,3149,0,18250,1
2405,1165312,1198.98,528,-0.7115,-0.007723,1.336442,0.851396,0.011553,0.1077,1075.03,535.0,-1.8165,3153,0,23600,1
2406,1167360,1271.02,587,-0.8676,-0.020053,5.87655,0.52405,0.027258,0.1045,1075.16,535.1,-1.8115,3154,2,20100,1
2407,1167360,1047.01,501,-0.9569,-0.020053,5.87655,0.52405,0.027258,0.1045,1074.57,535.1,-1.8087,3149,0,18700,1
2408,1167360,1339.44,665,-1.0018,-0.020053,5.87655,0.52405,0.027258,0.1045,1081.7,539.0,-1.8026,3161,1,20550,1
2409,1167360,1189.1,551,-1.3321,-0.020053,5.87655,0.52405,0.027258,0.1045,1081.15,538.7,-1.8016,3161,0,20600,1
2410,1169408,1002.01,464,-1.4697,-0.010895,3.257644,0.555362,0.027016,0.1172,1078.78,536.2,-1.8016,3157,0,20550,1
2411,1169408,628.27,529,-1.5895,-0.010895,3.257644,0.555362,0.027016,0.1172,1073.24,535.0,-1.8017,2748,0,500,0
2412,1169408,421.7,192,-1.6371,-0.010895,3.257644,0.555362,0.027016,0.1172,1070.2,533.5,-1.8002,1784,0,100,0
2413,1169408,643.4,285,-1.6081,-0.010895,3.257644,0.555362,0.027016,0.1172,1065.19,531.3,-1.7998,2471,0,100,0
2414,1169408,1236.02,558,-1.4755,-0.010895,3.257644,0.555362,0.027016,0.1172,1065.53,531.2,-1.7978,3157,0,17900,1
2415,1171456,633.96,283,-1.6702,-0.005286,3.859071,0.422621,0.012066,0.0691,1059.56,528.4,-1.7962,2750,0,500,0
2416,1171456,1194.7,543,-1.62,-0.005286,3.859071,0.422621,0.012066,0.0691,1059.56,528.5,-1.792,3156,1,20900,1
2417,1171456,742.7,447,-1.772,-0.005286,3.859071,0.422621,0.012066,0.0691,1053.23,526.1,-1.7903,2470,0,300,0
2418,1171456,1255.39,564,-1.6352,-0.005286,3.859071,0.422621,0.012066,0.0691,1060.98,529.5,-1.7856,3161,1,20450,1
2419,1173504,1195.72,573,-1.7925,-0.015003,5.441234,0.436165,0.021103,0.0808,1060.59,528.5,-1.7814,3149,0,17650,1
2420,1173504,1183.27,516,-1.8312,-0.015003,5.441234,0.436165,0.021103,0.0808,1059.2,526.8,-1.7777,3155,0,21200,1
2421,1173504,1296.29,636,-1.9318,-0.015003,5.441234,0.436165,0.021103,0.0808,1060.19,527.5,-1.7776,3156,1,21000,1
2422,1173504,1279.24,595,-2.0227,-0.015003,5.441234,0.436165,0.021103,0.0808,1060.57,528.0,-1.7789,3161,0,17950,1
2423,1173504,459.7,222,-2.347,-0.015003,5.441234,0.436165,0.021103,0.0808,1052.94,524.1,-1.7832,1949,0,200,0
2424,1175552,1147.59,527,-2.1191,-0.014101,4.666878,0.545452,0.025234,0.0942,1056.27,524.8,-1.7842,3161,1,20600,1
2425,1175552,957.62,448,-2.1768,-0.014101,4.666878,0.545452,0.025234,0.0942,1054.53,524.2,-1.786,3151,0,18850,1
2426,1175552,440.67,198,-2.212,-0.014101,4.666878,0.545452,0.025234,0.0942,1046.28,520.1,-1.7889,1798,0,200,0
2427,1175552,1239.22,581,-2.0716,-0.014101,4.666878,0.545452,0.025234,0.0942,1052.41,520.3,-1.7879,3153,0,17600,1
2428,1175552,1291.58,598,-2.0463,-0.014101,4.666878,0.545452,0.025234,0.0942,1052.8,520.4,-1.7896,3157,1,20950,1
2429,1177600,1191.69,523,-2.12,-0.015056,6.248809,0.486079,0.020435,0.0967,1061.12,524.0,-1.7935,3154,0,18000,1
2430,1177600,1238.14,590,-2.1325,-0.015056,6.248809,0.486079,0.020435,0.0967,1069.3,527.9,-1.7978,3149,1,22950,1
2431,1179648,1197.17,581,-2.1688,-0.012214,4.86422,0.58858,0.024083,0.0969,1070.58,528.7,-1.8021,3151,1,24050,1
2432,1179648,1251.48,579,-2.1918,-0.012214,4.86422,0.58858,0.024083,0.0969,1075.72,529.1,-1.8073,3161,0,19650,1
2433,1179648,1256.08,709,-2.2772,-0.012214,4.86422,0.58858,0.024083,0.0969,1076.8,531.0,-1.8144,3156,0,16650,1
2434,1179648,1158.34,564,-2.2312,-0.012214,4.86422,0.58858,0.024083,0.0969,1076.39,531.1,-1.8208,3161,1,17650,1
2435,1181696,1244.44,567,-2.2235,-0.013116,4.544673,0.635752,0.01626,0.0784,1076.72,531.2,-1.8274,3161,0,17700,1
2436,1181696,1250.1,550,-2.2488,-0.013116,4.544673,0.635752,0.01626,0.0784,1084.62,534.6,-1.8335,3161,0,17800,1
2437,1181696,633.34,275,-2.2923,-0.013116,4.544673,0.635752,0.01626,0.0784,1085.11,533.7,-1.8395,2730,0,100,0
2438,1181696,1147.96,490,-2.1975,-0.013116,4.544673,0.635752,0.01626,0.0784,1087.86,534.1,-1.8451,3155,1,18200,1
2439,1183744,1239.15,553,-2.2343,-0.010455,7.900788,0.403451,0.018326,0.082,1086.12,533.0,-1.8509,3156,1,18400,1
2440,1183744,1187.13,572,-2.3189,-0.010455,7.900788,0.403451,0.018326,0.082,1092.23,535.9,-1.8558,3157,0,17300,1
2441,1183744,1240.73,548,-2.5076,-0.010455,7.900788,0.403451,0.018326,0.082,1092.85,536.0,-1.8628,3157,0,18300,1
2442,1183744,1145.55,503,-2.506,-0.010455,7.900788,0.403451,0.018326,0.082,1091.76,535.0,-1.8697,3161,1,18150,1
2443,1185792,1208.1,545,-2.5909,-0.015386,5.513427,0.53728,0.020441,0.0762,1091.23,534.6,-1.8749,3157,2,19350,1
2444,1185792,1165.0,578,-2.5655,-0.015386,5.513427,0.53728,0.020441,0.0762,1088.86,534.2,-1.8797,3161,0,19450,1
2445,1185792,1249.17,558,-2.4794,-0.015386,5.513427,0.53728,0.020441,0.0762,1088.69,533.7,-1.8833,3156,0,22050,1
2446,1187840,1184.21,644,-2.5222,-0.00887,3.267024,0.647474,0.013128,0.0923,1088.56,534.6,-1.8872,3156,0,18550,1
2447,1187840,370.55,173,-1.4052,-0.00887,3.267024,0.647474,0.013128,0.0923,1085.25,532.0,-1.8797,1519,0,0,0
2448,1187840,1033.03,533,-2.1078,-0.00887,3.267024,0.647474,0.013128,0.0923,1089.79,534.4,-1.8782,3153,1,22450,1
2449,1187840,1368.96,780,-2.1892,-0.00887,3.267024,0.647474,0.013128,0.0923,1092.34,536.9,-1.8775,3156,2,21550,1
2450,1187840,1192.62,532,-1.5859,-0.00887,3.267024,0.647474,0.013128,0.0923,1099.27,540.0,-1.8697,3161,0,17250,1
2451,1189888,1201.04,549,-1.5792,-0.015191,4.389085,0.565575,0.014855,0.0769,1099.78,540.1,-1.8628,3155,0,18250,1
2452,1189888,1251.29,584,-1.6041,-0.015191,4.389085,0.565575,0.014855,0.0769,1106.58,543.4,-1.8557,3151,1,18550,1
2453,1189888,1164.73,623,-1.6428,-0.015191,4.389085,0.565575,0.014855,0.0769,1105.81,543.9,-1.8518,3156,1,20050,1
2454,1191936,1452.63,830,-1.735,-0.007161,3.211562,0.678235,0.007107,0.0657,1116.08,550.3,-1.8572,3155,0,18050,1
2455,1191936,1203.44,540,-1.7222,-0.007161,3.211562,0.678235,0.007107,0.0657,1121.79,551.5,-1.8571,3155,0,17750,1
2456,1191936,1258.47,646,-1.7596,-0.007161,3.211562,0.678235,0.007107,0.0657,1122.88,552.7,-1.8571,3157,0,18300,1
2457,1191936,1268.29,599,-1.7695,-0.007161,3.211562,0.678235,0.007107,0.0657,1131.34,556.7,-1.8628,3161,1,21650,1
2458,1191936,416.25,190,-1.687,-0.007161,3.211562,0.678235,0.007107,0.0657,1122.87,552.7,-1.8662,1785,0,100,0
2459,1193984,1248.72,578,-1.9336,-0.020558,4.553762,0.698853,0.023695,0.106,1122.7,552.6,-1.8717,3157,0,18200,1
2460,1196032,1247.33,634,-1.9849,-0.013625,4.271384,0.706424,0.020745,0.0991,1126.5,555.1,-1.8775,3157,0,16900,1
2461,1196032,1237.96,591,-2.0684,-0.013625,4.271384,0.706424,0.020745,0.0991,1124.8,553.0,-1.8832,3154,1,20750,1
2462,1196032,1297.66,602,-1.9978,-0.013625,4.271384,0.706424,0.020745,0.0991,1126.77,554.0,-1.8859,3153,1,19750,1
2463,1196032,947.04,478,-1.9816,-0.013625,4.271384,0.706424,0.020745,0.0991,1122.99,552.5,-1.8888,3156,0,18750,1
2464,1198080,1150.07,506,-2.0012,-0.019551,6.111722,0.558395,0.022057,0.0974,1123.06,552.4,-1.8914,3149,0,17750,1
2465,1198080,1313.27,590,-2.0286,-0.019551,6.111722,0.558395,0.022057,0.0974,1122.86,552.4,-1.8921,3157,2,19350,1
2466,1198080,1296.99,605,-2.079,-0.019551,6.111722,0.558395,0.022057,0.0974,1123.96,552.9,-1.8893,3153,1,19950,1
2467,1198080,1151.79,534,-2.089,-0.019551,6.111722,0.558395,0.022057,0.0974,1123.09,552.2,-1.8863,3155,2,17450,1
2468,1200128,1232.75,583,-1.8504,-0.007022,2.102826,0.723846,0.009598,0.0657,1121.85,551.2,-1.8809,3161,0,18300,1
2469,1200128,563.06,528,-1.8929,-0.007022,2.102826,0.723846,0.009598,0.0657,1114.93,550.4,-1.876,2470,0,100,0
2470,1200128,1259.95,779,-1.648,-0.007022,2.102826,0.723846,0.009598,0.0657,1121.14,555.4,-1.8746,3161,3,21150,1
2471,1202176,1405.33,750,-1.3617,-0.01456,2.171401,0.838087,0.012239,0.0967,1123.36,557.1,-1.8684,3157,2,23150,1
2472,1202176,1174.9,617,-1.0123,-0.01456,2.171401,0.838087,0.012239,0.0967,1122.56,557.2,-1.8586,3156,0,18300,1
2473,1202176,1253.77,653,-1.0547,-0.01456,2.171401,0.838087,0.012239,0.0967,1128.73,560.9,-1.8503,3157,2,18650,1
2474,1202176,1301.45,600,-1.0131,-0.01456,2.171401,0.838087,0.012239,0.0967,1129.08,560.8,-1.8419,3157,2,18750,1
2475,1204224,1248.74,557,-1.0738,-0.018028,5.623906,0.659142,0.022001,0.0913,1137.67,564.5,-1.8321,3156,0,19650,1
2476,1204224,574.78,261,-1.2943,-0.018028,5.623906,0.659142,0.022001,0.0913,1131.49,561.9,-1.8256,2472,0,300,0
2477,1204224,1175.92,561,-1.2394,-0.018028,5.623906,0.659142,0.022001,0.0913,1130.81,562.0,-1.8186,3150,2,21300,1
2478,1206272,1459.8,771,-1.3069,-0.016288,2.666992,0.747226,0.023523,0.115,1132.84,563.8,-1.8103,3156,1,20750,1
2479,1206272,1347.63,662,-1.3223,-0.016288,2.666992,0.747226,0.023523,0.115,1133.69,564.5,-1.8024,3161,3,21050,1
2480,1206272,569.43,250,-1.3537,-0.016288,2.666992,0.747226,0.023523,0.115,1126.97,561.4,-1.793,1794,0,200,0
2481,1206272,1165.33,539,-1.3955,-0.016288,2.666992,0.747226,0.023523,0.115,1124.92,560.3,-1.784,3161,0,18050,1
2482,1208320,1251.52,568,-1.4536,-0.010201,4.27634,0.565252,0.017052,0.064,1125.8,560.7,-1.7742,3157,2,19750,1
2483,1208320,423.53,195,-1.521,-0.010201,4.27634,0.565252,0.017052,0.064,1118.04,557.0,-1.7654,1794,0,200,0
2484,1208320,1342.37,618,-1.6686,-0.010201,4.27634,0.565252,0.017052,0.064,1119.93,558.0,-1.7572,3155,2,18850,1
2485,1208320,652.06,360,-1.7297,-0.010201,4.27634,0.565252,0.017052,0.064,1115.03,556.6,-1.7497,2749,0,500,0
2486,1210368,1133.66,495,-1.6321,-0.014661,1.683033,0.860954,0.016859,0.1187,1113.92,556.0,-1.7408,3161,1,19800,1
2487,1210368,1233.98,560,-0.9433,-0.014661,1.683033,0.860954,0.016859,0.1187,1113.13,555.6,-1.7252,3161,3,19700,1
2488,1212416,1344.86,652,-0.9889,-0.006922,1.250654,0.933436,0.007604,0.1082,1112.82,555.7,-1.7097,3157,3,21800,1
2489,1212416,1293.1,610,-0.7714,-0.006922,1.250654,0.933436,0.007604,0.1082,1112.63,555.7,-1.6923,3161,2,19250,1
2490,1214464,1353.52,639,-0.6865,-0.007551,1.05999,0.958569,0.008991,0.1045,1114.12,556.5,-1.6736,3157,1,20800,1
2491,1214464,1228.72,734,-0.8708,-0.007551,1.05999,0.958569,0.008991,0.1045,1114.72,558.1,-1.6565,3154,1,17350,1
2492,1214464,576.27,277,-0.4318,-0.007551,1.05999,0.958569,0.008991,0.1045,1108.41,555.5,-1.6359,2469,0,400,0
2493,1216512,1251.31,2732,-1.6373,-0.010546,0.711437,1.196677,0.005204,0.1396,1109.02,576.5,-1.6315,3155,6,21650,1
2494,1216512,1191.71,651,-0.3986,-0.010546,0.711437,1.196677,0.005204,0.1396,1107.14,575.9,-1.6145,3150,0,21000,1
2495,1216512,637.1,279,-0.2172,-0.010546,0.711437,1.196677,0.005204,0.1396,1101.52,572.9,-1.603,2748,0,300,0
2496,1218560,583.71,585,-0.5684,-0.002968,0.809891,0.938808,0.006234,0.105,1103.1,576.8,-1.6044,2472,0,400,0
2497,1218560,1269.66,624,-0.3077,-0.002968,0.809891,0.938808,0.006234,0.105,1104.22,577.9,-1.6033,3161,1,17800,1
2498,1218560,1313.95,683,-0.3459,-0.002968,0.809891,0.938808,0.006234,0.105,1105.15,579.2,-1.6024,3153,0,23900,1
2499,1220608,1290.79,625,-0.3805,-0.012418,1.096774,0.975045,0.006249,0.1475,1106.3,579.7,-1.6016,3156,0,18350,1
2500,1220608,631.26,270,-0.5291,-0.012418,1.096774,0.975045,0.006249,0.1475,1100.57,577.1,-1.6023,2750,1,300,0
2501,1222656,1233.77,636,-0.54,-0.00865,1.075497,0.829368,0.008344,0.0974,1100.51,577.7,-1.6017,3157,0,17650,1
2502,1222656,1116.28,2482,-1.0668,-0.00865,1.075497,0.829368,0.008344,0.0974,1099.32,596.0,-1.6055,3157,4,19600,1
2503,1222656,578.14,395,-0.7867,-0.00865,1.075497,0.829368,0.008344,0.0974,1094.1,575.3,-1.5962,2470,0,100,0
2504,1222656,1242.79,559,-0.573,-0.00865,1.075497,0.829368,0.008344,0.0974,1094.61,575.6,-1.5953,3161,0,19900,1
2505,1222656,747.07,318,-0.686,-0.00865,1.075497,0.829368,0.008344,0.0974,1090.09,573.5,-1.595,2748,1,400,0
2506,1224704,1157.36,539,-0.8067,-0.017334,4.084179,0.492863,0.021316,0.1006,1088.96,573.0,-1.5944,3152,0,18900,1
2507,1224704,1199.5,578,-0.9394,-0.017334,4.084179,0.492863,0.021316,0.1006,1090.48,573.8,-1.5942,3154,0,17700,1
2508,1224704,1310.89,618,-0.997,-0.017334,4.084179,0.492863,0.021316,0.1006,1090.2,573.3,-1.5942,3161,2,19100,1
2509,1226752,1258.11,609,-1.6453,-0.014127,5.232492,0.464197,0.021452,0.0686,1090.89,573.9,-1.5973,3161,1,18400,1
2510,1226752,1201.14,541,-1.6922,-0.014127,5.232492,0.464197,0.021452,0.0686,1092.88,574.6,-1.5995,3161,1,18600,1
2511,1226752,1352.58,648,-1.6925,-0.014127,5.232492,0.464197,0.021452,0.0686,1100.12,575.8,-1.6006,3149,2,20650,1
2512,1228800,1189.85,531,-1.7373,-0.007131,1.848408,0.718637,0.01257,0.0781,1107.8,579.2,-1.6016,3152,0,19450,1
2513,1228800,1156.71,555,-1.5233,-0.007131,1.848408,0.718637,0.01257,0.0781,1112.94,581.9,-1.6007,3151,0,18950,1
2514,1228800,1199.43,541,-1.468,-0.007131,1.848408,0.718637,0.01257,0.0781,1112.57,581.8,-1.6006,3161,2,18200,1
2515,1230848,1194.11,555,-0.6164,-0.006663,1.075494,0.842108,0.009986,0.0938,1118.17,584.5,-1.5901,3151,0,21300,1
2516,1230848,1244.18,543,-0.5691,-0.006663,1.075494,0.842108,0.009986,0.0938,1118.67,584.5,-1.5796,3157,0,18650,1
2517,1230848,1155.7,614,-0.677,-0.006663,1.075494,0.842108,0.009986,0.0938,1122.8,586.1,-1.5686,3157,1,16850,1
2518,1232896,1089.76,503,-0.4771,-0.006681,1.157486,0.830364,0.003924,0.1052,1121.14,585.5,-1.5571,3161,0,21000,1
2519,1232896,1199.2,591,-0.4969,-0.006681,1.157486,0.830364,0.003924,0.1052,1121.18,585.7,-1.5441,3156,0,18050,1
2520,1232896,1236.12,540,-0.4974,-0.006681,1.157486,0.830364,0.003924,0.1052,1121.7,586.0,-1.5308,3161,0,20350,1
2521,1234944,1065.53,2450,-1.6444,-0.007014,1.2387,0.784222,0.003005,0.0776,1119.4,604.1,-1.5279,3157,4,19550,1
2522,1234944,1206.4,539,-0.5972,-0.007014,1.2387,0.784222,0.003005,0.0776,1118.67,603.5,-1.5136,3161,2,20000,1
2523,1234944,1266.34,600,-0.6374,-0.007014,1.2387,0.784222,0.003005,0.0776,1126.73,607.3,-1.4965,3156,1,18450,1
2524,1234944,1211.81,547,-0.6334,-0.007014,1.2387,0.784222,0.003005,0.0776,1127.38,607.5,-1.4817,3156,2,18800,1
2525,1236992,1255.99,644,-0.9552,-0.011992,3.574321,0.555897,0.016492,0.0845,1130.36,609.5,-1.4695,3151,1,22600,1
2526,1236992,1239.0,599,-1.0316,-0.011992,3.574321,0.555897,0.016492,0.0845,1138.34,613.5,-1.4577,3154,3,18400,1
2527,1236992,1099.76,528,-1.215,-0.011992,3.574321,0.555897,0.016492,0.0845,1136.95,613.0,-1.4491,3161,1,18900,1
2528,1236992,1237.9,616,-1.1889,-0.011992,3.574321,0.555897,0.016492,0.0845,1136.41,613.1,-1.4405,3156,0,20800,1
2529,1239040,629.72,277,-1.5423,-0.019374,5.175678,0.481205,0.021597,0.0903,1130.79,610.7,-1.4347,2749,0,100,0
2530,1239040,1177.82,544,-1.6015,-0.019374,5.175678,0.481205,0.021597,0.0903,1130.19,610.2,-1.4294,3149,0,19850,1
2531,1239040,819.58,420,-1.7216,-0.019374,5.175678,0.481205,0.021597,0.0903,1126.41,608.6,-1.425,2475,0,100,0
2532,1241088,1457.06,665,-1.7841,-0.014059,5.335567,0.432069,0.025133,0.0977,1128.47,609.5,-1.4209,3153,0,19450,1
2533,1241088,1195.35,523,-1.892,-0.014059,5.335567,0.432069,0.025133,0.0977,1127.86,607.6,-1.417,3157,0,19600,1
2534,1241088,708.83,313,-1.974,-0.014059,5.335567,0.432069,0.025133,0.0977,1123.37,605.1,-1.4145,2755,2,600,0
2535,1241088,1122.53,499,-1.9979,-0.014059,5.335567,0.432069,0.025133,0.0977,1122.15,604.4,-1.4122,3161,2,19800,1
2536,1241088,428.88,198,-2.2336,-0.014059,5.335567,0.432069,0.025133,0.0977,1113.94,600.9,-1.4121,1796,0,200,0
2537,1241088,753.97,348,-2.1656,-0.014059,5.335567,0.432069,0.025133,0.0977,1115.14,601.6,-1.4108,2753,0,100,0
2538,1243136,1262.5,547,-2.1633,-0.015238,6.084941,0.371736,0.029265,0.0955,1116.29,602.2,-1.4104,3161,3,19250,1
2539,1243136,1183.54,528,-2.2967,-0.015238,6.084941,0.371736,0.029265,0.0955,1115.73,601.9,-1.4111,3155,0,20050,1
2540,1243136,1251.29,573,-2.2987,-0.015238,6.084941,0.371736,0.029265,0.0955,1116.37,602.0,-1.4109,3161,0,18450,1
2541,1245184,1215.68,580,-2.3617,-0.016814,6.008337,0.537198,0.021375,0.0886,1116.12,602.3,-1.4094,3156,2,18100,1
2542,1245184,415.29,186,-2.4756,-0.016814,6.008337,0.537198,0.021375,0.0886,1108.82,599.1,-1.4091,1795,0,200,0
2543,1245184,1207.14,571,-2.3471,-0.016814,6.008337,0.537198,0.021375,0.0886,1108.81,599.4,-1.4067,3150,3,18900,1
2544,1247232,1113.3,532,-2.245,-0.004068,1.743351,0.777773,0.014737,0.0989,1108.29,598.9,-1.4035,3150,1,20250,1
2545,1247232,1209.87,554,-2.0327,-0.004068,1.743351,0.777773,0.014737,0.0989,1107.9,598.9,-1.399,3155,1,18200,1
2546,1247232,1166.05,608,-1.1814,-0.004068,1.743351,0.777773,0.014737,0.0989,1107.72,598.5,-1.3856,3151,0,22950,1
2547,1249280,421.65,193,-0.3334,-0.006276,1.089915,0.864295,0.003335,0.106,1108.23,598.7,-1.3749,1794,0,200,0
2548,1249280,1209.63,542,-0.4525,-0.006276,1.089915,0.864295,0.003335,0.106,1110.0,598.8,-1.3583,3156,0,18450,1
2549,1249280,1258.8,601,-0.506,-0.006276,1.089915,0.864295,0.003335,0.106,1108.89,597.0,-1.3415,3157,0,18550,1
2550,1249280,574.22,287,-0.3258,-0.006276,1.089915,0.864295,0.003335,0.106,1102.71,594.5,-1.3289,2466,0,100,0
2551,1251328,1238.8,532,-0.3767,-0.005497,1.144503,0.739451,0.00722,0.0784,1103.09,594.4,-1.3169,3161,0,19600,1
2552,1251328,1350.32,641,-0.4773,-0.005497,1.144503,0.739451,0.00722,0.0784,1104.08,595.0,-1.3056,3161,0,20350,1
2553,1251328,1248.46,559,-0.471,-0.005497,1.144503,0.739451,0.00722,0.0784,1104.92,594.3,-1.2939,3161,0,18200,1
2554,1253376,1113.6,2480,-1.893,-0.008962,1.196448,0.803686,0.003288,0.0657,1101.53,610.8,-1.2955,3155,5,19400,1
2555,1253376,1119.25,553,-0.5322,-0.008962,1.196448,0.803686,0.003288,0.0657,1100.68,610.9,-1.2836,3150,2,18900,1
2556,1253376,1344.23,582,-0.5386,-0.008962,1.196448,0.803686,0.003288,0.0657,1101.54,610.3,-1.2713,3154,2,22300,1
2557,1255424,1347.65,604,-0.6495,-0.018927,6.7723,0.53367,0.022289,0.0903,1102.33,610.4,-1.2601,3152,2,19850,1
2558,1255424,1231.98,578,-0.7554,-0.018927,6.7723,0.53367,0.022289,0.0903,1110.49,614.2,-1.2508,3156,0,17850,1
2559,1255424,1239.4,560,-0.9715,-0.018927,6.7723,0.53367,0.022289,0.0903,1110.4,614.0,-1.2412,3152,2,20000,1
2560,1255424,575.9,260,-1.2863,-0.018927,6.7723,0.53367,0.022289,0.0903,1103.68,610.3,-1.2342,2473,0,100,0
2561,1255424,1210.2,558,-1.1377,-0.018927,6.7723,0.53367,0.022289,0.0903,1103.41,610.0,-1.2249,3150,0,18300,1
2562,1257472,1188.24,549,-1.5109,-0.013689,5.472133,0.41335,0.024679,0.0913,1102.31,609.5,-1.22,3154,0,19200,1
2563,1257472,1286.7,602,-1.6752,-0.013689,5.472133,0.41335,0.024679,0.0913,1105.71,610.7,-1.217,3161,1,23100,1
2564,1257472,561.93,579,-2.0423,-0.013689,5.472133,0.41335,0.024679,0.0913,1099.83,611.4,-1.2174,2468,0,400,0
2565,1259520,1196.47,530,-1.6302,-0.005889,2.007592,0.750842,0.016763,0.0879,1098.66,610.8,-1.2134,3157,0,17800,1
2566,1259520,1158.09,511,-1.1586,-0.005889,2.007592,0.750842,0.016763,0.0879,1097.27,609.9,-1.2042,3150,0,17600,1
2567,1259520,805.15,581,-1.3594,-0.005889,2.007592,0.750842,0.016763,0.0879,1093.8,610.4,-1.1969,2473,0,200,0
2568,1261568,1208.67,559,-0.7314,-0.010669,1.018983,0.862524,0.014098,0.0916,1093.56,610.1,-1.1857,3151,2,20950,1
2569,1261568,1235.14,577,-0.6288,-0.010669,1.018983,0.862524,0.014098,0.0916,1100.28,610.6,-1.1731,3154,0,19700,1
2570,1263616,1251.79,637,-0.6294,-0.008418,1.134668,0.891227,0.009115,0.1086,1100.2,609.2,-1.1629,3161,0,18450,1
2571,1263616,1189.63,548,-0.5385,-0.008418,1.134668,0.891227,0.009115,0.1086,1098.05,607.2,-1.1547,3156,0,17850,1
2572,1263616,1259.23,559,-0.5471,-0.008418,1.134668,0.891227,0.009115,0.1086,1098.89,606.6,-1.15,3152,1,18900,1
2573,1265664,1140.25,542,-0.5821,-0.0101,1.211055,0.809661,0.006846,0.0942,1097.75,605.5,-1.1453,3161,1,21900,1
2574,1265664,595.27,269,-0.6417,-0.0101,1.211055,0.809661,0.006846,0.0942,1090.69,602.2,-1.1416,2468,0,100,0
2575,1265664,1193.58,546,-0.6038,-0.0101,1.211055,0.809661,0.006846,0.0942,1090.14,602.0,-1.1369,3161,1,18100,1
2576,1265664,1231.44,2576,-1.6458,-0.0101,1.211055,0.809661,0.006846,0.0942,1096.71,625.2,-1.1404,3161,5,20650,1
2577,1267712,1228.74,570,-0.7593,-0.00937,1.506204,0.663631,0.014305,0.0862,1097.24,625.3,-1.1356,3161,0,23350,1
2578,1267712,1203.51,527,-0.7722,-0.00937,1.506204,0.663631,0.014305,0.0862,1094.67,622.9,-1.1302,3157,0,18350,1
2579,1267712,1199.63,558,-0.8049,-0.00937,1.506204,0.663631,0.014305,0.0862,1093.19,621.8,-1.1251,3161,0,18000,1
2580,1267712,1194.65,563,-0.8726,-0.00937,1.506204,0.663631,0.014305,0.0862,1099.44,624.9,-1.1203,3151,0,17700,1
2581,1269760,865.35,480,-1.087,-0.016173,4.275601,0.4623,0.02387,0.0854,1096.44,624.4,-1.1172,2747,0,300,0
2582,1269760,1239.07,562,-1.1543,-0.016173,4.275601,0.4623,0.02387,0.0854,1096.32,624.3,-1.1142,3154,1,20250,1
2583,1269760,1193.2,527,-1.2024,-0.016173,4.275601,0.4623,0.02387,0.0854,1104.02,627.6,-1.111,3161,2,22800,1
2584,1269760,931.07,414,-1.3514,-0.016173,4.275601,0.4623,0.02387,0.0854,1099.9,625.6,-1.1078,2760,0,700,0
2585,1269760,748.3,327,-1.4234,-0.016173,4.275601,0.4623,0.02387,0.0854,1100.87,625.2,-1.1048,2756,0,100,0
2586,1271808,1235.79,518,-1.5285,-0.004572,3.119483,0.459145,0.013018,0.0664,1101.89,625.5,-1.1037,3157,0,22500,1
2587,1271808,1202.47,546,-1.5516,-0.004572,3.119483,0.459145,0.013018,0.0664,1101.57,625.3,-1.1098,3161,1,17950,1
2588,1273856,1176.86,788,-1.7606,-0.012878,1.591732,0.740979,0.017805,0.1001,1099.89,626.7,-1.1175,3156,0,17750,1
2589,1273856,412.54,185,-0.5912,-0.012878,1.591732,0.740979,0.017805,0.1001,1091.09,622.4,-1.1157,1795,0,200,0
2590,1273856,1182.56,545,-0.8113,-0.012878,1.591732,0.740979,0.017805,0.1001,1089.38,621.5,-1.117,3161,0,17650,1
2591,1275904,1320.47,579,-0.5156,-0.008821,1.027131,0.86964,0.003977,0.0652,1090.3,620.0,-1.1134,3161,0,18800,1
2592,1277952,1308.78,627,-0.505,-0.008637,0.69541,1.144289,0.000739,0.0886,1097.62,623.5,-1.1141,3161,2,19400,1
2593,1277952,1186.94,508,-0.1098,-0.008637,0.69541,1.144289,0.000739,0.0886,1096.98,601.2,-1.0989,3161,0,18400,1
2594,1280000,1188.88,511,0.057,-0.005254,0.674573,1.101738,-0.001889,0.0676,1096.95,599.8,-1.0943,3157,0,17900,1
2595,1280000,1019.6,2428,-1.3788,-0.005254,0.674573,1.101738,-0.001889,0.0676,1100.77,621.3,-1.1059,3161,4,20700,1
2596,1280000,419.15,189,-0.0107,-0.005254,0.674573,1.101738,-0.001889,0.0676,1099.13,617.3,-1.1004,1795,0,200,0
2597,1280000,1303.0,591,-0.0378,-0.005254,0.674573,1.101738,-0.001889,0.0676,1099.46,617.0,-1.0977,3150,1,24050,1
2598,1282048,1364.04,586,-0.1236,-0.004996,1.199932,0.725742,0.007624,0.0789,1099.96,616.0,-1.0954,3157,0,20550,1
2599,1282048,1106.48,2462,-1.1316,-0.004996,1.199932,0.725742,0.007624,0.0789,1098.12,634.4,-1.1029,3161,4,19450,1
2600,1282048,1145.93,515,-0.4381,-0.004996,1.199932,0.725742,0.007624,0.0789,1103.27,636.9,-1.102,3161,0,20600,1
2601,1282048,1304.48,580,-0.4085,-0.004996,1.199932,0.725742,0.007624,0.0789,1103.97,636.3,-1.1007,3157,3,20000,1
2602,1284096,1281.89,562,-0.7459,-0.011131,2.223519,0.519291,0.009537,0.0825,1105.63,617.1,-1.0975,3152,2,21400,1
2603,1284096,1107.05,499,-0.8136,-0.011131,2.223519,0.519291,0.009537,0.0825,1110.92,618.1,-1.0978,3157,1,20000,1
2604,1284096,1270.41,550,-0.9909,-0.011131,2.223519,0.519291,0.009537,0.0825,1111.19,618.0,-1.102,3161,2,21250,1
2605,1286144,1343.55,614,-1.0295,-0.014419,6.383455,0.480648,0.029333,0.0942,1117.16,621.0,-1.1054,3161,1,18150,1
2606,1286144,418.3,187,-1.4719,-0.014419,6.383455,0.480648,0.029333,0.0942,1109.77,617.5,-1.112,1795,0,200,0
2607,1286144,1258.77,584,-1.3877,-0.014419,6.383455,0.480648,0.029333,0.0942,1110.36,617.5,-1.1165,3150,1,21200,1
2608,1286144,1261.25,557,-1.4305,-0.014419,6.383455,0.480648,0.029333,0.0942,1109.86,616.9,-1.1209,3157,2,20650,1
2609,1288192,1234.72,545,-1.794,-0.015272,7.880096,0.367446,0.02478,0.0718,1109.63,616.3,-1.1223,3153,0,18750,1
2610,1288192,1099.74,493,-1.8793,-0.015272,7.880096,0.367446,0.02478,0.0718,1108.62,615.8,-1.1242,3161,1,20600,1
2611,1288192,1146.96,512,-2.0632,-0.015272,7.880096,0.367446,0.02478,0.0718,1106.56,614.5,-1.1279,3150,1,22350,1
2612,1288192,1199.89,528,-2.095,-0.015272,7.880096,0.367446,0.02478,0.0718,1106.66,614.4,-1.1315,3150,1,20150,1
2613,1290240,1202.42,579,-2.33,-0.013335,7.006373,0.408811,0.024526,0.0857,1107.12,614.7,-1.1396,3161,1,19450,1
2614,1290240,1148.27,526,-2.3814,-0.013335,7.006373,0.408811,0.024526,0.0857,1106.61,614.5,-1.1487,3161,0,20400,1
2615,1290240,506.21,236,-2.1718,-0.013335,7.006373,0.408811,0.024526,0.0857,1099.73,611.3,-1.1643,1797,0,300,0
2616,1290240,1407.4,672,-2.4402,-0.013335,7.006373,0.408811,0.024526,0.0857,1101.36,612.6,-1.183,3156,1,20600,1
2617,1292288,428.96,197,-2.0086,-0.004925,1.702042,0.810187,0.017713,0.095,1094.09,608.5,-1.1963,1797,0,200,0
2618,1292288,1185.56,564,-1.1791,-0.004925,1.702042,0.810187,0.017713,0.095,1095.05,609.1,-1.2033,3154,0,20600,1
2619,1292288,1198.23,546,-0.7571,-0.004925,1.702042,0.810187,0.017713,0.095,1095.04,608.6,-1.2059,3154,0,17850,1
2620,1294336,1250.62,575,-0.5109,-0.011848,1.16489,0.798442,0.01081,0.0879,1095.19,609.0,-1.206,3157,1,18950,1
2621,1294336,1250.39,563,-0.4854,-0.011848,1.16489,0.798442,0.01081,0.0879,1097.03,590.1,-1.1945,3155,0,19250,1
2622,1296384,1228.68,567,-0.5442,-0.006629,1.226134,0.768734,0.003458,0.0693,1097.26,590.4,-1.1939,3152,0,19850,1
2623,1296384,1134.0,481,-0.4578,-0.006629,1.226134,0.768734,0.003458,0.0693,1095.93,589.2,-1.1921,3157,1,18200,1
2624,1296384,632.18,286,-0.517,-0.006629,1.226134,0.768734,0.003458,0.0693,1090.14,586.6,-1.191,2736,0,100,0
2625,1298432,1109.27,2499,-1.9954,-0.006931,1.358656,0.694657,0.012717,0.0862,1088.67,605.1,-1.2014,3161,5,18750,1
2626,1298432,1320.44,606,-0.6202,-0.006931,1.358656,0.694657,0.012717,0.0862,1089.48,605.2,-1.1972,3154,1,18250,1
2627,1298432,1235.73,547,-0.5874,-0.006931,1.358656,0.694657,0.012717,0.0862,1090.84,605.4,-1.191,3154,0,20450,1
2628,1298432,1240.89,526,-0.5945,-0.006931,1.358656,0.694657,0.012717,0.0862,1090.87,604.5,-1.185,3153,0,24250,1
2629,1300480,1166.1,554,-0.8361,-0.017441,7.048948,0.374589,0.027267,0.0818,1096.24,607.2,-1.178,3161,0,19650,1
2630,1300480,1309.05,578,-0.9515,-0.017441,7.048948,0.374589,0.027267,0.0818,1097.55,607.6,-1.1715,3154,2,20450,1
2631,1300480,1302.39,582,-0.9461,-0.017441,7.048948,0.374589,0.027267,0.0818,1102.38,609.2,-1.1637,3150,2,18900,1
2632,1300480,1429.55,642,-1.1646,-0.017441,7.048948,0.374589,0.027267,0.0818,1102.1,609.0,-1.1575,3161,1,19800,1
2633,1302528,1243.91,594,-1.7958,-0.013667,6.851354,0.443668,0.026054,0.0837,1102.59,609.7,-1.1566,3153,0,17600,1
2634,1302528,1234.09,552,-1.862,-0.013667,6.851354,0.443668,0.026054,0.0837,1107.84,612.1,-1.1554,3157,0,18500,1
2635,1302528,1257.67,573,-1.8403,-0.013667,6.851354,0.443668,0.026054,0.0837,1109.19,612.8,-1.1539,3149,2,24050,1
2636,1302528,1190.8,534,-1.9822,-0.013667,6.851354,0.443668,0.026054,0.0837,1116.81,616.2,-1.1513,3150,0,18100,1
2637,1304576,1230.04,555,-2.307,-0.016103,7.032098,0.421578,0.023946,0.0837,1121.57,618.2,-1.1528,3149,0,19850,1
2638,1304576,1312.69,573,-2.2724,-0.016103,7.032098,0.421578,0.023946,0.0837,1122.07,618.5,-1.1538,3157,0,19050,1
2639,1304576,1094.78,495,-2.3044,-0.016103,7.032098,0.421578,0.023946,0.0837,1121.19,618.2,-1.1539,3149,2,22400,1
2640,1304576,426.21,200,-2.1575,-0.016103,7.032098,0.421578,0.023946,0.0837,1112.94,614.5,-1.1525,1803,0,200,0
2641,1306624,424.42,200,-2.0416,-0.003364,1.831489,0.772641,0.016337,0.1143,1105.02,610.6,-1.1493,1794,0,200,0
2642,1306624,1210.74,530,-1.397,-0.003364,1.831489,0.772641,0.016337,0.1143,1112.98,614.1,-1.1385,3156,0,18550,1
2643,1306624,1195.07,541,-0.7943,-0.003364,1.831489,0.772641,0.016337,0.1143,1112.86,613.8,-1.123,3161,0,20800,1
2644,1308672,1222.6,600,-0.6609,-0.011422,1.212465,0.801443,0.013685,0.0864,1113.95,614.5,-1.1072,3157,0,17950,1
2645,1308672,460.47,212,-0.535,-0.011422,1.212465,0.801443,0.013685,0.0864,1106.46,611.0,-1.0922,1954,0,100,0
2646,1308672,1145.89,581,-0.6071,-0.011422,1.212465,0.801443,0.013685,0.0864,1106.25,610.8,-1.0864,3152,0,18650,1
2647,1310720,1259.18,582,-0.6025,-0.006028,1.014468,0.892721,0.007359,0.0579,1114.63,614.7,-1.0891,3155,0,17650,1
2648,1310720,1239.89,580,-0.5534,-0.006028,1.014468,0.892721,0.007359,0.0579,1114.93,615.0,-1.0901,3161,0,18000,1
2649,1312768,1116.39,2460,-1.7445,-0.006989,1.028305,0.855564,0.00808,0.0881,1113.51,633.6,-1.1025,3161,4,19200,1
2650,1312768,1231.83,755,-0.6391,-0.006989,1.028305,0.855564,0.00808,0.0881,1120.08,638.3,-1.1057,3161,0,18650,1
2651,1312768,628.78,274,-0.4763,-0.006989,1.028305,0.855564,0.00808,0.0881,1113.98,635.7,-1.1066,2761,1,400,0
2652,1312768,1254.34,642,-0.5749,-0.006989,1.028305,0.855564,0.00808,0.0881,1113.02,635.8,-1.1076,3157,1,19900,1
2653,1312768,415.97,192,-0.4964,-0.006989,1.028305,0.855564,0.00808,0.0881,1104.7,632.1,-1.1079,1783,0,100,0
2654,1312768,627.79,300,-0.5082,-0.006989,1.028305,0.855564,0.00808,0.0881,1099.84,610.3,-1.094,2748,1,300,0
2655,1312768,629.26,290,-0.4974,-0.006989,1.028305,0.855564,0.00808,0.0881,1094.94,607.6,-1.0937,2733,0,100,0
2656,1314816,1213.7,602,-0.7512,-0.002707,1.771607,0.542255,0.00786,0.0637,1093.64,607.9,-1.0958,3161,2,23800,1
2657,1316864,1414.43,668,-0.7996,-0.011519,3.262642,0.641832,0.016522,0.0764,1094.3,608.5,-1.0973,3157,1,20850,1
2658,1316864,1248.72,590,-0.8616,-0.011519,3.262642,0.641832,0.016522,0.0764,1094.47,608.6,-1.0984,3161,0,18250,1
2659,1316864,1198.97,968,-1.0574,-0.011519,3.262642,0.641832,0.016522,0.0764,1094.07,612.7,-1.0992,3157,0,17600,1
2660,1316864,1208.43,542,-1.0882,-0.011519,3.262642,0.641832,0.016522,0.0764,1100.39,615.5,-1.0973,3155,1,18550,1
2661,1316864,1016.06,496,-1.3039,-0.011519,3.262642,0.641832,0.016522,0.0764,1098.45,614.9,-1.0989,3161,1,22100,1
2662,1318912,1207.03,538,-1.2976,-0.014387,4.950138,0.502605,0.020247,0.0723,1098.64,614.8,-1.0968,3161,0,17750,1
2663,1318912,1258.96,600,-1.5537,-0.014387,4.950138,0.502605,0.020247,0.0723,1098.36,614.8,-1.0956,3156,1,21050,1
2664,1320960,1187.07,603,-1.5195,-0.004965,1.061961,0.914484,0.015266,0.1208,1104.61,615.0,-1.0903,3161,0,17550,1
2665,1320960,1283.42,875,-1.155,-0.004965,1.061961,0.914484,0.015266,0.1208,1105.48,618.5,-1.0856,3153,1,15700,1
2666,1323008,1287.4,604,-0.2346,-0.009699,1.052672,0.929103,0.005404,0.0698,1106.78,619.4,-1.0763,3150,4,19150,1
2667,1325056,1239.21,584,-0.2833,-0.010198,0.844951,0.992213,0.006511,0.1094,1111.12,619.4,-1.0656,3155,1,21000,1
2668,1325056,1185.24,537,-0.2183,-0.010198,0.844951,0.992213,0.006511,0.1094,1110.88,619.2,-1.0605,3156,1,18250,1
2669,1327104,1198.36,546,-0.1271,-0.01257,0.733685,1.027133,0.007775,0.0896,1110.51,618.9,-1.0554,3161,1,17850,1
2670,1327104,1300.88,571,-0.0773,-0.01257,0.733685,1.027133,0.007775,0.0896,1111.0,618.2,-1.0499,3156,0,22000,1
2671,1329152,1247.18,564,-0.0315,-0.009354,0.67327,1.069016,0.003167,0.0952,1111.58,618.4,-1.0448,3156,0,18250,1
2672,1329152,1317.45,645,-0.1144,-0.009354,0.67327,1.069016,0.003167,0.0952,1112.16,619.2,-1.0405,3156,1,19400,1
2673,1331200,1163.91,2572,-0.8728,-0.006551,0.670713,1.149944,-0.002828,0.0676,1112.4,639.5,-1.0434,3161,5,18800,1
2674,1331200,711.91,310,0.1345,-0.006551,0.670713,1.149944,-0.002828,0.0676,1113.57,640.0,-1.0357,2762,0,400,0
2675,1331200,1310.35,611,-0.0469,-0.006551,0.670713,1.149944,-0.002828,0.0676,1114.73,640.6,-1.0301,3157,1,19000,1
2676,1333248,580.82,349,-0.1362,-0.008851,0.999426,0.814263,0.009317,0.0767,1108.23,618.3,-1.015,2468,0,400,0
2677,1333248,1261.55,582,-0.1455,-0.008851,0.999426,0.814263,0.009317,0.0767,1108.55,618.5,-1.0089,3151,0,22650,1
2678,1333248,1339.35,590,-0.1363,-0.008851,0.999426,0.814263,0.009317,0.0767,1109.91,619.1,-1.0025,3161,1,18550,1
2679,1333248,509.51,242,-0.3024,-0.008851,0.999426,0.814263,0.009317,0.0767,1103.01,615.9,-0.9975,1797,0,300,0
2680,1333248,991.69,4427,-1.2337,-0.008851,0.999426,0.814263,0.009317,0.0767,1100.98,654.6,-1.0011,3161,9,22600,1
2681,1335296,574.19,260,-0.479,-0.006016,1.595674,0.560694,0.007812,0.0649,1098.07,652.4,-0.995,2471,0,100,0
2682,1335296,1156.28,527,-0.5636,-0.006016,1.595674,0.560694,0.007812,0.0649,1097.24,652.0,-0.9891,3156,0,17650,1
2683,1335296,1260.25,560,-0.5713,-0.006016,1.595674,0.560694,0.007812,0.0649,1097.91,652.3,-0.9828,3149,2,19000,1
2684,1335296,1360.95,616,-0.7025,-0.006016,1.595674,0.560694,0.007812,0.0649,1102.21,654.4,-0.9763,3161,2,19050,1
2685,1335296,546.02,248,-0.7932,-0.006016,1.595674,0.560694,0.007812,0.0649,1100.19,653.6,-0.97,1956,0,500,0
2686,1337344,1254.18,577,-1.0657,-0.015212,6.012313,0.381945,0.026271,0.0835,1100.37,654.2,-0.9654,3156,0,18350,1
2687,1337344,1115.05,560,-1.1299,-0.015212,6.012313,0.381945,0.026271,0.0835,1099.5,654.3,-0.9612,3157,0,19650,1
2688,1337344,1196.84,519,-1.5108,-0.015212,6.012313,0.381945,0.026271,0.0835,1099.7,651.6,-0.9587,3157,1,19050,1
2689,1337344,1164.43,550,-1.5055,-0.015212,6.012313,0.381945,0.026271,0.0835,1107.22,655.3,-0.9678,3161,0,21600,1
2690,1339392,636.79,278,-2.0066,-0.012054,5.507095,0.399003,0.025323,0.0786,1101.76,652.6,-0.9798,2752,1,700,0
2691,1339392,1237.05,580,-1.7568,-0.012054,5.507095,0.399003,0.025323,0.0786,1100.93,652.6,-0.9922,3155,0,18050,1
2692,1339392,629.07,278,-2.0783,-0.012054,5.507095,0.399003,0.025323,0.0786,1094.13,649.1,-1.0079,2755,1,300,0
2693,1339392,1263.15,601,-1.8214,-0.012054,5.507095,0.399003,0.025323,0.0786,1094.89,650.0,-1.025,3161,1,19950,1
2694,1341440,538.23,350,-1.8497,-0.008039,2.107719,0.548766,0.014222,0.0808,1088.38,648.4,-1.0441,1943,0,500,0
2695,1341440,626.27,275,-1.5897,-0.008039,2.107719,0.548766,0.014222,0.0808,1084.45,626.9,-1.0462,2747,1,300,0
2696,1341440,715.08,313,-0.755,-0.008039,2.107719,0.548766,0.014222,0.0808,1087.41,628.1,-1.0536,2755,1,400,0
2697,1341440,1376.62,641,-1.3907,-0.008039,2.107719,0.548766,0.014222,0.0808,1088.15,628.6,-1.0672,3157,0,18750,1
2698,1343488,416.47,191,-0.8309,-0.009308,3.221593,0.410159,0.01684,0.0757,1078.67,624.7,-1.0742,1783,0,100,0
2699,1343488,1206.89,925,-1.2395,-0.009308,3.221593,0.410159,0.01684,0.0757,1079.68,609.3,-1.0753,3151,0,22300,1
2700,1343488,1323.32,606,-0.9584,-0.009308,3.221593,0.410159,0.01684,0.0757,1081.45,610.2,-1.0805,3152,1,19050,1
2701,1343488,1260.36,606,-1.1758,-0.009308,3.221593,0.410159,0.01684,0.0757,1081.01,610.5,-1.0882,3156,2,18300,1
2702,1345536,1238.74,559,-1.309,-0.015434,4.37265,0.486753,0.020342,0.0857,1080.58,610.5,-1.0938,3152,0,22800,1
2703,1345536,1305.85,625,-1.4349,-0.015434,4.37265,0.486753,0.020342,0.0857,1082.56,611.7,-1.1,3161,1,18400,1
2704,1345536,1261.43,563,-1.4314,-0.015434,4.37265,0.486753,0.020342,0.0857,1082.47,611.9,-1.1044,3149,0,22900,1
2705,1347584,1260.03,606,-1.6126,-0.016332,5.826605,0.437944,0.027929,0.095,1081.64,611.8,-1.1103,3161,0,18200,1
2706,1347584,1237.69,529,-1.6231,-0.016332,5.826605,0.437944,0.027929,0.095,1089.83,615.2,-1.1118,3152,0,23100,1
2707,1347584,1287.18,614,-1.848,-0.016332,5.826605,0.437944,0.027929,0.095,1090.12,615.5,-1.1164,3161,0,18750,1
2708,1347584,1299.09,649,-1.8022,-0.016332,5.826605,0.437944,0.027929,0.095,1090.5,616.4,-1.1201,3156,1,22000,1
2709,1349632,1197.63,531,-1.9904,-0.017997,4.880913,0.470314,0.026138,0.0906,1090.12,616.3,-1.1221,3156,0,18100,1
2710,1349632,1255.44,614,-2.0146,-0.017997,4.880913,0.470314,0.026138,0.0906,1091.68,617.5,-1.1234,3155,0,19250,1
2711,1349632,1121.49,531,-2.0256,-0.017997,4.880913,0.470314,0.026138,0.0906,1091.43,617.7,-1.123,3157,0,18750,1
2712,1351680,1261.31,586,-1.7692,-0.007345,2.021122,0.690144,0.015398,0.0947,1092.04,618.2,-1.1198,3149,1,18950,1
2713,1351680,1235.84,582,-1.5368,-0.007345,2.021122,0.690144,0.015398,0.0947,1092.38,618.3,-1.1119,3152,0,21000,1
2714,1351680,1145.29,519,-1.1027,-0.007345,2.021122,0.690144,0.015398,0.0947,1092.35,618.2,-1.0991,3157,1,18100,1
2715,1353728,1254.98,574,-0.8277,-0.011354,1.178409,0.808215,0.012158,0.0835,1099.83,621.6,-1.0856,3156,1,18600,1
2716,1353728,1234.26,614,-0.8372,-0.011354,1.178409,0.808215,0.012158,0.0835,1098.1,621.0,-1.0696,3161,0,19700,1
2717,1353728,1188.09,549,-0.74,-0.011354,1.178409,0.808215,0.012158,0.0835,1105.69,624.5,-1.0569,3151,0,19450,1
2718,1355776,1241.24,571,-0.5826,-0.010184,1.057263,0.881407,0.0079,0.0635,1106.25,624.6,-1.0509,3157,0,18500,1
2719,1357824,1285.74,751,-0.7896,-0.010019,0.840307,1.033458,0.008024,0.1086,1107.12,626.6,-1.0513,3156,2,17400,1
2720,1357824,423.0,197,-0.4297,-0.010019,0.840307,1.033458,0.008024,0.1086,1098.85,622.9,-1.0505,1784,0,100,0
2721,1357824,1122.88,2481,-1.6686,-0.010019,0.840307,1.033458,0.008024,0.1086,1097.57,642.0,-1.0623,3161,5,24100,1
2722,1359872,1265.81,569,-0.4406,-0.016436,1.060865,0.80825,0.017309,0.0928,1097.95,642.1,-1.0613,3161,1,18500,1
2723,1359872,1308.18,588,-0.4981,-0.016436,1.060865,0.80825,0.017309,0.0928,1099.69,643.1,-1.0617,3154,3,19550,1
2724,1359872,1344.03,655,-0.541,-0.016436,1.060865,0.80825,0.017309,0.0928,1106.81,646.8,-1.0619,3149,1,24800,1
2725,1361920,1262.2,575,-0.5909,-0.010542,1.210501,0.832592,0.008699,0.0876,1108.33,627.6,-1.0478,3151,1,18950,1
2726,1361920,1290.33,561,-0.6013,-0.010542,1.210501,0.832592,0.008699,0.0876,1108.03,627.1,-1.0477,3153,2,18300,1
2727,1363968,1370.54,613,-0.6503,-0.008728,1.222077,0.840586,0.005867,0.0791,1109.38,627.8,-1.0483,3157,2,19950,1
2728,1363968,1064.57,2461,-1.176,-0.008728,1.222077,0.840586,0.005867,0.0791,1107.62,647.1,-1.0541,3153,4,18250,1
2729,1363968,1298.5,602,-0.6907,-0.008728,1.222077,0.840586,0.005867,0.0791,1108.94,647.6,-1.0527,3161,1,18650,1
2730,1363968,1193.07,537,-0.6961,-0.008728,1.222077,0.840586,0.005867,0.0791,1107.78,647.2,-1.0501,3153,0,19350,1
2731,1366016,1148.08,495,-0.7042,-0.010958,3.777729,0.416066,0.020459,0.0771,1106.24,646.4,-1.0477,3151,0,19450,1
2732,1366016,1202.97,555,-0.8675,-0.010958,3.777729,0.416066,0.020459,0.0771,1103.97,645.5,-1.0447,3149,0,17850,1
2733,1366016,1257.32,560,-1.0516,-0.010958,3.777729,0.416066,0.020459,0.0771,1104.11,645.1,-1.0373,3151,1,18500,1
2734,1366016,1202.29,535,-1.0915,-0.010958,3.777729,0.416066,0.020459,0.0771,1103.79,645.0,-1.0296,3153,1,18650,1
2735,1368064,1298.28,570,-1.3183,-0.020583,7.793134,0.403906,0.035342,0.0986,1104.2,644.9,-1.0243,3154,4,20750,1
2736,1368064,1240.39,557,-1.461,-0.020583,7.793134,0.403906,0.035342,0.0986,1104.69,645.2,-1.0191,3156,1,18300,1
2737,1368064,1226.75,539,-1.6747,-0.020583,7.793134,0.403906,0.035342,0.0986,1104.66,645.0,-1.0128,3153,2,18550,1
2738,1368064,1364.53,616,-1.6564,-0.020583,7.793134,0.403906,0.035342,0.0986,1105.18,645.4,-1.0066,3156,0,19100,1
2739,1370112,1253.79,566,-1.8938,-0.015644,6.850565,0.443978,0.021703,0.0815,1106.77,646.1,-1.0025,3161,0,18400,1
2740,1370112,1000.68,447,-1.9015,-0.015644,6.850565,0.443978,0.021703,0.0815,1112.51,648.6,-1.0,3149,0,20650,1
2741,1370112,992.64,441,-2.0648,-0.015644,6.850565,0.443978,0.021703,0.0815,1118.19,651.0,-1.0002,3161,0,19200,1
2742,1372160,1405.21,670,-2.1226,-0.015848,6.181401,0.504919,0.02277,0.0806,1120.14,652.4,-1.0075,3153,3,21750,1
2743,1372160,1160.35,512,-2.2141,-0.015848,6.181401,0.504919,0.02277,0.0806,1119.79,652.1,-1.0217,3161,1,17700,1
2744,1372160,1220.31,554,-2.1825,-0.015848,6.181401,0.504919,0.02277,0.0806,1119.77,651.7,-1.0369,3161,2,18050,1
2745,1372160,1250.36,572,-2.2257,-0.015848,6.181401,0.504919,0.02277,0.0806,1127.67,655.3,-1.0538,3151,1,18250,1
2746,1374208,1200.38,557,-2.1265,-0.011648,3.522033,0.537603,0.017063,0.0771,1128.21,655.0,-1.069,3161,0,17750,1
2747,1374208,1150.0,522,-2.0322,-0.011648,3.522033,0.537603,0.017063,0.0771,1127.12,654.4,-1.0833,3149,0,17750,1
2748,1374208,1199.28,695,-1.8346,-0.011648,3.522033,0.537603,0.017063,0.0771,1126.71,655.6,-1.0961,3161,1,16500,1
2749,1374208,622.8,285,-1.5363,-0.011648,3.522033,0.537603,0.017063,0.0771,1121.78,633.8,-1.094,1955,0,500,0
2750,1374208,1176.99,541,-1.6972,-0.011648,3.522033,0.537603,0.017063,0.0771,1121.23,631.7,-1.1046,3157,2,19100,1
2751,1376256,502.73,222,-1.5154,-0.005314,2.186829,0.645077,0.006067,0.0613,1119.97,631.2,-1.115,1793,0,200,0
2752,1376256,1190.17,540,-1.388,-0.005314,2.186829,0.645077,0.006067,0.0613,1119.33,630.2,-1.1231,3152,1,17950,1
2753,1376256,1144.76,538,-1.3894,-0.005314,2.186829,0.645077,0.006067,0.0613,1126.62,633.6,-1.132,3156,0,17700,1
2754,1378304,1212.97,560,-1.4335,-0.015815,5.955546,0.498154,0.0242,0.0693,1132.47,636.2,-1.1413,3152,1,19750,1
2755,1378304,1523.37,1198,-1.5851,-0.015815,5.955546,0.498154,0.0242,0.0693,1141.41,645.3,-1.1522,3153,1,19700,1
2756,1380352,1429.03,768,-1.5201,-0.007378,1.494897,0.752686,0.021121,0.0957,1143.56,647.0,-1.1599,3152,1,20950,1
2757,1380352,1336.48,749,-1.4123,-0.007378,1.494897,0.752686,0.021121,0.0957,1142.78,647.8,-1.166,3156,1,18700,1
2758,1380352,1239.54,630,-1.2356,-0.007378,1.494897,0.752686,0.021121,0.0957,1142.69,648.2,-1.1697,3156,0,18200,1
2759,1382400,1005.21,504,-0.741,-0.010875,1.103241,0.91837,0.008486,0.0698,1140.75,643.5,-1.1666,3153,1,20400,1
2760,1382400,1296.29,619,-0.7341,-0.010875,1.103241,0.91837,0.008486,0.0698,1141.63,644.3,-1.163,3150,1,21400,1
2761,1382400,1225.95,598,-0.7095,-0.010875,1.103241,0.91837,0.008486,0.0698,1143.73,645.3,-1.1571,3152,0,18300,1
2762,1384448,425.03,201,-0.6148,-0.010579,1.067922,0.88062,0.006795,0.0825,1135.91,642.0,-1.1502,1797,0,200,0
2763,1384448,644.48,292,-0.6011,-0.010579,1.067922,0.88062,0.006795,0.0825,1129.77,638.9,-1.1407,2466,0,200,0
2764,1384448,1234.72,557,-0.6091,-0.010579,1.067922,0.88062,0.006795,0.0825,1130.24,638.4,-1.1316,3156,0,18300,1
2765,1386496,1195.24,539,-0.6063,-0.008521,1.19412,0.739535,0.011388,0.0891,1129.36,635.0,-1.1261,3149,0,18300,1
2766,1386496,1250.45,554,-0.6374,-0.008521,1.19412,0.739535,0.011388,0.0891,1128.99,634.5,-1.1302,3149,0,18850,1
2767,1386496,742.89,324,-0.6708,-0.008521,1.19412,0.739535,0.011388,0.0891,1124.03,632.0,-1.134,2747,0,300,0
2768,1386496,1230.09,568,-0.6627,-0.008521,1.19412,0.739535,0.011388,0.0891,1124.48,632.3,-1.1385,3161,0,17950,1
2769,1386496,1172.25,2506,-1.6102,-0.008521,1.19412,0.739535,0.011388,0.0891,1124.22,651.9,-1.1533,3157,7,19750,1
2770,1388544,1245.98,549,-0.8559,-0.008354,2.503579,0.542859,0.011953,0.0635,1123.67,651.6,-1.1611,3161,0,18300,1
2771,1388544,1261.01,592,-0.9589,-0.008354,2.503579,0.542859,0.011953,0.0635,1123.81,651.9,-1.1704,3161,1,17950,1
2772,1388544,1232.55,589,-0.996,-0.008354,2.503579,0.542859,0.011953,0.0635,1122.96,651.4,-1.1792,3149,2,18800,1
2773,1390592,1235.8,597,-1.2083,-0.016755,2.191306,0.648968,0.017501,0.0925,1123.67,631.6,-1.1825,3156,1,18150,1
2774,1392640,1192.26,531,-0.5152,-0.004694,1.104865,0.859107,0.003878,0.0796,1128.48,633.8,-1.189,3157,0,18500,1
2775,1394688,452.53,196,0.2385,-0.008535,0.54819,1.45603,0.003857,0.0854,1119.9,629.7,-1.1862,1947,0,100,0
2776,1396736,1225.89,555,0.6675,-0.005671,0.47232,1.466604,0.011356,0.071,1126.35,631.7,-1.1781,3152,0,18650,1
2777,1396736,1056.24,2450,-1.1957,-0.005671,0.47232,1.466604,0.011356,0.071,1124.3,650.4,-1.1886,3161,4,18900,1
2778,1396736,582.41,354,0.4762,-0.005671,0.47232,1.466604,0.011356,0.071,1116.73,648.0,-1.1825,2468,0,400,0
2779,1398784,1062.46,2474,-0.9065,-0.005541,0.576058,1.216352,0.005378,0.083,1122.26,670.4,-1.1886,3156,4,18850,1
2780,1398784,1104.56,2480,-0.899,-0.005541,0.576058,1.216352,0.005378,0.083,1123.39,650.9,-1.1852,3157,4,19000,1
2781,1398784,1147.53,512,0.4092,-0.005541,0.576058,1.216352,0.005378,0.083,1129.12,653.4,-1.1763,3157,0,18000,1
2782,1400832,1240.81,765,0.3466,-0.008724,0.797139,0.989071,0.022462,0.0999,1129.97,655.8,-1.1672,3154,0,18450,1
2783,1400832,1220.75,534,-0.1705,-0.008724,0.797139,0.989071,0.022462,0.0999,1129.57,655.5,-1.1632,3150,1,19950,1
2784,1402880,1253.66,601,-0.4345,-0.010703,1.670608,0.62744,0.014965,0.0764,1128.5,655.4,-1.1605,3161,1,22800,1
2785,1402880,779.97,892,-0.8365,-0.010703,1.670608,0.62744,0.014965,0.0764,1130.84,661.8,-1.161,2471,0,100,0
2786,1402880,576.95,264,-0.8402,-0.010703,1.670608,0.62744,0.014965,0.0764,1124.06,658.7,-1.1587,2473,0,500,0
2787,1402880,1185.02,568,-0.7448,-0.010703,1.670608,0.62744,0.014965,0.0764,1124.76,658.8,-1.1549,3156,1,18550,1
2788,1404928,418.0,195,-0.6816,-0.007218,0.835302,0.944334,0.015667,0.0823,1116.98,655.5,-1.1466,1798,0,200,0
2789,1404928,715.25,308,-0.5359,-0.007218,0.835302,0.944334,0.015667,0.0823,1112.48,653.1,-1.1369,2756,0,300,0
2790,1404928,387.94,181,-0.245,-0.007218,0.835302,0.944334,0.015667,0.0823,1110.0,652.1,-1.1193,1657,0,100,0
2791,1406976,1254.3,593,-0.3637,-0.005299,1.235052,0.667455,0.012415,0.0691,1110.17,652.3,-1.1053,3161,1,18450,1
2792,1406976,1338.67,570,-0.3563,-0.005299,1.235052,0.667455,0.012415,0.0691,1117.26,655.2,-1.0881,3161,2,20750,1
2793,1406976,542.19,241,-0.4899,-0.005299,1.235052,0.667455,0.012415,0.0691,1110.05,651.6,-1.0748,1951,0,200,0
2794,1409024,1236.57,597,-0.3868,-0.009499,0.816268,0.951805,0.009783,0.0908,1117.04,654.1,-1.0602,3154,0,18350,1
2795,1409024,1101.12,2472,-0.99,-0.009499,0.816268,0.951805,0.009783,0.0908,1121.79,676.0,-1.0542,3161,5,19650,1
2796,1409024,1325.19,576,-0.3616,-0.009499,0.816268,0.951805,0.009783,0.0908,1127.89,678.7,-1.0502,3152,1,18900,1
2797,1411072,1243.07,565,-0.3841,-0.008955,0.995668,0.826511,0.003111,0.0808,1126.55,677.9,-1.0402,3156,0,18250,1
2798,1411072,1267.68,566,-0.3922,-0.008955,0.995668,0.826511,0.003111,0.0808,1135.06,681.7,-1.0358,3153,3,18950,1
2799,1411072,1319.87,610,-0.4138,-0.008955,0.995668,0.826511,0.003111,0.0808,1136.19,678.5,-1.0275,3161,1,19600,1
2800,1413120,419.16,193,-0.5888,-0.009771,1.228012,0.774179,0.010065,0.075,1127.15,674.4,-1.0238,1788,0,100,0
2801,1413120,421.51,197,-0.6364,-0.009771,1.228012,0.774179,0.010065,0.075,1118.76,670.3,-1.0184,1782,0,100,0
2802,1413120,424.52,194,-0.7778,-0.009771,1.228012,0.774179,0.010065,0.075,1110.62,666.6,-1.0131,1783,0,100,0
2803,1415168,1252.61,592,-0.6795,-0.007249,1.189178,0.710646,0.009996,0.0691,1110.09,666.3,-1.0056,3156,1,18750,1
2804,1415168,859.94,2381,-1.1378,-0.007249,1.189178,0.710646,0.009996,0.0691,1106.07,684.5,-1.0026,3155,4,19950,1
2805,1415168,1240.74,558,-0.7023,-0.007249,1.189178,0.710646,0.009996,0.0691,1105.88,684.0,-0.9935,3157,0,18550,1
2806,1415168,1321.52,605,-0.7199,-0.007249,1.189178,0.710646,0.009996,0.0691,1106.72,684.8,-0.9845,3152,1,20800,1
2807,1417216,1228.32,575,-0.7732,-0.015492,4.019094,0.383221,0.02252,0.0764,1106.13,684.4,-0.9738,3153,0,18500,1
2808,1417216,1209.03,527,-0.8211,-0.015492,4.019094,0.383221,0.02252,0.0764,1105.23,683.2,-0.9639,3150,1,20050,1
2809,1417216,1187.21,493,-1.2656,-0.015492,4.019094,0.383221,0.02252,0.0764,1105.13,682.8,-0.9567,3161,0,19950,1
2810,1419264,1198.53,528,-1.3367,-0.013995,1.47354,0.614877,0.018089,0.0762,1104.56,681.9,-0.9499,3157,0,22550,1
2811,1419264,1511.09,708,-1.1634,-0.013995,1.47354,0.614877,0.018089,0.0762,1108.45,683.7,-0.9413,3156,3,19700,1
2812,1419264,1230.5,548,-0.8426,-0.013995,1.47354,0.614877,0.018089,0.0762,1108.15,683.3,-0.932,3153,0,18850,1
2813,1419264,428.63,195,-0.4166,-0.013995,1.47354,0.614877,0.018089,0.0762,1100.07,679.4,-0.9208,1798,0,200,0
2814,1421312,417.86,198,-0.4592,-0.008396,1.228006,0.666669,0.011835,0.085,1092.8,676.2,-0.9144,1798,0,200,0
2815,1421312,1158.86,514,-0.4422,-0.008396,1.228006,0.666669,0.011835,0.085,1091.84,675.6,-0.9105,3151,1,18650,1
2816,1421312,466.88,219,-0.5625,-0.008396,1.228006,0.666669,0.011835,0.085,1084.16,671.7,-0.9078,1939,0,400,0
2817,1423360,1355.57,608,-0.6527,-0.006181,1.21704,0.671236,0.013403,0.0803,1085.84,672.3,-0.9069,3155,1,18800,1
2818,1423360,1286.75,614,-0.6768,-0.006181,1.21704,0.671236,0.013403,0.0803,1086.29,672.7,-0.9079,3157,2,22900,1
2819,1425408,1101.46,2498,-1.4844,-0.012848,0.765312,1.03302,0.013192,0.1069,1084.45,690.2,-0.9148,3156,4,19250,1
2820,1425408,1295.28,576,-0.4602,-0.012848,0.765312,1.03302,0.013192,0.1069,1093.17,694.0,-0.9151,3153,2,19550,1
2821,1425408,1208.48,527,-0.3376,-0.012848,0.765312,1.03302,0.013192,0.1069,1094.03,674.4,-0.9018,3150,0,18850,1
2822,1433600,1170.0,2506,-0.1491,-0.004825,2.912806,1.822038,0.008119,0.2009,1093.07,693.8,-0.8989,3161,6,19550,1
2823,1435648,1171.92,2485,-0.0404,0.002962,0.712981,1.856638,0.008843,0.083,1091.71,712.8,-0.8943,3151,6,21750,1
2824,1437696,1341.82,591,0.9875,-0.0025,0.717864,1.146683,0.003047,0.0579,1091.69,712.1,-0.879,3156,4,19600,1
2825,1437696,971.43,4411,-0.4636,-0.0025,0.717864,1.146683,0.003047,0.0579,1088.78,750.5,-0.8778,3150,8,19650,1
2826,1439744,1251.73,563,0.3399,-0.007712,0.537742,1.298162,0.004717,0.0547,1088.39,750.5,-0.8683,3157,1,18300,1
2827,1439744,1304.6,571,0.3271,-0.007712,0.537742,1.298162,0.004717,0.0547,1087.73,750.1,-0.8586,3151,2,19100,1
2828,1443840,1032.87,4416,-0.2751,-0.007273,0.519505,1.380267,0.001949,0.0537,1087.42,769.6,-0.8496,3150,9,23550,1
2829,1443840,1207.64,2525,-0.2566,-0.007273,0.519505,1.380267,0.001949,0.0537,1086.51,788.9,-0.8452,3155,4,19200,1
2830,1445888,1268.26,550,0.6054,-0.003919,0.471696,1.443674,0.002697,0.0449,1087.26,789.0,-0.8322,3161,1,19100,1
2831,1447936,1276.4,572,0.5314,-0.002833,0.687438,1.011683,0.0056,0.0725,1088.54,789.8,-0.8199,3157,1,18600,1
2832,1447936,1283.57,560,0.4081,-0.002833,0.687438,1.011683,0.0056,0.0725,1089.35,789.8,-0.8071,3154,2,18900,1
2833,1449984,1549.51,683,0.0816,-0.006395,0.682737,1.00878,0.001975,0.0728,1092.27,791.0,-0.7958,3156,3,20850,1
2834,1449984,1212.74,2529,-0.5308,-0.006395,0.682737,1.00878,0.001975,0.0728,1092.38,811.0,-0.7902,3157,5,19400,1
2835,1449984,1116.37,2468,-0.5548,-0.006395,0.682737,1.00878,0.001975,0.0728,1090.56,830.0,-0.7825,3156,5,19200,1
2836,1452032,1275.69,572,-0.1512,-0.008363,0.899702,0.811207,0.009917,0.0586,1090.91,830.1,-0.7694,3161,2,19350,1
2837,1452032,1214.03,532,-0.1819,-0.008363,0.899702,0.811207,0.009917,0.0586,1090.78,830.0,-0.7545,3151,0,19750,1
2838,1452032,1258.26,542,-0.2552,-0.008363,0.899702,0.811207,0.009917,0.0586,1089.72,829.3,-0.7405,3161,1,19050,1
2839,1454080,1310.84,576,-0.5282,-0.00399,1.276127,0.560407,0.012912,0.0747,1090.29,829.4,-0.7268,3152,1,18900,1
2840,1454080,1383.08,618,-0.6027,-0.00399,1.276127,0.560407,0.012912,0.0747,1094.11,831.1,-0.7138,3149,2,21150,1
2841,1458176,1316.86,570,-0.5375,-0.008159,0.682425,1.068404,0.009715,0.0793,1097.36,832.4,-0.6986,3156,1,18800,1
2842,1462272,1264.86,2542,-0.78,-0.002996,0.422468,1.69896,0.012948,0.095,1095.95,851.1,-0.6851,3154,6,20000,1
2843,1464320,1177.25,2500,-0.5904,-0.003401,0.436483,1.574549,0.017604,0.0881,1096.12,871.0,-0.6689,3150,6,20450,1
2844,1464320,968.38,4384,-0.7469,-0.003401,0.436483,1.574549,0.017604,0.0881,1093.6,909.3,-0.6545,3156,8,20550,1
2845,1466368,1254.26,541,0.6453,-0.006175,0.489007,1.40121,0.012894,0.0527,1093.64,909.0,-0.6258,3153,0,18300,1
2846,1466368,1137.81,2491,-0.2587,-0.006175,0.489007,1.40121,0.012894,0.0527,1093.02,928.3,-0.6072,3157,5,19200,1
2847,1474560,1106.82,2461,-0.0141,0.000817,0.476114,1.776126,0.011906,0.2896,1092.58,947.7,-0.587,3161,4,21050,1
2848,1476608,1128.08,2495,-0.0204,-0.002838,0.445994,1.608206,0.008528,0.0354,1091.87,965.7,-0.5688,3157,5,19050,1
2849,1476608,1257.77,2545,-0.0293,-0.002838,0.445994,1.608206,0.008528,0.0354,1098.22,988.3,-0.5538,3155,6,20000,1
2850,1478656,1384.39,617,0.235,-0.004796,0.647795,1.107167,0.009902,0.0537,1100.3,989.1,-0.5344,3161,2,19300,1
2851,1480704,1333.25,602,-0.0098,-0.006666,0.732563,0.960918,0.00914,0.0691,1108.6,992.9,-0.5194,3156,1,18900,1
2852,1480704,1072.73,4441,-0.2271,-0.006666,0.732563,0.960918,0.00914,0.0691,1107.43,1031.9,-0.5078,3161,9,20900,1
2853,1480704,1273.28,564,-0.1793,-0.006666,0.732563,0.960918,0.00914,0.0691,1108.71,1032.2,-0.4957,3157,1,18200,1
2854,1482752,1264.81,635,-0.3632,-0.011875,1.158293,0.624617,0.026572,0.1155,1109.23,1032.9,-0.485,3161,1,17800,1
2855,1482752,1395.69,614,-0.3769,-0.011875,1.158293,0.624617,0.026572,0.1155,1107.95,1027.1,-0.4729,3153,1,19550,1
2856,1482752,1410.14,627,-0.555,-0.011875,1.158293,0.624617,0.026572,0.1155,1107.76,1025.7,-0.4632,3151,3,19500,1
2857,1484800,1414.34,636,-0.7056,-0.008271,1.278972,0.621269,0.015081,0.0857,1108.54,1024.5,-0.4562,3157,2,18850,1
2858,1484800,1070.87,2467,-0.712,-0.008271,1.278972,0.621269,0.015081,0.0857,1106.86,1042.9,-0.4509,3161,4,18650,1
2859,1484800,1382.84,605,-0.7098,-0.008271,1.278972,0.621269,0.015081,0.0857,1110.63,1043.9,-0.4506,3157,1,20750,1
2860,1486848,1363.82,610,-0.8028,-0.010604,2.848573,0.351686,0.024511,0.0801,1111.31,1043.8,-0.4513,3151,2,19400,1
2861,1486848,1313.79,559,-1.0781,-0.010604,2.848573,0.351686,0.024511,0.0801,1112.19,1043.4,-0.455,3152,0,22200,1
2862,1486848,1276.0,583,-1.0995,-0.010604,2.848573,0.351686,0.024511,0.0801,1120.7,1047.2,-0.4598,3155,1,18300,1
2863,1486848,1338.25,614,-1.0875,-0.010604,2.848573,0.351686,0.024511,0.0801,1127.63,1050.5,-0.4647,3157,2,18250,1
2864,1488896,498.46,229,-1.5793,-0.013043,5.63469,0.316623,0.032941,0.0928,1120.27,1047.2,-0.4744,1796,0,200,0
2865,1488896,1348.39,619,-1.4858,-0.013043,5.63469,0.316623,0.032941,0.0928,1121.8,1048.0,-0.4832,3161,2,18950,1
2866,1488896,1239.19,533,-1.7853,-0.013043,5.63469,0.316623,0.032941,0.0928,1121.69,1047.8,-0.4947,3161,0,18500,1
2867,1488896,1245.8,539,-1.8411,-0.013043,5.63469,0.316623,0.032941,0.0928,1126.72,1049.9,-0.5064,3149,0,18800,1
2868,1490944,1240.55,542,-2.1487,-0.006592,7.379099,0.223057,0.023534,0.0728,1126.82,1049.7,-0.5212,3155,0,17900,1
2869,1490944,1161.58,515,-2.1635,-0.006592,7.379099,0.223057,0.023534,0.0728,1126.72,1029.8,-0.5268,3153,0,20150,1
2870,1490944,1256.43,557,-2.3642,-0.006592,7.379099,0.223057,0.023534,0.0728,1126.82,1029.8,-0.5419,3161,0,18000,1
2871,1492992,1253.22,572,-2.2083,-0.011246,4.598092,0.388424,0.02418,0.0864,1126.74,1029.6,-0.5544,3151,1,18500,1
2872,1492992,1260.35,574,-2.15,-0.011246,4.598092,0.388424,0.02418,0.0864,1127.02,1029.5,-0.5659,3150,1,18550,1
2873,1492992,1294.82,596,-1.8543,-0.011246,4.598092,0.388424,0.02418,0.0864,1127.61,1029.5,-0.5724,3161,2,20350,1
2874,1497088,1232.99,570,-0.3617,-0.007663,0.609118,1.183983,0.006554,0.0837,1128.02,1029.9,-0.5708,3151,0,17950,1
2875,1499136,1245.22,525,0.3569,-0.005662,0.490654,1.428693,0.005588,0.0466,1135.95,1033.2,-0.5696,3152,0,18200,1
2876,1499136,1185.53,2501,-1.7134,-0.005662,0.490654,1.428693,0.005588,0.0466,1135.54,1052.6,-0.5934,3150,4,19500,1
2877,1501184,1315.38,587,0.3706,-0.006543,0.533878,1.26962,0.011356,0.0759,1138.13,1034.0,-0.5778,3154,1,18550,1
2878,1501184,1332.48,617,0.2958,-0.006543,0.533878,1.26962,0.011356,0.0759,1145.63,1036.6,-0.5796,3153,1,17900,1
2879,1503232,1103.35,2478,-0.9184,-0.006032,0.698556,1.029322,0.006694,0.0891,1146.04,1036.7,-0.5797,3157,4,18850,1
2880,1503232,1259.89,556,0.193,-0.006032,0.698556,1.029322,0.006694,0.0891,1147.6,1017.4,-0.5688,3156,1,18500,1
2881,1503232,1167.7,2495,-0.8855,-0.006032,0.698556,1.029322,0.006694,0.0891,1147.8,1037.2,-0.5817,3151,5,20050,1
2882,1505280,1322.83,590,-0.053,-0.00384,5.564335,0.227698,0.023787,0.0579,1148.62,1035.5,-0.5857,3156,2,19100,1
2883,1505280,1305.7,544,-0.4615,-0.00384,5.564335,0.227698,0.023787,0.0579,1149.47,1035.6,-0.5886,3161,2,18800,1
2884,1505280,1313.88,572,-0.6155,-0.00384,5.564335,0.227698,0.023787,0.0579,1150.07,1035.3,-0.5904,3161,3,19550,1
2885,1505280,1343.83,584,-0.641,-0.00384,5.564335,0.227698,0.023787,0.0579,1155.71,1032.2,-0.5885,3161,1,18500,1
2886,1507328,1315.56,575,-1.586,-0.010999,6.388223,0.258323,0.032973,0.0708,1163.1,1035.3,-0.596,3157,5,19600,1
2887,1507328,1295.9,549,-1.6751,-0.010999,6.388223,0.258323,0.032973,0.0708,1164.2,1035.1,-0.6053,3161,1,18700,1
2888,1507328,1357.1,598,-1.6795,-0.010999,6.388223,0.258323,0.032973,0.0708,1173.59,1039.2,-0.6152,3156,2,18700,1
2889,1509376,1263.3,546,-1.1421,-0.00835,1.539641,0.625034,0.012966,0.0791,1179.08,1041.5,-0.6213,3161,1,18400,1
2890,1509376,1296.76,572,-0.9108,-0.00835,1.539641,0.625034,0.012966,0.0791,1188.16,1045.5,-0.628,3151,1,18700,1
2891,1509376,1393.2,628,-1.0507,-0.00835,1.539641,0.625034,0.012966,0.0791,1189.55,1045.8,-0.6348,3157,2,20050,1
2892,1511424,425.72,195,-0.2805,-0.009075,1.252747,0.647718,0.010008,0.0674,1180.42,1042.1,-0.6341,1796,0,200,0
2893,1511424,1434.92,622,-0.4216,-0.009075,1.252747,0.647718,0.010008,0.0674,1189.35,1045.9,-0.6334,3155,2,18800,1
2894,1511424,1339.59,582,-0.4097,-0.009075,1.252747,0.647718,0.010008,0.0674,1190.38,1045.7,-0.6336,3154,0,18750,1
2895,1513472,1330.5,604,-0.4625,-0.006521,1.251452,0.672167,0.00861,0.0713,1192.67,1027.0,-0.6283,3152,1,18400,1
2896,1513472,1264.46,570,-0.4784,-0.006521,1.251452,0.672167,0.00861,0.0713,1192.07,1027.0,-0.6295,3156,1,17850,1
2897,1513472,1114.85,2480,-1.5276,-0.006521,1.251452,0.672167,0.00861,0.0713,1190.78,1046.1,-0.6409,3156,5,19750,1
2898,1513472,1187.57,509,-0.4527,-0.006521,1.251452,0.672167,0.00861,0.0713,1189.98,1045.6,-0.6415,3161,0,18200,1
2899,1515520,1190.86,500,-0.5345,-0.007695,1.814405,0.507362,0.009379,0.061,1188.69,1044.5,-0.6428,3156,0,18000,1
2900,1515520,1231.88,541,-0.7008,-0.007695,1.814405,0.507362,0.009379,0.061,1196.82,1047.9,-0.6439,3161,0,18300,1
2901,1515520,1318.14,604,-0.7262,-0.007695,1.814405,0.507362,0.009379,0.061,1205.79,1052.0,-0.6448,3153,3,19450,1
2902,1517568,1426.43,646,-0.8192,-0.011821,6.900484,0.338954,0.02408,0.0667,1215.81,1056.5,-0.6452,3149,2,19750,1
2903,1517568,1242.19,555,-1.0346,-0.011821,6.900484,0.338954,0.02408,0.0667,1215.7,1056.2,-0.6487,3156,0,18400,1
2904,1517568,1236.88,520,-1.4496,-0.011821,6.900484,0.338954,0.02408,0.0667,1219.47,1037.5,-0.6519,3157,0,18600,1
2905,1519616,1236.65,558,-1.5569,-0.01461,7.372318,0.290924,0.030027,0.0654,1219.43,1037.5,-0.6604,3156,0,17750,1
2906,1519616,1262.68,576,-1.6394,-0.01461,7.372318,0.290924,0.030027,0.0654,1218.84,1037.3,-0.6696,3149,1,18600,1
2907,1519616,1238.42,543,-1.7099,-0.01461,7.372318,0.290924,0.030027,0.0654,1218.94,1036.9,-0.679,3154,0,18950,1
2908,1521664,1287.65,592,-1.9535,-0.012134,6.951136,0.364681,0.025503,0.0728,1219.73,1037.6,-0.6903,3156,1,20200,1
2909,1521664,1236.19,539,-1.9121,-0.012134,6.951136,0.364681,0.025503,0.0728,1220.22,1038.0,-0.6967,3161,0,18950,1
2910,1521664,1273.95,560,-1.9991,-0.012134,6.951136,0.364681,0.025503,0.0728,1220.97,1038.4,-0.7034,3161,1,19000,1
2911,1521664,1337.12,594,-2.0795,-0.012134,6.951136,0.364681,0.025503,0.0728,1219.23,1037.2,-0.7125,3156,2,18700,1
2912,1521664,502.36,224,-1.8821,-0.012134,6.951136,0.364681,0.025503,0.0728,1211.95,1034.0,-0.7229,1797,0,300,0
2913,1523712,1221.47,566,-2.233,-0.009103,6.99248,0.359457,0.018012,0.0588,1219.88,1037.7,-0.7411,3152,0,17900,1
2914,1523712,1243.73,555,-2.1816,-0.009103,6.99248,0.359457,0.018012,0.0588,1228.14,1041.3,-0.7583,3156,0,18500,1
2915,1523712,1249.57,529,-2.3041,-0.009103,6.99248,0.359457,0.018012,0.0588,1229.05,1041.4,-0.7769,3161,1,18550,1
2916,1523712,1097.74,530,-2.1382,-0.009103,6.99248,0.359457,0.018012,0.0588,1235.35,1044.5,-0.7927,3155,0,19150,1
2917,1525760,1311.49,597,-2.3578,-0.013197,5.572872,0.4248,0.019037,0.0667,1234.91,1044.4,-0.8097,3161,2,20650,1
2918,1525760,1378.74,756,-2.2896,-0.013197,5.572872,0.4248,0.019037,0.0667,1235.83,1045.8,-0.8259,3157,3,21250,1
2919,1525760,1212.52,559,-2.2282,-0.013197,5.572872,0.4248,0.019037,0.0667,1236.94,1026.5,-0.8333,3157,0,17250,1
2920,1527808,1202.47,871,-2.0024,-0.005206,1.856822,0.769914,0.012811,0.0845,1236.02,1029.4,-0.8487,3155,1,15400,1
2921,1527808,1306.72,581,-1.5872,-0.005206,1.856822,0.769914,0.012811,0.0845,1237.0,1029.9,-0.8612,3161,1,18000,1
2922,1527808,1230.47,551,-1.2397,-0.005206,1.856822,0.769914,0.012811,0.0845,1237.6,1010.4,-0.8721,3161,0,18300,1
2923,1527808,627.58,279,-0.7835,-0.005206,1.856822,0.769914,0.012811,0.0845,1232.16,988.3,-0.8796,2749,0,100,0
2924,1527808,1148.33,532,-0.9436,-0.005206,1.856822,0.769914,0.012811,0.0845,1230.23,987.7,-0.8989,3155,1,18000,1
2925,1529856,1241.0,572,-1.0286,-0.012243,5.458933,0.450588,0.016769,0.0605,1232.92,949.4,-0.9045,3156,0,17550,1
2926,1529856,1142.28,523,-1.1066,-0.012243,5.458933,0.450588,0.016769,0.0605,1231.83,949.0,-0.919,3161,0,17400,1
2927,1531904,1349.3,611,-1.2157,-0.010778,7.77495,0.428728,0.015866,0.0554,1232.27,949.4,-0.9344,3157,2,18050,1
2928,1531904,1257.48,578,-1.2197,-0.010778,7.77495,0.428728,0.015866,0.0554,1234.52,911.0,-0.9439,3156,0,20600,1
2929,1531904,1249.91,562,-1.5083,-0.010778,7.77495,0.428728,0.015866,0.0554,1234.94,891.3,-0.9564,3154,1,19750,1
2930,1533952,1189.5,544,-1.4938,-0.011966,1.750242,0.704699,0.0105,0.0686,1234.15,891.3,-0.9774,3156,0,18000,1
2931,1533952,1341.66,607,-1.4619,-0.011966,1.750242,0.704699,0.0105,0.0686,1234.81,891.6,-0.9973,3153,1,19350,1
2932,1533952,1238.41,561,-1.1292,-0.011966,1.750242,0.704699,0.0105,0.0686,1234.36,891.6,-1.0127,3157,0,18400,1
2933,1536000,1252.33,562,-1.019,-0.012208,1.273107,0.790187,0.009628,0.0806,1231.38,890.4,-1.0237,3156,0,19850,1
2934,1536000,1253.29,563,-1.0067,-0.012208,1.273107,0.790187,0.009628,0.0806,1231.79,870.8,-1.0284,3153,1,19850,1
2935,1538048,1240.34,534,-0.8326,-0.010018,1.224066,0.746141,0.005625,0.0684,1233.03,851.4,-1.0312,3151,0,18750,1
2936,1538048,1238.41,563,-0.8271,-0.010018,1.224066,0.746141,0.005625,0.0684,1232.66,851.3,-1.038,3156,0,17850,1
2937,1538048,1262.25,559,-0.8387,-0.010018,1.224066,0.746141,0.005625,0.0684,1233.14,851.6,-1.0445,3161,1,18200,1
2938,1538048,411.77,427,-1.0042,-0.010018,1.224066,0.746141,0.005625,0.0684,1224.67,850.5,-1.052,1781,0,100,0
2939,1540096,1003.03,456,-0.7792,-0.006569,0.967035,0.855287,0.005301,0.0537,1221.6,849.3,-1.0545,3156,0,18600,1
2940,1540096,1244.09,542,-0.7341,-0.006569,0.967035,0.855287,0.005301,0.0537,1220.21,848.5,-1.0559,3156,1,20250,1
2941,1540096,1264.7,2524,-1.547,-0.006569,0.967035,0.855287,0.005301,0.0537,1219.68,868.0,-1.066,3155,5,19600,1
2942,1540096,1237.74,574,-0.6096,-0.006569,0.967035,0.855287,0.005301,0.0537,1219.41,848.4,-1.0643,3155,0,17350,1
2943,1542144,1043.3,482,-0.7185,-0.013779,4.979439,0.478142,0.020091,0.071,1218.07,828.2,-1.0655,3150,0,19750,1
2944,1542144,1231.32,569,-0.829,-0.013779,4.979439,0.478142,0.020091,0.071,1220.7,790.0,-1.0664,3152,0,18200,1
2945,1544192,1252.08,563,-1.0688,-0.014148,1.380948,0.722466,0.017714,0.0715,1220.68,790.2,-1.0835,3157,1,18750,1
2946,1544192,573.26,341,-1.0628,-0.014148,1.380948,0.722466,0.017714,0.0715,1215.04,768.8,-1.0915,2469,0,400,0
2947,1544192,369.28,179,-0.8724,-0.014148,1.380948,0.722466,0.017714,0.0715,1207.66,745.9,-1.1001,1517,0,100,0
2948,1544192,1307.58,634,-1.0423,-0.014148,1.380948,0.722466,0.017714,0.0715,1209.45,727.3,-1.1103,3157,0,18250,1
2949,1546240,1265.25,563,-0.8542,-0.009204,1.125631,0.788371,0.008587,0.0608,1209.53,707.5,-1.1186,3149,1,18400,1
2950,1546240,1306.96,632,-0.8848,-0.009204,1.125631,0.788371,0.008587,0.0608,1208.76,707.6,-1.1298,3161,2,20550,1
2951,1548288,1010.75,464,-0.6272,-0.014484,0.871656,0.951667,0.014479,0.1152,1205.53,706.3,-1.136,3161,1,19750,1
2952,1548288,1358.19,622,-0.5913,-0.014484,0.871656,0.951667,0.014479,0.1152,1208.39,668.1,-1.1396,3156,3,19050,1
2953,1550336,1131.23,2506,-1.2497,-0.009671,0.732094,1.039569,0.005107,0.1191,1206.96,687.5,-1.1503,3161,3,18850,1
2954,1550336,1244.85,539,-0.3457,-0.009671,0.732094,1.039569,0.005107,0.1191,1206.77,686.5,-1.1501,3156,0,18700,1
2955,1550336,1311.49,612,-0.3391,-0.009671,0.732094,1.039569,0.005107,0.1191,1205.92,686.5,-1.1498,3161,2,21300,1
2956,1552384,1249.91,554,-0.3346,-0.008693,1.233652,0.738215,0.01278,0.0818,1204.32,685.8,-1.1476,3154,0,18250,1
2957,1552384,1348.88,639,-0.4293,-0.008693,1.233652,0.738215,0.01278,0.0818,1203.67,685.8,-1.1448,3154,1,20250,1
2958,1552384,986.84,460,-0.518,-0.008693,1.233652,0.738215,0.01278,0.0818,1202.83,665.8,-1.1428,3155,0,18700,1
2959,1554432,1117.61,2478,-1.1718,-0.008437,1.180949,0.716997,0.011538,0.0703,1200.17,684.5,-1.1475,3151,4,19550,1
2960,1554432,1376.85,622,-0.5685,-0.008437,1.180949,0.716997,0.011538,0.0703,1200.3,684.6,-1.1451,3161,3,18400,1
2961,1554432,1253.03,528,-0.5794,-0.008437,1.180949,0.716997,0.011538,0.0703,1199.7,684.3,-1.1401,3150,1,21600,1
2962,1554432,1348.13,595,-0.5948,-0.008437,1.180949,0.716997,0.011538,0.0703,1200.42,684.4,-1.1351,3157,3,18800,1
2963,1556480,1233.37,520,-0.8566,-0.011518,3.991199,0.448442,0.020818,0.0686,1199.37,683.5,-1.1328,3161,0,18300,1
2964,1556480,1296.25,601,-0.8769,-0.011518,3.991199,0.448442,0.020818,0.0686,1207.35,687.2,-1.1258,3156,2,19000,1
2965,1556480,1251.63,549,-1.1162,-0.011518,3.991199,0.448442,0.020818,0.0686,1206.38,686.5,-1.1221,3161,0,18000,1
2966,1556480,1317.84,566,-1.1114,-0.011518,3.991199,0.448442,0.020818,0.0686,1207.17,686.8,-1.1153,3161,2,20250,1
2967,1558528,1279.43,571,-1.5714,-0.011102,9.878129,0.301617,0.026498,0.0806,1207.5,687.1,-1.1126,3152,1,17950,1
2968,1560576,1252.46,555,-1.8947,-0.008087,2.869626,0.530148,0.014164,0.0732,1207.62,687.3,-1.1101,3156,0,18250,1
2969,1560576,1230.42,569,-1.9083,-0.008087,2.869626,0.530148,0.014164,0.0732,1208.31,687.8,-1.1075,3157,0,17600,1
2970,1560576,1234.68,588,-1.6231,-0.008087,2.869626,0.530148,0.014164,0.0732,1208.09,688.1,-1.1001,3156,0,18650,1
2971,1562624,1242.32,598,-1.1971,-0.007627,1.153757,0.779648,0.010489,0.0906,1207.98,688.4,-1.09,3154,1,19150,1
2972,1562624,1189.95,511,-0.4812,-0.007627,1.153757,0.779648,0.010489,0.0906,1207.28,687.8,-1.0733,3155,0,19350,1
2973,1564672,1249.92,555,-0.2537,-0.009223,0.716108,1.034406,0.008538,0.0867,1206.83,687.3,-1.0573,3150,0,18200,1
2974,1564672,1184.02,522,0.0015,-0.009223,0.716108,1.034406,0.008538,0.0867,1206.34,686.9,-1.0537,3156,1,18100,1
2975,1566720,428.7,194,0.1,-0.007832,0.672721,1.019804,0.008341,0.0811,1198.18,683.5,-1.0563,1798,0,200,0
2976,1566720,1126.35,2481,-1.6297,-0.007832,0.672721,1.019804,0.008341,0.0811,1197.58,683.4,-1.0554,3150,4,18900,1
2977,1566720,1255.19,570,0.006,-0.007832,0.672721,1.019804,0.008341,0.0811,1196.98,683.2,-1.0591,3150,1,18300,1
2978,1568768,1353.31,589,-0.1026,-0.008403,0.929417,0.798354,0.012099,0.0713,1197.19,682.9,-1.063,3150,2,19000,1
2979,1568768,1304.41,583,-0.1381,-0.008403,0.929417,0.798354,0.012099,0.0713,1199.2,664.0,-1.0552,3150,1,18350,1
2980,1568768,1395.09,643,-0.1786,-0.008403,0.929417,0.798354,0.012099,0.0713,1200.55,664.8,-1.059,3154,2,20900,1
2981,1570816,1167.27,2524,-1.1886,-0.01194,1.563248,0.656025,0.013494,0.0779,1200.55,665.1,-1.062,3154,5,19250,1
2982,1570816,1255.46,533,-0.3943,-0.01194,1.563248,0.656025,0.013494,0.0779,1199.87,664.5,-1.0654,3154,1,18200,1
2983,1570816,1252.27,540,-0.4466,-0.01194,1.563248,0.656025,0.013494,0.0779,1199.34,664.5,-1.0653,3161,0,19350,1
2984,1570816,1240.27,527,-0.4665,-0.01194,1.563248,0.656025,0.013494,0.0779,1198.6,664.0,-1.0638,3155,0,18200,1
2985,1572864,1271.43,561,-0.7047,-0.014765,9.799754,0.26966,0.023122,0.071,1197.88,663.8,-1.0644,3156,0,18650,1
2986,1572864,1313.34,565,-0.9777,-0.014765,9.799754,0.26966,0.023122,0.071,1197.86,663.7,-1.0583,3150,1,20050,1
2987,1572864,1253.93,535,-1.1123,-0.014765,9.799754,0.26966,0.023122,0.071,1197.44,663.6,-1.0527,3150,0,18300,1
2988,1572864,1229.67,576,-1.0709,-0.014765,9.799754,0.26966,0.023122,0.071,1196.16,663.4,-1.0466,3161,0,18100,1
2989,1574912,428.43,197,-1.4402,-0.015797,5.059598,0.386125,0.019991,0.0623,1187.82,659.9,-1.0496,1797,0,200,0
2990,1574912,1221.39,577,-1.6055,-0.015797,5.059598,0.386125,0.019991,0.0623,1187.06,659.9,-1.0565,3157,0,18750,1
2991,1576960,1330.89,595,-1.4909,-0.004065,1.096333,0.95673,0.014371,0.0852,1186.44,659.6,-1.0609,3161,2,18900,1
2992,1576960,1308.74,563,-0.6463,-0.004065,1.096333,0.95673,0.014371,0.0852,1195.27,663.3,-1.0646,3161,1,19050,1
2993,1579008,1218.77,565,0.0435,-0.008648,0.677236,1.1147,0.005047,0.0723,1193.11,662.7,-1.0599,3154,0,19350,1
2994,1579008,1259.31,580,0.0848,-0.008648,0.677236,1.1147,0.005047,0.0723,1192.3,662.7,-1.055,3155,0,17450,1
2995,1581056,1237.97,549,0.1585,-0.008885,0.653858,1.116727,0.007577,0.0759,1191.38,662.1,-1.0488,3156,0,18150,1
2996,1581056,1098.21,2472,-1.2994,-0.008885,0.653858,1.116727,0.007577,0.0759,1189.72,681.1,-1.057,3154,4,18850,1
2997,1581056,1256.13,562,0.122,-0.008885,0.653858,1.116727,0.007577,0.0759,1191.13,662.0,-1.0405,3157,0,17750,1
2998,1583104,1312.12,575,0.0492,-0.008469,0.817081,0.937417,0.005182,0.0686,1192.38,662.6,-1.0355,3151,2,19250,1
2999,1583104,1099.89,2477,-1.2153,-0.008469,0.817081,0.937417,0.005182,0.0686,1191.47,682.4,-1.0423,3154,4,18600,1
3000,1585152,1230.2,534,0.0333,-0.012917,4.771499,0.331977,0.018617,0.054,1191.45,682.3,-1.0349,3161,0,18400,1
3001,1585152,1260.04,553,-0.0353,-0.012917,4.771499,0.331977,0.018617,0.054,1190.87,681.8,-1.028,3152,1,21100,1
3002,1585152,1237.77,534,-0.3592,-0.012917,4.771499,0.331977,0.018617,0.054,1188.98,680.7,-1.0234,3157,0,19150,1
3003,1585152,1260.94,556,-0.3561,-0.012917,4.771499,0.331977,0.018617,0.054,1189.17,680.7,-1.0167,3161,1,18300,1
3004,1587200,1248.48,562,-0.7566,-0.014173,7.23079,0.30234,0.021566,0.0659,1189.28,681.1,-1.0097,3157,0,17600,1
3005,1587200,1202.13,525,-0.7577,-0.014173,7.23079,0.30234,0.021566,0.0659,1188.94,680.8,-1.0017,3151,0,18550,1
3006,1587200,1233.31,534,-1.1556,-0.014173,7.23079,0.30234,0.021566,0.0659,1188.65,680.4,-0.9969,3152,0,17600,1
3007,1587200,1196.54,536,-1.1633,-0.014173,7.23079,0.30234,0.021566,0.0659,1188.23,680.3,-0.9914,3155,0,17700,1
3008,1589248,1229.67,559,-1.5349,-0.012143,7.291431,0.280563,0.02613,0.0728,1187.65,680.0,-0.9872,3153,0,17600,1
3009,1589248,1257.55,560,-1.5172,-0.012143,7.291431,0.280563,0.02613,0.0728,1187.86,680.2,-0.9833,3161,1,18350,1
3010,1589248,1248.63,571,-1.7089,-0.012143,7.291431,0.280563,0.02613,0.0728,1187.61,680.3,-0.9804,3151,1,19250,1
3011,1589248,1254.5,565,-1.7285,-0.012143,7.291431,0.280563,0.02613,0.0728,1186.78,680.0,-0.9769,3161,1,18850,1
3012,1591296,1230.35,519,-1.8827,-0.015438,6.463291,0.334846,0.022412,0.0728,1194.06,683.0,-0.9769,3155,0,21300,1
3013,1591296,1232.81,575,-1.8596,-0.015438,6.463291,0.334846,0.022412,0.0728,1194.17,683.0,-0.9732,3149,0,18050,1
3014,1591296,1240.78,557,-1.9743,-0.015438,6.463291,0.334846,0.022412,0.0728,1194.14,683.1,-0.9711,3154,0,17600,1
3015,1593344,1335.4,598,-1.7393,-0.008236,2.112015,0.552011,0.013512,0.0659,1195.0,683.8,-0.9654,3161,1,18700,1
3016,1593344,1210.04,570,-1.5967,-0.008236,2.112015,0.552011,0.013512,0.0659,1196.13,684.2,-0.96,3155,1,19050,1
3017,1593344,1259.76,575,-1.0754,-0.008236,2.112015,0.552011,0.013512,0.0659,1195.61,683.9,-0.9472,3161,0,18550,1
3018,1595392,1258.69,573,-0.7828,-0.014176,1.242477,0.734494,0.019159,0.0864,1194.41,682.1,-0.9321,3156,1,18600,1
3019,1597440,1313.23,579,-0.6545,-0.009609,0.937012,0.864892,0.01009,0.0715,1195.42,682.3,-0.9164,3149,2,19350,1
3020,1597440,1185.27,525,-0.5298,-0.009609,0.937012,0.864892,0.01009,0.0715,1195.24,678.9,-0.9017,3161,0,18250,1
3021,1599488,1258.88,571,-0.421,-0.005842,0.695626,1.081334,0.00519,0.0686,1194.77,678.8,-0.89,3161,0,18550,1
3022,1599488,1107.44,2464,-1.6461,-0.005842,0.695626,1.081334,0.00519,0.0686,1193.53,697.9,-0.8941,3151,4,19350,1
3023,1599488,1244.17,561,-0.3006,-0.005842,0.695626,1.081334,0.00519,0.0686,1199.7,700.7,-0.8892,3152,0,17550,1
3024,1601536,1248.26,568,-0.247,-0.009132,1.028591,0.791439,0.015431,0.0847,1200.7,701.1,-0.8823,3161,0,17950,1
3025,1601536,1253.81,555,-0.2814,-0.009132,1.028591,0.791439,0.015431,0.0847,1200.83,700.9,-0.8748,3155,0,17800,1
3026,1601536,1186.06,545,-0.3002,-0.009132,1.028591,0.791439,0.015431,0.0847,1201.27,701.1,-0.8667,3161,0,17250,1
3027,1603584,423.17,199,-0.3582,-0.00599,1.238305,0.700519,0.00893,0.0559,1192.0,697.0,-0.8582,1798,0,200,0
3028,1603584,1173.08,2516,-1.1138,-0.00599,1.238305,0.700519,0.00893,0.0559,1191.16,716.4,-0.8571,3153,6,22450,1
3029,1603584,1246.72,548,-0.4479,-0.00599,1.238305,0.700519,0.00893,0.0559,1191.13,716.2,-0.8465,3151,0,19950,1
3030,1603584,1238.65,557,-0.5378,-0.00599,1.238305,0.700519,0.00893,0.0559,1191.62,716.4,-0.8369,3155,0,17600,1
3031,1605632,1236.52,533,-0.6355,-0.009544,3.146775,0.412014,0.015249,0.0562,1190.57,715.6,-0.8287,3154,0,18400,1
3032,1605632,1269.68,554,-0.7621,-0.009544,3.146775,0.412014,0.015249,0.0562,1190.88,715.5,-0.825,3152,2,19850,1
3033,1605632,1238.8,548,-0.8102,-0.009544,3.146775,0.412014,0.015249,0.0562,1190.75,715.4,-0.8229,3161,0,17700,1
3034,1607680,1335.51,648,-1.0226,-0.016778,5.60407,0.382652,0.020399,0.064,1191.57,716.3,-0.8231,3161,2,20200,1
3035,1607680,1265.73,545,-1.1243,-0.016778,5.60407,0.382652,0.020399,0.064,1191.82,716.4,-0.826,3154,1,18200,1
3036,1607680,1244.41,557,-1.2856,-0.016778,5.60407,0.382652,0.020399,0.064,1191.88,716.3,-0.8306,3154,0,17600,1
3037,1607680,1257.96,548,-1.3301,-0.016778,5.60407,0.382652,0.020399,0.064,1191.84,716.2,-0.8355,3154,1,17800,1
3038,1609728,1187.68,510,-1.5448,-0.013152,7.478038,0.329084,0.023179,0.0686,1199.6,717.0,-0.8409,3155,0,18000,1
3039,1609728,1318.95,624,-1.6891,-0.013152,7.478038,0.329084,0.023179,0.0686,1202.76,718.7,-0.85,3156,0,18550,1
3040,1609728,1258.55,588,-1.7964,-0.013152,7.478038,0.329084,0.023179,0.0686,1202.9,719.2,-0.8606,3151,0,19450,1
3041,1609728,1340.18,612,-1.8291,-0.013152,7.478038,0.329084,0.023179,0.0686,1203.66,700.0,-0.8634,3149,1,20450,1
3042,1609728,417.38,187,-1.8005,-0.013152,7.478038,0.329084,0.023179,0.0686,1195.45,696.2,-0.8753,1795,0,200,0
3043,1611776,1247.11,572,-2.0129,-0.014009,5.481651,0.500345,0.020258,0.0735,1197.49,697.1,-0.8883,3152,0,20500,1
3044,1611776,1135.63,487,-1.9252,-0.014009,5.481651,0.500345,0.020258,0.0735,1196.53,696.3,-0.8993,3161,0,19150,1
3045,1611776,571.98,250,-1.9807,-0.014009,5.481651,0.500345,0.020258,0.0735,1189.73,693.1,-0.9084,2469,0,300,0
3046,1611776,1230.61,537,-2.1043,-0.014009,5.481651,0.500345,0.020258,0.0735,1196.31,695.1,-0.9188,3157,0,18450,1
3047,1613824,1197.46,556,-2.14,-0.012509,7.723992,0.311564,0.025086,0.073,1204.59,698.9,-0.9315,3161,0,17600,1
3048,1613824,580.9,255,-2.036,-0.012509,7.723992,0.311564,0.025086,0.073,1197.32,695.1,-0.9414,1789,1,400,0
3049,1613824,1234.36,562,-2.216,-0.012509,7.723992,0.311564,0.025086,0.073,1197.01,695.1,-0.955,3149,0,18550,1
3050,1613824,1137.94,480,-2.2148,-0.012509,7.723992,0.311564,0.025086,0.073,1195.32,693.5,-0.9683,3157,0,17700,1
3051,1615872,1254.7,577,-2.3065,-0.0132,5.601339,0.38743,0.018692,0.0623,1197.76,694.7,-0.9851,3161,1,18350,1
3052,1615872,1143.27,511,-2.3112,-0.0132,5.601339,0.38743,0.018692,0.0623,1195.61,693.6,-1.0023,3153,0,18450,1
3053,1615872,1252.32,578,-2.3237,-0.0132,5.601339,0.38743,0.018692,0.0623,1196.82,674.3,-1.0131,3161,1,18450,1
3054,1615872,1182.17,526,-2.3215,-0.0132,5.601339,0.38743,0.018692,0.0623,1196.2,674.1,-1.0328,3155,0,18200,1
3055,1615872,650.04,283,-2.1525,-0.0132,5.601339,0.38743,0.018692,0.0623,1189.58,670.9,-1.0509,1953,0,400,0
3056,1617920,418.35,185,-2.1683,-0.014401,5.87536,0.399223,0.020206,0.0701,1181.27,667.2,-1.0693,1788,0,100,0
3057,1617920,1193.55,542,-2.3569,-0.014401,5.87536,0.399223,0.020206,0.0701,1179.71,666.2,-1.0886,3156,0,17800,1
3058,1617920,745.46,398,-2.1966,-0.014401,5.87536,0.399223,0.020206,0.0701,1177.3,665.6,-1.1053,2474,0,100,0
3059,1617920,1422.6,674,-2.3517,-0.014401,5.87536,0.399223,0.020206,0.0701,1180.35,647.5,-1.1171,3149,2,19000,1
3060,1619968,1262.19,570,-2.1726,-0.00622,2.613829,0.627917,0.011204,0.0674,1179.2,647.0,-1.1332,3161,1,18200,1
3061,1619968,1208.46,765,-1.7843,-0.00622,2.613829,0.627917,0.011204,0.0674,1178.76,649.4,-1.1452,3154,0,17350,1
3062,1619968,1260.78,574,-1.6069,-0.00622,2.613829,0.627917,0.011204,0.0674,1177.88,649.2,-1.1554,3150,1,18500,1
3063,1619968,1239.21,550,-1.3942,-0.00622,2.613829,0.627917,0.011204,0.0674,1177.94,649.5,-1.1607,3150,0,18250,1
3064,1622016,419.24,206,-1.2608,-0.009139,3.068125,0.545704,0.007642,0.053,1169.17,645.5,-1.1646,1781,0,100,0
3065,1622016,1246.73,695,-1.5035,-0.009139,3.068125,0.545704,0.007642,0.053,1169.12,647.0,-1.1684,3161,1,18300,1
3066,1622016,1141.98,503,-1.2946,-0.009139,3.068125,0.545704,0.007642,0.053,1167.36,646.4,-1.1703,3149,0,20550,1
3067,1624064,1224.81,540,-1.3425,-0.013898,4.392879,0.494827,0.02005,0.0823,1166.82,646.0,-1.168,3161,0,18400,1
3068,1624064,1240.18,612,-1.4584,-0.013898,4.392879,0.494827,0.02005,0.0823,1166.7,646.6,-1.1636,3156,0,20600,1
3069,1624064,586.86,496,-1.614,-0.013898,4.392879,0.494827,0.02005,0.0823,1160.26,645.9,-1.1607,2468,0,500,0
3070,1626112,1352.43,674,-1.5214,-0.009255,2.849371,0.632919,0.012126,0.0554,1161.44,646.8,-1.1597,3157,0,19100,1
3071,1626112,1196.7,586,-1.5538,-0.009255,2.849371,0.632919,0.012126,0.0554,1160.98,646.6,-1.1632,3154,0,17500,1
3072,1626112,1239.94,576,-1.5558,-0.009255,2.849371,0.632919,0.012126,0.0554,1161.48,647.3,-1.174,3161,0,18100,1
3073,1626112,420.08,193,-1.5532,-0.009255,2.849371,0.632919,0.012126,0.0554,1153.18,643.7,-1.187,1796,0,100,0
3074,1626112,1316.59,660,-1.575,-0.009255,2.849371,0.632919,0.012126,0.0554,1154.51,645.0,-1.2027,3156,1,19850,1
3075,1628160,1305.65,593,-1.5769,-0.017714,4.951028,0.524599,0.018896,0.0574,1163.28,649.0,-1.2195,3152,1,18850,1
3076,1628160,1253.31,589,-1.6506,-0.017714,4.951028,0.524599,0.018896,0.0574,1164.55,630.1,-1.2197,3157,1,18600,1
3077,1628160,456.84,217,-1.7216,-0.017714,4.951028,0.524599,0.018896,0.0574,1156.56,626.6,-1.237,1957,0,100,0
3078,1628160,1242.16,571,-1.6602,-0.017714,4.951028,0.524599,0.018896,0.0574,1155.45,626.4,-1.2526,3152,0,17800,1
3079,1630208,451.86,197,-1.6555,-0.014161,2.173051,0.682899,0.013986,0.0762,1146.93,622.5,-1.2677,1960,0,0,0
3080,1630208,1240.18,546,-1.4752,-0.014161,2.173051,0.682899,0.013986,0.0762,1145.38,621.6,-1.2807,3161,0,18550,1
3081,1632256,1187.54,520,-1.2841,-0.01179,1.132513,0.943677,0.007431,0.0635,1145.58,601.5,-1.2817,3161,0,19450,1
3082,1632256,1344.77,731,-1.4395,-0.01179,1.132513,0.943677,0.007431,0.0635,1146.47,603.5,-1.2921,3156,1,17250,1
3083,1632256,790.25,632,-1.0326,-0.01179,1.132513,0.943677,0.007431,0.0635,1141.85,604.4,-1.298,2471,0,500,0
3084,1632256,998.38,455,-0.4632,-0.01179,1.132513,0.943677,0.007431,0.0635,1139.43,603.7,-1.2979,3150,0,18800,1
3085,1634304,1353.61,625,-0.5014,-0.007231,1.051213,0.933743,0.005593,0.0569,1140.26,604.4,-1.2959,3157,2,18800,1
3086,1634304,424.78,187,-0.4923,-0.007231,1.051213,0.933743,0.005593,0.0569,1131.37,600.6,-1.2911,1794,0,200,0
3087,1636352,1244.14,583,-0.5358,-0.006365,1.197138,0.826307,0.002011,0.0496,1131.27,601.0,-1.2853,3161,0,18150,1
3088,1636352,1268.83,604,-0.5654,-0.006365,1.197138,0.826307,0.002011,0.0496,1131.66,601.3,-1.2802,3157,1,21300,1
3089,1636352,574.49,264,-0.5388,-0.006365,1.197138,0.826307,0.002011,0.0496,1133.13,602.0,-1.2712,2474,0,100,0
3090,1636352,1113.84,2498,-1.6514,-0.006365,1.197138,0.826307,0.002011,0.0496,1132.05,621.2,-1.2717,3161,4,18700,1
3091,1638400,1236.1,583,-0.658,-0.011154,2.259625,0.584786,0.017209,0.0662,1131.1,621.1,-1.2633,3149,0,21000,1
3092,1638400,1276.18,579,-0.6683,-0.011154,2.259625,0.584786,0.017209,0.0662,1130.78,621.2,-1.2636,3157,1,18450,1
3093,1638400,1255.18,582,-0.6836,-0.011154,2.259625,0.584786,0.017209,0.0662,1131.14,621.4,-1.2708,3150,1,18650,1
3094,1638400,451.15,200,-0.8095,-0.011154,2.259625,0.584786,0.017209,0.0662,1123.06,617.6,-1.2798,1946,0,100,0
3095,1638400,1239.38,691,-0.8422,-0.011154,2.259625,0.584786,0.017209,0.0662,1123.07,619.0,-1.2898,3157,0,16550,1
3096,1640448,1240.27,530,-0.9031,-0.011451,3.932028,0.501887,0.016258,0.0725,1124.49,599.6,-1.2858,3161,0,20050,1
3097,1640448,1240.84,552,-0.9468,-0.011451,3.932028,0.501887,0.016258,0.0725,1124.34,599.5,-1.2965,3150,0,18150,1
3098,1640448,531.84,231,-1.1997,-0.011451,3.932028,0.501887,0.016258,0.0725,1116.54,596.1,-1.309,1946,0,200,0
3099,1640448,1240.34,556,-1.1024,-0.011451,3.932028,0.501887,0.016258,0.0725,1117.94,576.9,-1.3079,3161,0,18000,1
3100,1642496,1258.3,566,-1.2511,-0.013057,7.427391,0.373467,0.017793,0.0642,1118.22,577.2,-1.3207,3161,1,18200,1
3101,1642496,1344.05,609,-1.4069,-0.013057,7.427391,0.373467,0.017793,0.0642,1119.06,577.8,-1.3344,3150,2,19350,1
3102,1642496,1243.07,532,-1.5586,-0.013057,7.427391,0.373467,0.017793,0.0642,1119.12,577.7,-1.3464,3161,0,18450,1
3103,1642496,1245.47,565,-1.6203,-0.013057,7.427391,0.373467,0.017793,0.0642,1118.96,577.8,-1.3591,3156,0,18300,1
3104,1644544,1141.65,507,-1.8819,-0.017651,7.570655,0.473032,0.025514,0.0786,1117.89,577.3,-1.3703,3157,0,18800,1
3105,1644544,1233.42,532,-1.9466,-0.017651,7.570655,0.473032,0.025514,0.0786,1118.21,577.3,-1.3822,3161,0,18100,1
3106,1644544,1243.41,567,-1.9844,-0.017651,7.570655,0.473032,0.025514,0.0786,1118.31,577.7,-1.3905,3151,0,17950,1
3107,1646592,455.14,202,-1.5585,-0.008162,1.544953,0.788559,0.014668,0.0674,1110.89,574.3,-1.3945,1946,0,100,0
3108,1648640,547.99,772,-1.5135,-0.009044,0.756035,1.090562,0.009582,0.1021,1104.08,576.5,-1.3942,2466,0,100,0
3109,1648640,1224.43,571,-0.6097,-0.009044,0.756035,1.090562,0.009582,0.1021,1103.75,576.6,-1.3852,3161,0,18550,1
3110,1648640,1197.55,547,-0.5372,-0.009044,0.756035,1.090562,0.009582,0.1021,1103.23,576.3,-1.3734,3154,0,17950,1
3111,1648640,449.05,206,-0.2275,-0.009044,0.756035,1.090562,0.009582,0.1021,1095.18,572.7,-1.3584,1946,0,100,0
3112,1650688,1246.64,561,-0.2888,-0.005183,1.197507,0.751231,0.00546,0.0432,1095.34,573.2,-1.3425,3155,0,17850,1
3113,1650688,1229.82,583,-0.3432,-0.005183,1.197507,0.751231,0.00546,0.0432,1095.31,573.2,-1.3273,3157,0,17650,1
3114,1650688,1238.36,561,-0.4061,-0.005183,1.197507,0.751231,0.00546,0.0432,1095.29,573.3,-1.3116,3157,0,17800,1
3115,1650688,1100.72,2486,-1.6577,-0.005183,1.197507,0.751231,0.00546,0.0432,1092.94,592.2,-1.3108,3161,4,19100,1
3116,1652736,1241.45,527,-0.4801,-0.007032,1.288952,0.761942,0.004236,0.0649,1093.26,591.7,-1.2997,3152,0,21500,1
3117,1652736,1252.52,568,-0.5799,-0.007032,1.288952,0.761942,0.004236,0.0649,1093.18,591.7,-1.2947,3157,1,19000,1
3118,1654784,1323.31,612,-0.6609,-0.016202,1.555972,0.76364,0.022972,0.0869,1093.83,592.0,-1.2935,3156,2,20300,1
3119,1654784,1304.14,631,-0.7531,-0.016202,1.555972,0.76364,0.022972,0.0869,1093.74,592.6,-1.2945,3161,2,23000,1
3120,1654784,1152.76,1407,-0.9108,-0.016202,1.555972,0.76364,0.022972,0.0869,1093.41,601.4,-1.2983,3156,2,21050,1
3121,1654784,1225.6,548,-0.8157,-0.016202,1.555972,0.76364,0.022972,0.0869,1093.08,601.2,-1.3022,3161,0,18300,1
3122,1656832,1233.39,568,-0.8569,-0.013513,1.513902,0.647965,0.017146,0.0823,1094.34,582.2,-1.2943,3154,0,18250,1
3123,1656832,1224.29,553,-0.8726,-0.013513,1.513902,0.647965,0.017146,0.0823,1094.14,582.1,-1.3001,3155,1,19150,1
3124,1656832,415.67,192,-0.861,-0.013513,1.513902,0.647965,0.017146,0.0823,1085.82,578.4,-1.3062,1779,0,100,0
3125,1658880,1242.83,531,-0.9051,-0.010653,1.338882,0.75223,0.011518,0.0632,1085.71,578.1,-1.3124,3157,0,18100,1
3126,1658880,648.55,903,-1.1604,-0.010653,1.338882,0.75223,0.011518,0.0632,1080.33,581.7,-1.321,2467,0,100,0
3127,1660928,1294.41,638,-0.891,-0.012516,0.957515,0.919184,0.00633,0.0835,1089.04,586.1,-1.3264,3154,2,22800,1
3128,1660928,1254.24,590,-0.8091,-0.012516,0.957515,0.919184,0.00633,0.0835,1089.86,566.8,-1.3233,3152,1,17900,1
3129,1660928,1188.53,518,-0.6385,-0.012516,0.957515,0.919184,0.00633,0.0835,1089.27,566.5,-1.3252,3154,0,18000,1
3130,1662976,1188.8,527,-0.5023,-0.00483,1.195214,0.745481,0.00795,0.0515,1088.77,566.2,-1.3249,3156,0,17800,1
3131,1662976,744.64,324,-0.4896,-0.00483,1.195214,0.745481,0.00795,0.0515,1083.86,564.1,-1.3234,2746,0,100,0
3132,1662976,1258.3,568,-0.5454,-0.00483,1.195214,0.745481,0.00795,0.0515,1083.74,564.3,-1.3212,3161,1,18550,1
3133,1665024,1231.16,567,-0.646,-0.010892,1.237518,0.685955,0.012689,0.0842,1083.67,564.5,-1.3196,3151,0,18300,1
3134,1665024,1240.17,573,-0.6499,-0.010892,1.237518,0.685955,0.012689,0.0842,1082.71,563.7,-1.3159,3156,0,17750,1
3135,1665024,1190.52,539,-0.6457,-0.010892,1.237518,0.685955,0.012689,0.0842,1081.96,563.7,-1.3111,3149,0,18000,1
3136,1665024,1113.2,2482,-1.3452,-0.010892,1.237518,0.685955,0.012689,0.0842,1080.65,582.9,-1.3117,3153,4,18750,1
3137,1665024,572.52,286,-0.7177,-0.010892,1.237518,0.685955,0.012689,0.0842,1073.79,580.3,-1.3056,2467,0,100,0
3138,1667072,1236.54,549,-0.8128,-0.012505,1.991794,0.560327,0.016734,0.0535,1074.28,580.7,-1.2982,3157,0,18100,1
3139,1667072,1106.34,608,-0.9274,-0.012505,1.991794,0.560327,0.016734,0.0535,1072.16,580.5,-1.2906,3161,2,18300,1
3140,1667072,1333.64,592,-0.9025,-0.012505,1.991794,0.560327,0.016734,0.0535,1072.91,580.6,-1.2817,3156,2,18600,1
3141,1669120,1239.55,573,-1.0108,-0.013731,3.945896,0.54082,0.019118,0.072,1071.9,580.2,-1.2735,3157,0,17950,1
3142,1669120,1242.68,563,-1.2098,-0.013731,3.945896,0.54082,0.019118,0.072,1080.15,583.9,-1.2676,3150,0,18500,1
3143,1669120,1234.62,556,-1.3357,-0.013731,3.945896,0.54082,0.019118,0.072,1080.03,583.8,-1.2608,3157,0,17900,1
3144,1671168,1244.59,586,-1.3676,-0.018547,5.316133,0.438327,0.02141,0.0813,1081.12,584.8,-1.2553,3154,0,20900,1
3145,1671168,1249.75,574,-1.5412,-0.018547,5.316133,0.438327,0.02141,0.0813,1087.9,588.0,-1.2509,3151,1,19050,1
3146,1671168,1248.23,549,-1.8241,-0.018547,5.316133,0.438327,0.02141,0.0813,1088.07,588.1,-1.2481,3161,1,20050,1
3147,1673216,1240.73,547,-1.7971,-0.012719,1.79362,0.693446,0.018175,0.0647,1088.51,588.0,-1.2446,3157,0,18300,1
3148,1673216,419.62,194,-0.9423,-0.012719,1.79362,0.693446,0.018175,0.0647,1086.89,587.4,-1.2337,1782,0,100,0
3149,1673216,1235.19,595,-1.4778,-0.012719,1.79362,0.693446,0.018175,0.0647,1086.9,587.8,-1.2263,3149,0,18050,1
3150,1673216,475.05,208,-0.7618,-0.012719,1.79362,0.693446,0.018175,0.0647,1080.27,585.0,-1.2118,1946,0,100,0
3151,1675264,1315.38,632,-0.7959,-0.007786,1.162115,0.742549,0.009202,0.0552,1080.88,585.6,-1.1967,3161,1,22000,1
3152,1675264,1231.2,554,-0.763,-0.007786,1.162115,0.742549,0.009202,0.0552,1081.76,586.0,-1.1812,3157,0,18750,1
3153,1675264,1249.63,583,-0.7566,-0.007786,1.162115,0.742549,0.009202,0.0552,1081.73,586.1,-1.1655,3152,0,17350,1
3154,1675264,585.5,292,-0.7302,-0.007786,1.162115,0.742549,0.009202,0.0552,1075.76,583.7,-1.1496,2476,0,300,0
3155,1677312,1299.84,589,-0.7239,-0.009239,1.178834,0.799375,0.009909,0.0571,1082.26,586.8,-1.1353,3161,0,20750,1
3156,1677312,1238.25,557,-0.7201,-0.009239,1.178834,0.799375,0.009909,0.0571,1090.46,590.5,-1.1208,3157,0,18200,1
3157,1677312,1232.56,566,-0.726,-0.009239,1.178834,0.799375,0.009909,0.0571,1090.85,590.7,-1.1045,3152,0,17400,1
3158,1679360,1172.33,2563,-1.6103,-0.006812,1.23816,0.747784,0.009053,0.0601,1095.12,612.4,-1.0987,3157,6,19150,1
3159,1679360,1236.01,531,-0.7251,-0.006812,1.23816,0.747784,0.009053,0.0601,1093.25,611.0,-1.0824,3149,0,18950,1
3160,1681408,1240.73,549,-0.7634,-0.015099,6.308805,0.394893,0.021766,0.0691,1093.04,610.8,-1.0683,3153,0,18650,1
3161,1681408,1318.62,586,-0.8108,-0.015099,6.308805,0.394893,0.021766,0.0691,1094.14,609.0,-1.0586,3161,1,18500,1
3162,1681408,1027.24,484,-1.0929,-0.015099,6.308805,0.394893,0.021766,0.0691,1091.81,608.1,-1.0534,3151,0,18700,1
3163,1681408,1301.36,569,-1.0115,-0.015099,6.308805,0.394893,0.021766,0.0691,1092.43,608.2,-1.0496,3150,1,18800,1
3164,1681408,579.62,322,-1.3094,-0.015099,6.308805,0.394893,0.021766,0.0691,1094.03,609.4,-1.0501,2472,0,100,0
3165,1683456,1236.87,553,-1.2856,-0.014229,5.066324,0.437745,0.020008,0.0723,1093.93,608.0,-1.0479,3155,0,17900,1
3166,1683456,1246.54,539,-1.449,-0.014229,5.066324,0.437745,0.020008,0.0723,1094.98,608.4,-1.0495,3155,0,19950,1
3167,1683456,1267.0,587,-1.4487,-0.014229,5.066324,0.437745,0.020008,0.0723,1095.4,608.8,-1.0505,3161,1,18400,1
3168,1685504,1339.54,677,-1.5807,-0.017522,2.922386,0.563105,0.019175,0.0703,1096.39,609.5,-1.0517,3161,3,20600,1
3169,1685504,1233.24,562,-1.596,-0.017522,2.922386,0.563105,0.019175,0.0703,1102.86,610.1,-1.0516,3154,0,18750,1
3170,1685504,1185.34,533,-1.5591,-0.017522,2.922386,0.563105,0.019175,0.0703,1101.19,608.7,-1.0519,3161,0,18050,1
3171,1687552,1238.26,565,-1.0533,-0.007559,1.284639,0.810183,0.009551,0.0569,1101.6,608.5,-1.0469,3150,0,21000,1
3172,1687552,1239.13,535,-0.7042,-0.007559,1.284639,0.810183,0.009551,0.0569,1101.59,608.1,-1.0384,3156,0,18300,1
3173,1687552,1236.16,533,-0.6989,-0.007559,1.284639,0.810183,0.009551,0.0569,1109.76,611.5,-1.0299,3161,0,18100,1
3174,1689600,1203.08,523,-0.571,-0.006302,1.290327,0.711569,0.004518,0.0547,1108.62,610.1,-1.0198,3161,0,20550,1
3175,1689600,1237.47,572,-0.6209,-0.006302,1.290327,0.711569,0.004518,0.0547,1107.94,609.9,-1.0103,3153,0,17700,1
3176,1691648,1352.66,703,-0.7122,-0.008588,1.180782,0.792019,0.009252,0.0684,1108.93,611.1,-1.0009,3152,3,23150,1
3177,1691648,1053.67,2432,-1.7083,-0.008588,1.180782,0.792019,0.009252,0.0684,1114.9,633.2,-1.0008,3151,4,20750,1
3178,1691648,707.99,311,-0.6777,-0.008588,1.180782,0.792019,0.009252,0.0684,1109.56,630.6,-0.9909,2761,1,300,0
3179,1691648,1242.23,546,-0.6083,-0.008588,1.180782,0.792019,0.009252,0.0684,1117.46,634.1,-0.9805,3156,0,18150,1
3180,1693696,626.22,276,-0.7304,-0.008997,2.097903,0.490885,0.015433,0.0566,1111.32,631.4,-0.973,2751,0,100,0
3181,1693696,1189.94,520,-0.6741,-0.008997,2.097903,0.490885,0.015433,0.0566,1111.35,631.4,-0.9669,3154,0,17600,1
3182,1693696,1228.34,581,-0.816,-0.008997,2.097903,0.490885,0.015433,0.0566,1110.18,629.9,-0.9607,3155,0,18150,1
3183,1693696,1347.32,653,-0.8668,-0.008997,2.097903,0.490885,0.015433,0.0566,1115.75,630.1,-0.959,3156,2,17950,1
3184,1695744,1250.27,565,-0.9962,-0.012675,4.906616,0.473796,0.01651,0.0659,1118.27,631.2,-0.9644,3151,1,18900,1
3185,1695744,1233.47,542,-1.0352,-0.012675,4.906616,0.473796,0.01651,0.0659,1117.07,630.4,-0.9697,3151,0,19850,1
3186,1695744,1232.78,582,-1.2181,-0.012675,4.906616,0.473796,0.01651,0.0659,1125.15,634.3,-0.9769,3151,0,18100,1
3187,1695744,1185.06,529,-1.2758,-0.012675,4.906616,0.473796,0.01651,0.0659,1124.56,633.8,-0.9843,3151,0,18100,1
3188,1697792,1186.38,507,-1.3859,-0.014752,6.501937,0.385663,0.021295,0.085,1123.73,632.8,-0.9926,3149,0,18500,1
3189,1697792,1228.48,570,-1.4895,-0.014752,6.501937,0.385663,0.021295,0.085,1130.27,635.9,-1.0021,3152,0,17750,1
3190,1697792,1236.47,552,-1.6554,-0.014752,6.501937,0.385663,0.021295,0.085,1131.5,616.4,-1.0021,3157,0,17600,1
3191,1697792,1246.18,547,-1.6881,-0.014752,6.501937,0.385663,0.021295,0.085,1131.6,616.1,-1.0124,3150,0,18350,1
3192,1699840,1249.19,559,-1.7675,-0.016542,6.211477,0.436424,0.019256,0.0637,1131.33,615.9,-1.0234,3161,0,18250,1
3193,1699840,1236.42,571,-1.8422,-0.016542,6.211477,0.436424,0.019256,0.0637,1131.14,615.8,-1.035,3152,0,20800,1
3194,1699840,421.97,196,-2.06,-0.016542,6.211477,0.436424,0.019256,0.0637,1130.85,615.7,-1.0475,1792,1,400,0
3195,1701888,1241.22,591,-1.9837,-0.016014,6.682337,0.426873,0.02042,0.0642,1130.87,614.7,-1.0589,3151,0,18000,1
3196,1701888,1239.33,576,-2.0315,-0.016014,6.682337,0.426873,0.02042,0.0642,1130.86,615.2,-1.0702,3155,0,19050,1
3197,1701888,1231.42,582,-2.1041,-0.016014,6.682337,0.426873,0.02042,0.0642,1130.77,615.5,-1.0818,3161,0,18300,1
3198,1701888,1244.35,531,-2.0749,-0.016014,6.682337,0.426873,0.02042,0.0642,1137.89,618.5,-1.0905,3153,0,18300,1
3199,1703936,1230.93,548,-2.1712,-0.014045,7.869055,0.418047,0.02008,0.0686,1137.8,618.4,-1.1012,3152,0,18300,1
3200,1703936,1258.67,560,-2.1863,-0.014045,7.869055,0.418047,0.02008,0.0686,1137.8,618.3,-1.1105,3152,1,18000,1
3201,1703936,626.1,287,-2.3481,-0.014045,7.869055,0.418047,0.02008,0.0686,1130.62,615.1,-1.12,2751,0,100,0
3202,1703936,1260.85,552,-2.2151,-0.014045,7.869055,0.418047,0.02008,0.0686,1130.8,615.3,-1.1265,3154,0,17900,1
3203,1705984,459.78,206,-2.4331,-0.01449,6.095426,0.470361,0.018479,0.0708,1122.94,611.7,-1.1347,1947,0,100,0
3204,1705984,1256.05,568,-2.3146,-0.01449,6.095426,0.470361,0.018479,0.0708,1124.09,612.3,-1.139,3150,1,18650,1
3205,1705984,1238.38,563,-2.3225,-0.01449,6.095426,0.470361,0.018479,0.0708,1124.14,612.6,-1.1427,3161,0,18850,1
3206,1708032,1157.28,509,-1.9844,-0.000617,1.562544,0.771808,0.014252,0.1008,1123.28,612.1,-1.1427,3156,0,19100,1
3207,1708032,1254.21,597,-1.9218,-0.000617,1.562544,0.771808,0.014252,0.1008,1131.27,616.0,-1.1464,3161,0,18050,1
3208,1708032,1244.16,541,-1.7133,-0.000617,1.562544,0.771808,0.014252,0.1008,1138.23,613.7,-1.1484,3157,0,18550,1
3209,1710080,1286.48,588,-0.6744,-0.006538,1.221785,0.850144,0.007918,0.0779,1138.85,613.9,-1.149,3152,1,17950,1
3210,1710080,1238.83,579,-0.6575,-0.006538,1.221785,0.850144,0.007918,0.0779,1139.26,614.2,-1.1502,3155,0,17600,1
3211,1710080,1189.79,546,-0.6206,-0.006538,1.221785,0.850144,0.007918,0.0779,1146.67,617.6,-1.1542,3151,0,18000,1
3212,1712128,1240.48,573,-0.5982,-0.006708,1.13857,0.835449,0.007016,0.0642,1146.61,617.7,-1.1572,3157,0,18050,1
3213,1712128,1190.31,548,-0.589,-0.006708,1.13857,0.835449,0.007016,0.0642,1146.21,617.4,-1.1597,3150,0,20700,1
3214,1712128,1250.3,581,-0.6162,-0.006708,1.13857,0.835449,0.007016,0.0642,1146.33,617.6,-1.1618,3153,0,17550,1
3215,1714176,944.18,2432,-1.7731,-0.007342,1.562044,0.702121,0.006928,0.0574,1144.77,617.0,-1.163,3155,1,19750,1
3216,1714176,1252.95,544,-0.6073,-0.007342,1.562044,0.702121,0.006928,0.0574,1144.88,617.2,-1.1642,3153,0,19750,1
3217,1714176,1347.34,638,-0.6767,-0.007342,1.562044,0.702121,0.006928,0.0574,1145.83,617.9,-1.1652,3161,2,18600,1
3218,1714176,1344.28,659,-0.7118,-0.007342,1.562044,0.702121,0.006928,0.0574,1146.04,618.4,-1.1657,3156,4,21150,1
3219,1716224,1308.84,615,-0.77,-0.017179,5.089416,0.550414,0.02201,0.0771,1146.09,618.2,-1.1659,3156,1,20800,1
3220,1716224,417.0,194,-1.0758,-0.017179,5.089416,0.550414,0.02201,0.0771,1138.73,606.1,-1.1675,1782,0,200,0
3221,1716224,1241.84,570,-0.8885,-0.017179,5.089416,0.550414,0.02201,0.0771,1138.89,606.3,-1.1683,3155,0,17900,1
3222,1716224,1233.83,593,-1.0133,-0.017179,5.089416,0.550414,0.02201,0.0771,1138.89,606.5,-1.1698,3157,0,20600,1
3223,1716224,1237.99,547,-1.0281,-0.017179,5.089416,0.550414,0.02201,0.0771,1139.03,606.5,-1.1714,3151,0,18400,1
3224,1718272,1231.66,561,-1.3179,-0.014593,5.611026,0.459557,0.015883,0.0574,1147.19,610.2,-1.1759,3161,0,18550,1
3225,1718272,1245.81,543,-1.3041,-0.014593,5.611026,0.459557,0.015883,0.0574,1147.22,610.3,-1.1799,3150,0,18550,1
3226,1718272,1190.9,524,-1.4032,-0.014593,5.611026,0.459557,0.015883,0.0574,1152.64,606.5,-1.1824,3156,0,18450,1
3227,1720320,1340.71,635,-1.5156,-0.014997,7.994105,0.417569,0.0235,0.0703,1153.11,606.5,-1.1886,3149,2,18900,1
3228,1720320,1242.9,560,-1.6131,-0.014997,7.994105,0.417569,0.0235,0.0703,1152.99,606.2,-1.1966,3155,0,17700,1
3229,1722368,1246.34,568,-1.676,-0.018901,6.90951,0.558735,0.020973,0.0676,1153.57,606.7,-1.207,3161,0,18900,1
3230,1722368,1473.9,706,-1.6902,-0.018901,6.90951,0.558735,0.020973,0.0676,1156.42,608.5,-1.2189,3161,1,21300,1
3231,1722368,1241.71,549,-1.757,-0.018901,6.90951,0.558735,0.020973,0.0676,1161.39,610.7,-1.2316,3156,0,18300,1
3232,1722368,1237.08,553,-1.8879,-0.018901,6.90951,0.558735,0.020973,0.0676,1161.18,610.6,-1.245,3154,0,18000,1
3233,1724416,1238.59,563,-1.875,-0.008876,3.082041,0.562931,0.012013,0.0464,1161.26,610.5,-1.2573,3152,0,17950,1
3234,1724416,1234.24,618,-1.8361,-0.008876,3.082041,0.562931,0.012013,0.0464,1161.2,611.0,-1.2692,3161,0,17600,1
3235,1724416,1221.82,700,-1.758,-0.008876,3.082041,0.562931,0.012013,0.0464,1161.51,612.6,-1.2803,3157,0,17450,1
3236,1726464,1267.74,597,-1.6378,-0.016127,5.613997,0.489134,0.015675,0.0549,1163.06,593.7,-1.2832,3151,1,21400,1
3237,1726464,1173.46,549,-1.5895,-0.016127,5.613997,0.489134,0.015675,0.0549,1169.06,596.4,-1.2919,3150,2,19500,1
3238,1726464,1247.69,566,-1.5804,-0.016127,5.613997,0.489134,0.015675,0.0549,1169.18,596.5,-1.2996,3161,0,17650,1
3239,1726464,1235.48,616,-1.6639,-0.016127,5.613997,0.489134,0.015675,0.0549,1170.47,596.6,-1.307,3151,0,17550,1
3240,1728512,992.28,452,-1.6699,-0.017378,4.362072,0.567917,0.01834,0.0696,1167.05,595.2,-1.3146,3161,0,20650,1
3241,1728512,1102.82,560,-1.7331,-0.017378,4.362072,0.567917,0.01834,0.0696,1165.69,595.1,-1.3219,3150,2,19450,1
3242,1728512,1316.44,604,-1.7473,-0.017378,4.362072,0.567917,0.01834,0.0696,1166.42,595.5,-1.3272,3157,1,18250,1
3243,1728512,1232.33,608,-1.7611,-0.017378,4.362072,0.567917,0.01834,0.0696,1166.4,596.0,-1.3315,3152,0,20150,1
3244,1730560,1190.6,530,-1.7585,-0.015269,4.186614,0.547257,0.016868,0.0544,1165.86,595.5,-1.3354,3161,0,18450,1
3245,1730560,1376.15,637,-1.7741,-0.015269,4.186614,0.547257,0.016868,0.0544,1167.13,596.1,-1.3377,3153,0,18900,1
3246,1730560,1199.47,552,-1.7956,-0.015269,4.186614,0.547257,0.016868,0.0544,1166.64,596.1,-1.3374,3157,1,19050,1
3247,1732608,1264.25,609,-1.9087,-0.015174,6.250764,0.473506,0.019735,0.072,1166.87,596.7,-1.3386,3157,2,18300,1
3248,1732608,1243.13,582,-1.9156,-0.015174,6.250764,0.473506,0.019735,0.072,1175.11,600.6,-1.3483,3155,0,21000,1
3249,1732608,1269.67,578,-1.9575,-0.015174,6.250764,0.473506,0.019735,0.072,1175.45,600.4,-1.3531,3161,2,18400,1
3250,1732608,637.02,290,-1.9033,-0.015174,6.250764,0.473506,0.019735,0.072,1177.07,601.3,-1.3645,2753,0,100,0
3251,1732608,1232.67,609,-2.0167,-0.015174,6.250764,0.473506,0.019735,0.072,1176.25,601.0,-1.3767,3152,0,20700,1
3252,1732608,420.11,199,-1.9354,-0.015174,6.250764,0.473506,0.019735,0.072,1168.13,597.5,-1.3884,1798,0,200,0
3253,1734656,1248.82,579,-2.0111,-0.014658,4.183971,0.516048,0.019627,0.0623,1168.13,597.4,-1.401,3161,0,18350,1
3254,1734656,631.19,282,-1.9155,-0.014658,4.183971,0.516048,0.019627,0.0623,1168.58,597.3,-1.4128,2750,0,100,0
3255,1734656,451.28,197,-1.9045,-0.014658,4.183971,0.516048,0.019627,0.0623,1160.1,593.4,-1.4246,1946,0,100,0
3256,1734656,1187.33,561,-1.9571,-0.014658,4.183971,0.516048,0.019627,0.0623,1159.59,593.5,-1.437,3156,0,19250,1
3257,1736704,1309.97,622,-2.0109,-0.014669,4.599517,0.498732,0.018063,0.0676,1160.36,594.0,-1.4499,3161,2,20050,1
3258,1736704,1281.42,598,-2.0105,-0.014669,4.599517,0.498732,0.018063,0.0676,1161.45,574.4,-1.4539,3149,2,18850,1
3259,1736704,1193.83,572,-2.0391,-0.014669,4.599517,0.498732,0.018063,0.0676,1161.03,574.8,-1.467,3157,0,17500,1
3260,1738752,1247.84,576,-2.0343,-0.01205,3.889303,0.58536,0.016041,0.0608,1161.1,575.0,-1.4797,3156,0,19300,1
3261,1738752,1174.79,677,-2.1235,-0.01205,3.889303,0.58536,0.016041,0.0608,1159.66,576.0,-1.4928,3161,0,18650,1
3262,1738752,1239.57,588,-2.0206,-0.01205,3.889303,0.58536,0.016041,0.0608,1161.79,577.0,-1.5021,3151,0,18350,1
3263,1740800,1145.07,559,-1.981,-0.018835,3.759847,0.520895,0.021958,0.084,1160.23,576.9,-1.5118,3161,0,18700,1
3264,1740800,1230.47,556,-1.9942,-0.018835,3.759847,0.520895,0.021958,0.084,1166.73,579.2,-1.5187,3161,0,18200,1
3265,1740800,1224.37,607,-2.0131,-0.018835,3.759847,0.520895,0.021958,0.084,1166.61,579.8,-1.5259,3152,0,20900,1
3266,1740800,423.37,199,-2.0398,-0.018835,3.759847,0.520895,0.021958,0.084,1158.38,576.4,-1.5318,1785,0,100,0
3267,1740800,1263.17,557,-1.9845,-0.018835,3.759847,0.520895,0.021958,0.084,1158.34,576.1,-1.5372,3149,0,18400,1
3268,1740800,423.55,191,-2.032,-0.018835,3.759847,0.520895,0.021958,0.084,1149.18,571.2,-1.5417,1782,0,100,0
3269,1742848,1198.04,546,-2.0038,-0.015135,5.333059,0.494681,0.02147,0.0686,1148.83,571.1,-1.5458,3161,0,17850,1
3270,1742848,1245.4,578,-2.0274,-0.015135,5.333059,0.494681,0.02147,0.0686,1149.43,571.5,-1.5505,3156,0,18400,1
3271,1742848,563.0,256,-2.098,-0.015135,5.333059,0.494681,0.02147,0.0686,1142.67,568.4,-1.5609,2466,0,100,0
3272,1744896,1328.71,619,-2.0351,-0.011671,3.869587,0.517656,0.012552,0.0547,1143.57,569.3,-1.5742,3150,1,18450,1
3273,1744896,1197.09,552,-2.0388,-0.011671,3.869587,0.517656,0.012552,0.0547,1143.18,569.5,-1.5876,3156,1,17800,1
3274,1744896,1242.59,573,-2.028,-0.011671,3.869587,0.517656,0.012552,0.0547,1143.58,570.0,-1.6022,3151,0,17950,1
3275,1746944,1249.63,799,-2.2258,-0.012544,3.164898,0.609283,0.012881,0.0769,1143.7,572.2,-1.6182,3157,1,19450,1
3276,1746944,1186.32,539,-1.9669,-0.012544,3.164898,0.609283,0.012881,0.0769,1142.03,570.6,-1.6308,3149,0,18100,1
3277,1746944,1185.09,542,-1.9534,-0.012544,3.164898,0.609283,0.012881,0.0769,1143.35,551.7,-1.6332,3161,0,17900,1
3278,1746944,1326.03,595,-1.757,-0.012544,3.164898,0.609283,0.012881,0.0769,1149.53,554.5,-1.644,3153,0,18400,1
3279,1748992,1240.88,568,-1.6941,-0.015109,6.607256,0.503548,0.016489,0.0623,1149.51,554.7,-1.6549,3157,0,19350,1
3280,1748992,1189.95,546,-1.7069,-0.015109,6.607256,0.503548,0.016489,0.0623,1155.15,557.4,-1.6647,3161,0,18000,1
3281,1748992,1195.26,552,-1.7131,-0.015109,6.607256,0.503548,0.016489,0.0623,1155.2,557.8,-1.675,3156,0,18150,1
3282,1751040,1088.45,471,-1.8369,-0.017628,4.150724,0.52216,0.021114,0.0747,1153.81,556.7,-1.6853,3161,0,17800,1
3283,1751040,1243.09,589,-1.8705,-0.017628,4.150724,0.52216,0.021114,0.0747,1152.76,556.0,-1.6953,3156,0,17500,1
3284,1751040,1379.3,744,-1.9029,-0.017628,4.150724,0.52216,0.021114,0.0747,1154.05,557.8,-1.7044,3161,0,20300,1
3285,1751040,1243.13,601,-1.8869,-0.017628,4.150724,0.52216,0.021114,0.0747,1154.15,558.4,-1.7129,3156,1,19950,1
3286,1751040,636.1,359,-2.0052,-0.017628,4.150724,0.52216,0.021114,0.0747,1148.18,556.2,-1.7207,2750,0,100,0
3287,1753088,1289.21,611,-1.9362,-0.012973,3.707872,0.572479,0.017867,0.0608,1149.23,557.0,-1.7273,3152,3,21050,1
3288,1753088,1141.65,513,-1.9069,-0.012973,3.707872,0.572479,0.017867,0.0608,1148.78,557.0,-1.7326,3156,1,17750,1
3289,1753088,473.07,216,-1.8578,-0.012973,3.707872,0.572479,0.017867,0.0608,1141.22,553.5,-1.7362,2014,0,200,0
3290,1753088,1187.9,536,-1.9036,-0.012973,3.707872,0.572479,0.017867,0.0608,1140.74,553.4,-1.7387,3151,0,18050,1
3291,1755136,1222.63,590,-1.9402,-0.019326,4.088727,0.502061,0.021206,0.0732,1140.5,553.8,-1.7412,3155,0,18750,1
3292,1755136,1189.63,572,-1.9446,-0.019326,4.088727,0.502061,0.021206,0.0732,1139.91,553.9,-1.743,3152,0,18850,1
3293,1755136,1197.56,595,-1.9495,-0.019326,4.088727,0.502061,0.021206,0.0732,1139.52,554.1,-1.7441,3155,0,17600,1
3294,1755136,1438.56,717,-1.9929,-0.019326,4.088727,0.502061,0.021206,0.0732,1149.68,559.4,-1.7434,3152,4,21150,1
3295,1757184,575.29,292,-1.9689,-0.015945,3.888188,0.628612,0.017803,0.0654,1143.03,556.4,-1.7433,2468,1,600,0
3296,1757184,1089.48,471,-1.9674,-0.015945,3.888188,0.628612,0.017803,0.0654,1141.53,555.3,-1.7426,3157,3,18200,1
3297,1757184,1225.36,585,-2.0197,-0.015945,3.888188,0.628612,0.017803,0.0654,1141.47,555.4,-1.7418,3161,0,18050,1
3298,1759232,1236.68,593,-1.8235,-0.002875,1.754323,0.741178,0.016344,0.106,1141.39,556.0,-1.7393,3161,0,18100,1
3299,1759232,1204.65,984,-1.9198,-0.002875,1.754323,0.741178,0.016344,0.106,1141.13,560.3,-1.7368,3150,2,19650,1
3300,1759232,1335.42,642,-1.4937,-0.002875,1.754323,0.741178,0.016344,0.106,1141.89,561.1,-1.7298,3161,1,19150,1
3301,1759232,424.6,196,-0.8114,-0.002875,1.754323,0.741178,0.016344,0.106,1139.88,560.2,-1.7145,1794,1,400,0
3302,1759232,1169.75,512,-0.9108,-0.002875,1.754323,0.741178,0.016344,0.106,1138.97,559.8,-1.7014,3154,1,18550,1
3303,1761280,412.71,185,-0.9568,-0.014969,3.657624,0.56368,0.014709,0.0657,1138.5,559.6,-1.6867,1794,0,200,0
3304,1761280,1229.39,570,-0.9862,-0.014969,3.657624,0.56368,0.014709,0.0657,1138.23,559.6,-1.6734,3161,0,19750,1
3305,1761280,945.97,447,-1.1244,-0.014969,3.657624,0.56368,0.014709,0.0657,1135.31,558.5,-1.6614,3161,0,18400,1
3306,1761280,1290.11,628,-1.1364,-0.014969,3.657624,0.56368,0.014709,0.0657,1136.64,559.7,-1.6529,3161,2,19650,1
3307,1763328,1197.25,557,-1.1521,-0.008369,1.878689,0.734588,0.007456,0.0745,1136.07,559.3,-1.6452,3152,1,19000,1
3308,1763328,1037.79,484,-1.1234,-0.008369,1.878689,0.734588,0.007456,0.0745,1134.0,558.7,-1.6393,3156,0,18500,1
3309,1763328,1236.15,824,-1.4342,-0.008369,1.878689,0.734588,0.007456,0.0745,1133.5,561.1,-1.6469,3153,0,15800,1
3310,1763328,1232.6,580,-1.1613,-0.008369,1.878689,0.734588,0.007456,0.0745,1133.44,561.1,-1.6519,3161,0,18100,1
3311,1765376,1177.9,517,-1.2128,-0.018157,5.310594,0.503663,0.022329,0.073,1133.32,560.8,-1.6579,3157,1,19150,1
3312,1765376,1188.43,520,-1.4592,-0.018157,5.310594,0.503663,0.022329,0.073,1132.8,560.3,-1.6665,3161,0,17800,1
3313,1765376,1261.45,624,-1.4918,-0.018157,5.310594,0.503663,0.022329,0.073,1133.51,561.0,-1.6755,3153,0,20700,1
3314,1765376,1180.0,527,-1.4884,-0.018157,5.310594,0.503663,0.022329,0.073,1132.81,560.5,-1.6842,3154,1,19450,1
3315,1767424,1197.36,561,-1.6163,-0.016207,4.96535,0.536725,0.018885,0.0608,1135.34,541.8,-1.6827,3161,0,17550,1
3316,1767424,1057.36,468,-1.7155,-0.016207,4.96535,0.536725,0.018885,0.0608,1133.38,541.0,-1.6937,3156,1,18900,1
3317,1769472,1239.12,570,-1.7322,-0.006013,1.962055,0.589557,0.011683,0.0688,1132.3,540.3,-1.7043,3152,0,18150,1
3318,1769472,1308.77,636,-1.5449,-0.006013,1.962055,0.589557,0.011683,0.0688,1131.94,540.1,-1.7126,3161,2,19050,1
3319,1771520,1398.03,625,-1.1538,-0.01103,1.237189,0.911128,0.007743,0.0684,1132.84,540.2,-1.7165,3152,2,18650,1
3320,1771520,512.6,1092,-2.0898,-0.01103,1.237189,0.911128,0.007743,0.0684,1133.79,549.2,-1.7266,2471,0,100,0
3321,1771520,1187.76,529,-1.0219,-0.01103,1.237189,0.911128,0.007743,0.0684,1133.25,548.8,-1.7279,3153,1,18300,1
3322,1771520,1204.23,529,-0.8686,-0.01103,1.237189,0.911128,0.007743,0.0684,1132.96,548.1,-1.7265,3157,0,17900,1
3323,1773568,1150.82,502,-0.8098,-0.015447,4.517568,0.54965,0.013487,0.0574,1132.08,547.7,-1.7243,3153,0,19050,1
3324,1773568,1186.16,571,-0.9004,-0.015447,4.517568,0.54965,0.013487,0.0574,1131.63,547.8,-1.7201,3155,1,17450,1
3325,1773568,1301.28,664,-0.998,-0.015447,4.517568,0.54965,0.013487,0.0574,1132.18,549.0,-1.7171,3151,1,20250,1
3326,1773568,1304.79,579,-1.0317,-0.015447,4.517568,0.54965,0.013487,0.0574,1133.32,549.5,-1.7134,3153,2,19600,1
3327,1775616,1244.34,567,-1.2308,-0.015059,5.71895,0.532352,0.012672,0.0571,1132.36,548.9,-1.7105,3156,0,18000,1
3328,1775616,1188.79,517,-1.2197,-0.015059,5.71895,0.532352,0.012672,0.0571,1131.82,548.4,-1.7066,3157,1,18850,1
3329,1775616,1193.34,523,-1.2919,-0.015059,5.71895,0.532352,0.012672,0.0571,1131.29,548.0,-1.7027,3156,0,18550,1
3330,1775616,1202.09,546,-1.4132,-0.015059,5.71895,0.532352,0.012672,0.0571,1128.57,546.4,-1.7,3157,0,17850,1
3331,1777664,1239.91,547,-1.5077,-0.006355,2.726936,0.553507,0.007261,0.0469,1128.55,546.4,-1.6975,3149,1,20250,1
3332,1777664,636.75,678,-1.7975,-0.006355,2.726936,0.553507,0.007261,0.0469,1122.55,547.6,-1.6966,2471,0,200,0
3333,1777664,1257.03,612,-1.5427,-0.006355,2.726936,0.553507,0.007261,0.0469,1122.73,548.1,-1.6933,3149,2,21700,1
3334,1777664,1189.11,533,-1.548,-0.006355,2.726936,0.553507,0.007261,0.0469,1122.28,547.2,-1.6904,3161,1,18400,1
3335,1779712,578.54,273,-1.5631,-0.011346,3.024367,0.590643,0.012425,0.0642,1115.85,543.0,-1.6884,2469,0,100,0
3336,1779712,1282.8,644,-1.6154,-0.011346,3.024367,0.590643,0.012425,0.0642,1116.0,543.5,-1.6882,3151,2,23050,1
3337,1779712,1239.88,542,-1.5636,-0.011346,3.024367,0.590643,0.012425,0.0642,1116.66,543.4,-1.6879,3151,1,21500,1
3338,1779712,554.26,654,-2.1389,-0.011346,3.024367,0.590643,0.012425,0.0642,1109.73,544.3,-1.6935,2470,0,100,0
3339,1781760,1000.9,459,-1.2955,-0.004256,1.553207,0.729307,0.006185,0.0613,1107.38,542.7,-1.6898,3156,0,18800,1
3340,1781760,1185.66,539,-1.0849,-0.004256,1.553207,0.729307,0.006185,0.0613,1109.32,543.6,-1.684,3149,0,18050,1
3341,1781760,1314.74,602,-1.1487,-0.004256,1.553207,0.729307,0.006185,0.0613,1111.44,544.0,-1.6781,3161,2,21000,1
3342,1781760,558.09,468,-1.3154,-0.004256,1.553207,0.729307,0.006185,0.0613,1103.85,542.6,-1.6738,2467,0,100,0
3343,1783808,425.81,198,-0.8234,-0.012,2.455821,0.644309,0.009898,0.0669,1095.79,538.5,-1.6644,1799,1,400,0
3344,1783808,1171.3,540,-0.8393,-0.012,2.455821,0.644309,0.009898,0.0669,1095.59,538.6,-1.6553,3154,0,19750,1
3345,1783808,1243.45,570,-0.9266,-0.012,2.455821,0.644309,0.009898,0.0669,1094.27,538.0,-1.6468,3161,1,20650,1
3346,1783808,1265.09,596,-0.9292,-0.012,2.455821,0.644309,0.009898,0.0669,1094.92,538.4,-1.6381,3152,1,21100,1
3347,1783808,574.36,300,-1.0215,-0.012,2.455821,0.644309,0.009898,0.0669,1088.02,535.3,-1.6292,2468,0,100,0
3348,1785856,1257.24,588,-1.0393,-0.013303,3.862573,0.592867,0.019069,0.0723,1088.17,535.4,-1.6205,3161,1,22000,1
3349,1785856,420.8,193,-1.2335,-0.013303,3.862573,0.592867,0.019069,0.0723,1079.68,531.5,-1.6132,1794,0,200,0
3350,1785856,1189.57,511,-1.1728,-0.013303,3.862573,0.592867,0.019069,0.0723,1085.2,533.7,-1.6059,3153,0,19650,1
3351,1787904,1240.24,595,-1.2119,-0.019898,5.462055,0.526581,0.020078,0.0686,1085.28,533.6,-1.5979,3156,0,17600,1
3352,1787904,1282.83,602,-1.2017,-0.019898,5.462055,0.526581,0.020078,0.0686,1093.91,537.6,-1.5906,3156,0,18450,1
3353,1787904,569.15,260,-1.4953,-0.019898,5.462055,0.526581,0.020078,0.0686,1087.11,534.4,-1.5854,2469,0,100,0
3354,1787904,1252.24,557,-1.418,-0.019898,5.462055,0.526581,0.020078,0.0686,1093.32,537.2,-1.5804,3161,0,18500,1
3355,1789952,1255.11,565,-1.514,-0.014804,6.070625,0.438832,0.017693,0.0662,1101.36,540.9,-1.5765,3156,0,18400,1
3356,1789952,1249.29,597,-1.5272,-0.014804,6.070625,0.438832,0.017693,0.0662,1101.98,541.2,-1.5722,3161,2,18250,1
3357,1789952,1213.78,568,-1.6668,-0.014804,6.070625,0.438832,0.017693,0.0662,1101.02,540.7,-1.5688,3155,0,20050,1
3358,1789952,1178.22,539,-1.688,-0.014804,6.070625,0.438832,0.017693,0.0662,1099.98,540.1,-1.5655,3161,0,18100,1
3359,1792000,1139.03,517,-1.7717,-0.017041,5.211252,0.49611,0.019382,0.0703,1099.44,539.5,-1.5629,3156,0,18550,1
3360,1792000,1249.31,577,-1.8178,-0.017041,5.211252,0.49611,0.019382,0.0703,1099.45,539.5,-1.5607,3161,2,18550,1
3361,1792000,1193.75,526,-1.8854,-0.017041,5.211252,0.49611,0.019382,0.0703,1099.64,538.0,-1.5583,3161,0,17500,1
3362,1792000,1237.47,563,-1.9372,-0.017041,5.211252,0.49611,0.019382,0.0703,1099.62,537.8,-1.5575,3156,0,18050,1
3363,1794048,1241.29,551,-1.9628,-0.018862,5.553512,0.518087,0.016253,0.0713,1100.58,537.7,-1.5573,3161,1,18500,1
3364,1794048,1187.67,546,-1.9875,-0.018862,5.553512,0.518087,0.016253,0.0713,1100.15,537.6,-1.5572,3157,0,20500,1
3365,1794048,416.18,197,-2.0219,-0.018862,5.553512,0.518087,0.016253,0.0713,1092.07,533.5,-1.5573,1796,0,200,0
3366,1794048,1222.04,563,-2.043,-0.018862,5.553512,0.518087,0.016253,0.0713,1100.06,537.1,-1.5574,3154,0,18000,1
3367,1794048,1136.98,517,-2.0591,-0.018862,5.553512,0.518087,0.016253,0.0713,1098.8,536.7,-1.5581,3161,0,20600,1
3368,1796096,1250.15,554,-2.0668,-0.014881,5.516064,0.41705,0.017095,0.0608,1107.06,540.4,-1.5585,3161,0,18300,1
3369,1796096,1196.28,565,-2.103,-0.014881,5.516064,0.41705,0.017095,0.0608,1107.04,540.6,-1.5595,3161,2,18400,1
3370,1796096,1184.97,558,-2.1126,-0.014881,5.516064,0.41705,0.017095,0.0608,1106.44,540.4,-1.5603,3161,0,17950,1
3371,1798144,1185.73,543,-2.1038,-0.014313,5.290195,0.512563,0.019511,0.0676,1112.67,543.2,-1.5604,3152,0,17650,1
3372,1798144,993.41,441,-2.0998,-0.014313,5.290195,0.512563,0.019511,0.0676,1109.31,541.5,-1.561,3150,0,19150,1
3373,1798144,1270.65,597,-2.1646,-0.014313,5.290195,0.512563,0.019511,0.0676,1110.05,541.9,-1.5623,3156,1,18250,1
3374,1800192,1306.25,623,-2.185,-0.017668,5.572957,0.557809,0.018558,0.0725,1110.69,542.4,-1.5638,3157,2,20600,1
3375,1800192,1202.38,535,-2.1318,-0.017668,5.572957,0.557809,0.018558,0.0725,1110.21,539.8,-1.5629,3152,0,17700,1
3376,1800192,1192.22,531,-2.1841,-0.017668,5.572957,0.557809,0.018558,0.0725,1110.27,539.7,-1.5651,3157,0,17750,1
3377,1800192,1250.73,581,-2.2265,-0.017668,5.572957,0.557809,0.018558,0.0725,1110.93,540.1,-1.5678,3157,0,21200,1
3378,1802240,1177.79,556,-2.2459,-0.016489,4.983893,0.551735,0.018566,0.0757,1109.45,539.7,-1.5727,3149,0,18050,1
3379,1802240,1232.38,581,-2.2539,-0.016489,4.983893,0.551735,0.018566,0.0757,1109.36,539.8,-1.5783,3155,0,18100,1
3380,1802240,1240.39,559,-2.2311,-0.016489,4.983893,0.551735,0.018566,0.0757,1109.87,539.9,-1.5835,3151,1,19150,1
3381,1802240,590.69,266,-2.142,-0.016489,4.983893,0.551735,0.018566,0.0757,1103.82,537.1,-1.5878,2466,0,100,0
3382,1802240,660.48,333,-2.1712,-0.016489,4.983893,0.551735,0.018566,0.0757,1099.54,535.7,-1.5912,2471,0,200,0
3383,1804288,1235.56,576,-2.2091,-0.013706,4.415186,0.46721,0.020058,0.0515,1099.47,535.6,-1.5945,3161,0,18450,1
3384,1804288,1208.3,544,-2.1795,-0.013706,4.415186,0.46721,0.020058,0.0515,1097.76,533.6,-1.5973,3152,2,18300,1
3385,1804288,1234.43,572,-2.1674,-0.013706,4.415186,0.46721,0.020058,0.0515,1097.67,533.3,-1.6001,3157,1,19000,1
3386,1804288,1253.77,562,-2.1284,-0.013706,4.415186,0.46721,0.020058,0.0515,1103.85,535.3,-1.6014,3161,0,19150,1
3387,1806336,648.29,290,-2.008,-0.017226,5.463929,0.54871,0.018183,0.0647,1097.44,532.1,-1.6021,2470,0,200,0
3388,1806336,1255.07,601,-2.2045,-0.017226,5.463929,0.54871,0.018183,0.0647,1098.57,533.0,-1.605,3155,0,18350,1
3389,1806336,1233.83,574,-2.191,-0.017226,5.463929,0.54871,0.018183,0.0647,1106.18,536.6,-1.6084,3161,0,18100,1
3390,1808384,1216.03,534,-2.1916,-0.012352,4.06065,0.632222,0.011579,0.0381,1106.46,536.5,-1.6113,3157,1,20050,1
3391,1808384,1222.59,610,-2.2287,-0.012352,4.06065,0.632222,0.011579,0.0381,1106.46,536.7,-1.6141,3155,0,17950,1
3392,1808384,456.16,213,-2.0777,-0.012352,4.06065,0.632222,0.011579,0.0381,1099.12,533.1,-1.6155,1944,0,100,0
3393,1808384,1175.77,619,-2.102,-0.012352,4.06065,0.632222,0.011579,0.0381,1098.91,533.4,-1.617,3161,1,17650,1
3394,1810432,1202.41,611,-2.0431,-0.01524,4.076312,0.546885,0.02087,0.0583,1096.54,532.3,-1.6175,3153,0,17250,1
3395,1810432,1198.19,564,-2.0345,-0.01524,4.076312,0.546885,0.02087,0.0583,1102.77,535.0,-1.6182,3154,3,22000,1
3396,1810432,1246.22,591,-2.0614,-0.01524,4.076312,0.546885,0.02087,0.0583,1104.34,536.2,-1.6191,3150,0,18150,1
3397,1810432,1233.77,563,-2.0741,-0.01524,4.076312,0.546885,0.02087,0.0583,1104.43,536.0,-1.6196,3157,0,18200,1
3398,1812480,565.4,443,-2.2062,-0.012274,2.657286,0.644324,0.012096,0.0554,1097.71,534.5,-1.6235,2470,0,100,0
3399,1812480,1133.54,489,-1.8872,-0.012274,2.657286,0.644324,0.012096,0.0554,1097.0,529.6,-1.6231,3161,1,18050,1
3400,1812480,804.49,350,-1.5774,-0.012274,2.657286,0.644324,0.012096,0.0554,1091.69,526.7,-1.624,2467,0,200,0
3401,1812480,1365.41,675,-1.8428,-0.012274,2.657286,0.644324,0.012096,0.0554,1101.1,531.5,-1.6343,3161,6,24650,1
3402,1814528,1265.61,593,-1.453,-0.017412,4.424462,0.567863,0.022758,0.0635,1102.06,532.3,-1.6397,3152,1,21200,1
3403,1814528,1179.36,557,-1.4702,-0.017412,4.424462,0.567863,0.022758,0.0635,1109.72,536.0,-1.6449,3155,0,17950,1
3404,1814528,1212.83,576,-1.501,-0.017412,4.424462,0.567863,0.022758,0.0635,1109.56,536.0,-1.65,3161,1,17950,1
3405,1814528,1200.3,564,-1.4838,-0.017412,4.424462,0.567863,0.022758,0.0635,1112.1,537.2,-1.6536,3155,0,17200,1
3406,1816576,515.82,245,-1.4806,-0.013984,5.570541,0.545324,0.014321,0.0654,1104.36,533.4,-1.657,1798,0,300,0
3407,1816576,497.06,214,-1.5015,-0.013984,5.570541,0.545324,0.014321,0.0654,1097.36,530.0,-1.6605,1800,0,300,0
3408,1816576,1233.56,537,-1.6216,-0.013984,5.570541,0.545324,0.014321,0.0654,1099.32,530.5,-1.6655,3161,0,18500,1
3409,1816576,1246.69,595,-1.6741,-0.013984,5.570541,0.545324,0.014321,0.0654,1099.42,528.2,-1.6679,3151,0,21000,1
3410,1818624,1090.51,577,-1.7948,-0.010436,2.587728,0.656926,0.011854,0.0635,1098.0,528.2,-1.6742,3152,0,19300,1
3411,1818624,571.79,360,-1.752,-0.010436,2.587728,0.656926,0.011854,0.0635,1091.94,526.6,-1.6796,2470,0,100,0
3412,1818624,1302.14,637,-1.7431,-0.010436,2.587728,0.656926,0.011854,0.0635,1093.08,527.8,-1.6825,3156,1,20100,1
3413,1818624,1201.68,686,-1.6513,-0.010436,2.587728,0.656926,0.011854,0.0635,1092.48,528.4,-1.6841,3155,0,20250,1
3414,1818624,450.65,311,-1.5706,-0.010436,2.587728,0.656926,0.011854,0.0635,1085.18,526.2,-1.6849,1796,0,300,0
3415,1820672,1239.16,579,-1.4658,-0.015251,2.92075,0.680026,0.013906,0.0571,1085.6,526.4,-1.6834,3151,2,18450,1
3416,1820672,1241.32,555,-1.5025,-0.015251,2.92075,0.680026,0.013906,0.0571,1087.44,527.3,-1.6813,3151,0,18400,1
3417,1822720,1229.53,568,-1.4823,-0.011728,1.311938,0.894491,0.010157,0.0664,1087.35,527.2,-1.6788,3157,0,18200,1
3418,1822720,1267.63,613,-1.1898,-0.011728,1.311938,0.894491,0.010157,0.0664,1086.93,527.0,-1.6752,3161,2,19250,1
3419,1822720,1234.02,529,-0.8148,-0.011728,1.311938,0.894491,0.010157,0.0664,1085.29,526.1,-1.6718,3157,0,18200,1
3420,1824768,1190.99,530,-0.5652,-0.00946,1.111805,0.899805,0.003314,0.0708,1092.08,520.4,-1.6566,3151,1,19750,1
3421,1826816,1252.45,561,-0.5053,-0.007412,0.792556,1.101093,0.007247,0.0913,1092.73,520.8,-1.6514,3157,0,18100,1
3422,1826816,1216.76,765,-0.6502,-0.007412,0.792556,1.101093,0.007247,0.0913,1092.85,523.1,-1.6492,3156,1,19650,1
3423,1826816,1220.65,906,-0.8187,-0.007412,0.792556,1.101093,0.007247,0.0913,1093.55,527.2,-1.6493,3156,0,14700,1
3424,1826816,419.37,193,-0.2417,-0.007412,0.792556,1.101093,0.007247,0.0913,1085.88,523.4,-1.6427,1781,0,100,0
3425,1828864,1264.08,2577,-1.4738,-0.010327,1.506013,0.683538,0.013093,0.0771,1085.51,542.5,-1.6475,3161,3,19700,1
3426,1828864,1197.4,537,-0.3233,-0.010327,1.506013,0.683538,0.013093,0.0771,1084.44,542.1,-1.6404,3161,1,18200,1
3427,1828864,1258.35,551,-0.3379,-0.010327,1.506013,0.683538,0.013093,0.0771,1084.58,541.9,-1.6315,3156,1,18400,1
3428,1828864,1242.68,550,-0.3777,-0.010327,1.506013,0.683538,0.013093,0.0771,1085.11,542.3,-1.623,3149,0,20250,1
3429,1830912,1226.0,541,-0.5794,-0.011218,5.007144,0.516763,0.01824,0.0632,1085.44,542.4,-1.6159,3161,0,18400,1
3430,1830912,1223.83,542,-0.6748,-0.011218,5.007144,0.516763,0.01824,0.0632,1085.66,542.4,-1.6085,3156,0,21700,1
3431,1830912,1210.36,625,-0.7899,-0.011218,5.007144,0.516763,0.01824,0.0632,1085.36,543.2,-1.6014,3149,0,17300,1
3432,1830912,1257.24,576,-0.8691,-0.011218,5.007144,0.516763,0.01824,0.0632,1091.57,542.2,-1.5921,3157,1,18450,1
3433,1832960,1203.89,544,-1.1622,-0.018208,6.25538,0.50172,0.023095,0.0688,1091.04,541.5,-1.5883,3156,0,18300,1
3434,1832960,1250.04,573,-1.2322,-0.018208,6.25538,0.50172,0.023095,0.0688,1091.65,541.9,-1.5851,3157,0,17700,1
3435,1832960,1259.71,561,-1.2619,-0.018208,6.25538,0.50172,0.023095,0.0688,1098.46,544.8,-1.5821,3151,1,18700,1
3436,1832960,1330.48,603,-1.3496,-0.018208,6.25538,0.50172,0.023095,0.0688,1098.93,544.4,-1.5794,3161,0,19000,1
3437,1835008,1232.79,570,-1.5804,-0.016414,6.630452,0.521472,0.026218,0.0801,1098.86,544.6,-1.5796,3153,0,18400,1
3438,1835008,1140.95,526,-1.7685,-0.016414,6.630452,0.521472,0.026218,0.0801,1104.73,543.4,-1.5759,3151,0,20150,1
3439,1835008,1299.19,615,-1.7015,-0.016414,6.630452,0.521472,0.026218,0.0801,1107.71,544.9,-1.58,3157,1,18800,1
3440,1837056,1240.68,552,-1.8795,-0.015284,3.933758,0.617359,0.017665,0.0686,1108.26,545.0,-1.5879,3161,0,18250,1
3441,1837056,1225.77,566,-1.8734,-0.015284,3.933758,0.617359,0.017665,0.0686,1107.37,544.7,-1.5952,3157,0,18350,1
3442,1837056,1230.64,558,-1.8677,-0.015284,3.933758,0.617359,0.017665,0.0686,1114.1,545.6,-1.6007,3161,0,18750,1
3443,1839104,687.47,313,-1.5087,-0.01061,1.368711,0.852332,0.014131,0.0908,1116.72,546.7,-1.6075,2024,0,400,0
3444,1839104,1244.58,574,-0.8023,-0.01061,1.368711,0.852332,0.014131,0.0908,1117.45,547.1,-1.6072,3157,0,18400,1
3445,1839104,1241.94,543,-0.7046,-0.01061,1.368711,0.852332,0.014131,0.0908,1117.43,546.8,-1.6049,3154,0,17950,1
3446,1841152,1224.68,872,-0.8359,-0.010828,0.996232,0.881576,0.008256,0.105,1117.03,549.6,-1.604,3156,0,16000,1
3447,1841152,1239.27,541,-0.3889,-0.010828,0.996232,0.881576,0.008256,0.105,1123.68,552.0,-1.5977,3161,0,18350,1
3448,1843200,1331.3,599,-0.4375,-0.008956,1.08255,0.929572,0.008631,0.0618,1124.42,552.1,-1.5917,3157,1,18800,1
3449,1843200,1098.49,2478,-1.6753,-0.008956,1.08255,0.929572,0.008631,0.0618,1131.2,574.9,-1.5961,3154,4,19650,1
3450,1843200,1229.58,547,-0.4148,-0.008956,1.08255,0.929572,0.008631,0.0618,1131.6,575.3,-1.5885,3161,0,19850,1
3451,1845248,1230.95,546,-0.4249,-0.010783,1.946563,0.645424,0.012072,0.0627,1131.5,574.8,-1.5806,3156,0,18650,1
3452,1845248,1243.92,544,-0.4502,-0.010783,1.946563,0.645424,0.012072,0.0627,1131.11,574.2,-1.5731,3156,0,18700,1
3453,1845248,1237.77,569,-0.6628,-0.010783,1.946563,0.645424,0.012072,0.0627,1137.8,577.3,-1.5648,3157,0,18850,1
3454,1845248,570.07,404,-0.9096,-0.010783,1.946563,0.645424,0.012072,0.0627,1130.98,575.8,-1.5597,2468,0,100,0
3455,1847296,1358.83,612,-0.7334,-0.007595,1.304474,0.774582,0.00734,0.0461,1132.02,576.2,-1.5519,3157,0,19250,1
3456,1847296,625.5,271,-0.7711,-0.007595,1.304474,0.774582,0.00734,0.0461,1125.78,573.0,-1.5443,2756,0,100,0
3457,1847296,1174.6,532,-0.7358,-0.007595,1.304474,0.774582,0.00734,0.0461,1125.39,572.6,-1.535,3157,0,18100,1
3458,1849344,1209.82,1089,-0.941,-0.007334,1.24749,0.799215,0.009015,0.071,1125.7,578.1,-1.5276,3161,1,13100,1
3459,1849344,545.36,666,-1.2625,-0.007334,1.24749,0.799215,0.009015,0.071,1119.77,579.6,-1.5225,2470,0,100,0
3460,1849344,1200.36,608,-0.7879,-0.007334,1.24749,0.799215,0.009015,0.071,1119.28,579.9,-1.5122,3156,1,17300,1
3461,1851392,558.38,619,-1.1457,-0.005664,1.408514,0.801567,0.006572,0.0706,1112.92,580.9,-1.5048,2474,0,100,0
3462,1851392,1251.03,598,-0.7673,-0.005664,1.408514,0.801567,0.006572,0.0706,1113.06,581.2,-1.4931,3153,0,19450,1
3463,1851392,1227.24,583,-0.7637,-0.005664,1.408514,0.801567,0.006572,0.0706,1112.92,581.5,-1.4811,3161,0,21200,1
3464,1853440,1199.55,630,-0.8771,-0.013993,3.971302,0.535405,0.015734,0.0637,1113.04,582.4,-1.47,3151,1,17850,1
3465,1853440,1183.43,533,-0.8256,-0.013993,3.971302,0.535405,0.015734,0.0637,1120.71,585.7,-1.458,3150,1,17900,1
3466,1853440,1185.26,514,-0.82,-0.013993,3.971302,0.535405,0.015734,0.0637,1120.34,585.2,-1.4458,3157,1,19650,1
3467,1853440,1228.96,572,-0.9362,-0.013993,3.971302,0.535405,0.015734,0.0637,1121.26,585.8,-1.4346,3157,0,18750,1
3468,1855488,1179.25,534,-1.2269,-0.018541,5.865067,0.473003,0.02686,0.0818,1120.55,585.6,-1.4262,3154,0,18150,1
3469,1855488,1241.18,560,-1.2193,-0.018541,5.865067,0.473003,0.02686,0.0818,1121.0,585.5,-1.4173,3157,0,18000,1
3470,1855488,1229.34,563,-1.2502,-0.018541,5.865067,0.473003,0.02686,0.0818,1121.44,585.6,-1.4087,3157,0,18650,1
3471,1855488,1229.86,548,-1.3455,-0.018541,5.865067,0.473003,0.02686,0.0818,1121.89,585.6,-1.4011,3161,0,20050,1
3472,1857536,1148.25,509,-1.4113,-0.014422,2.421248,0.617202,0.016604,0.0747,1123.43,586.3,-1.3942,3154,1,17600,1
3473,1857536,1199.88,565,-1.4364,-0.014422,2.421248,0.617202,0.016604,0.0747,1122.73,586.0,-1.387,3157,1,18100,1
3474,1857536,583.39,586,-1.7814,-0.014422,2.421248,0.617202,0.016604,0.0747,1115.5,585.6,-1.3829,2475,0,100,0
3475,1857536,1226.99,657,-1.4634,-0.014422,2.421248,0.617202,0.016604,0.0747,1115.74,586.9,-1.3762,3157,0,17400,1
3476,1859584,1226.52,547,-1.3716,-0.01397,2.486969,0.623726,0.017342,0.075,1116.09,587.0,-1.3681,3156,0,18400,1
3477,1859584,1235.09,577,-1.4121,-0.01397,2.486969,0.623726,0.017342,0.075,1115.93,587.0,-1.36,3156,0,20050,1
3478,1859584,1249.65,661,-1.4537,-0.01397,2.486969,0.623726,0.017342,0.075,1116.65,588.0,-1.352,3161,0,16900,1
3479,1859584,1186.95,548,-1.3735,-0.01397,2.486969,0.623726,0.017342,0.075,1116.19,587.7,-1.3432,3161,0,17750,1
3480,1861632,1232.13,564,-1.5135,-0.018476,4.802691,0.486013,0.027077,0.0808,1116.11,587.7,-1.3361,3156,0,19250,1
3481,1861632,1242.9,557,-1.5196,-0.018476,4.802691,0.486013,0.027077,0.0808,1122.63,590.6,-1.3298,3161,1,18400,1
3482,1861632,1303.06,681,-1.5988,-0.018476,4.802691,0.486013,0.027077,0.0808,1129.06,594.1,-1.3241,3154,1,20450,1
3483,1861632,1211.55,545,-1.5771,-0.018476,4.802691,0.486013,0.027077,0.0808,1128.82,593.8,-1.3178,3155,1,18300,1
3484,1863680,1231.44,565,-1.6994,-0.016054,3.926187,0.602458,0.015218,0.0627,1129.05,594.0,-1.313,3156,0,18150,1
3485,1863680,1243.4,555,-1.7175,-0.016054,3.926187,0.602458,0.015218,0.0627,1129.14,593.9,-1.3085,3161,0,18050,1
3486,1863680,1180.81,525,-1.7634,-0.016054,3.926187,0.602458,0.015218,0.0627,1128.41,593.5,-1.3048,3155,0,19750,1
3487,1865728,1211.17,585,-1.7681,-0.017288,5.481106,0.527547,0.019413,0.0659,1134.04,596.4,-1.3024,3161,0,18750,1
3488,1865728,1242.47,548,-1.9274,-0.017288,5.481106,0.527547,0.019413,0.0659,1133.91,595.9,-1.2997,3151,0,18100,1
3489,1865728,1158.47,523,-1.938,-0.017288,5.481106,0.527547,0.019413,0.0659,1133.16,595.4,-1.2971,3154,1,18800,1
3490,1867776,1198.16,542,-1.9981,-0.017212,7.139602,0.498012,0.019276,0.0818,1132.98,595.5,-1.2952,3150,0,18500,1
3491,1867776,1247.96,573,-2.0204,-0.017212,7.139602,0.498012,0.019276,0.0818,1133.24,595.1,-1.2931,3157,0,18850,1
3492,1867776,571.41,282,-1.9925,-0.017212,7.139602,0.498012,0.019276,0.0818,1134.39,595.8,-1.2923,2469,0,100,0
3493,1867776,1198.32,532,-2.0112,-0.017212,7.139602,0.498012,0.019276,0.0818,1134.61,594.9,-1.2914,3157,0,18150,1
3494,1867776,1204.89,575,-2.0312,-0.017212,7.139602,0.498012,0.019276,0.0818,1134.64,594.6,-1.2912,3157,2,18900,1
3495,1869824,1294.86,594,-2.092,-0.013384,5.455867,0.530687,0.017054,0.0483,1135.61,594.9,-1.2918,3157,1,19350,1
3496,1869824,564.78,299,-2.1936,-0.013384,5.455867,0.530687,0.017054,0.0483,1128.79,592.0,-1.2931,2466,0,100,0
3497,1869824,427.9,207,-2.1396,-0.013384,5.455867,0.530687,0.017054,0.0483,1120.73,588.4,-1.2938,1803,0,200,0
3498,1871872,1272.01,572,-2.1859,-0.010482,2.56204,0.723935,0.014013,0.0764,1127.8,589.7,-1.2936,3156,3,20350,1
3499,1871872,1205.99,545,-1.889,-0.010482,2.56204,0.723935,0.014013,0.0764,1128.52,590.2,-1.2936,3151,1,18350,1
3500,1871872,1204.97,543,-1.585,-0.010482,2.56204,0.723935,0.014013,0.0764,1132.53,592.2,-1.2937,3161,0,17850,1
3501,1873920,1328.57,614,-1.2348,-0.00448,1.234472,0.880777,-0.000225,0.0574,1132.16,591.6,-1.2876,3161,1,19700,1
3502,1873920,639.05,337,-0.9835,-0.00448,1.234472,0.880777,-0.000225,0.0574,1125.89,589.0,-1.2829,2753,0,0,0
3503,1873920,1300.44,582,-1.0266,-0.00448,1.234472,0.880777,-0.000225,0.0574,1127.1,589.2,-1.2785,3154,2,19950,1
3504,1873920,444.28,217,-0.6964,-0.00448,1.234472,0.880777,-0.000225,0.0574,1119.42,585.7,-1.2704,1772,0,100,0
3505,1875968,1228.79,549,-0.7008,-0.011337,1.273296,0.815674,0.002986,0.0952,1119.7,585.5,-1.2626,3157,0,18600,1
3506,1875968,1330.16,616,-0.7359,-0.011337,1.273296,0.815674,0.002986,0.0952,1127.85,589.2,-1.2552,3156,1,18700,1
3507,1878016,1068.87,2482,-1.7913,-0.012107,0.910989,1.060835,0.004228,0.1013,1133.56,611.9,-1.258,3161,0,19950,1
3508,1878016,1276.75,592,-0.5909,-0.012107,0.910989,1.060835,0.004228,0.1013,1134.0,612.5,-1.2477,3152,1,23600,1
3509,1878016,1192.65,522,-0.4788,-0.012107,0.910989,1.060835,0.004228,0.1013,1133.46,611.7,-1.2358,3150,0,18650,1
3510,1880064,1148.59,527,-0.4509,-0.012634,0.792811,1.07456,0.008088,0.074,1134.04,611.2,-1.2223,3150,0,20450,1
3511,1880064,1218.17,651,-0.4931,-0.012634,0.792811,1.07456,0.008088,0.074,1140.5,614.1,-1.2098,3157,0,19550,1
3512,1880064,1235.62,553,-0.3401,-0.012634,0.792811,1.07456,0.008088,0.074,1139.84,613.3,-1.1957,3156,0,18200,1
3513,1882112,505.08,222,-0.4953,-0.010806,1.247953,0.761306,0.011174,0.0945,1132.87,608.6,-1.1842,1796,0,300,0
3514,1882112,1227.37,584,-0.4299,-0.010806,1.247953,0.761306,0.011174,0.0945,1140.64,611.4,-1.1728,3157,0,21000,1
3515,1882112,1243.12,541,-0.4924,-0.010806,1.247953,0.761306,0.011174,0.0945,1140.68,611.0,-1.163,3161,0,18400,1
3516,1884160,1101.9,2452,-1.2698,-0.009113,1.224053,0.763796,0.00819,0.0654,1139.28,630.0,-1.1607,3161,4,19300,1
3517,1884160,1287.3,608,-0.6313,-0.009113,1.224053,0.763796,0.00819,0.0654,1139.86,630.4,-1.1522,3154,0,19000,1
3518,1884160,1235.97,569,-0.5843,-0.009113,1.224053,0.763796,0.00819,0.0654,1139.54,629.9,-1.1461,3161,0,17600,1
3519,1884160,1002.63,460,-0.6697,-0.009113,1.224053,0.763796,0.00819,0.0654,1137.23,629.2,-1.1447,3161,0,19250,1
3520,1886208,1247.21,611,-0.7655,-0.012357,2.024621,0.597465,0.010886,0.0598,1137.79,630.0,-1.1467,3161,0,17550,1
3521,1886208,717.04,376,-1.0312,-0.012357,2.024621,0.597465,0.010886,0.0598,1132.44,628.2,-1.1519,2761,0,200,0
3522,1886208,1338.01,651,-0.8772,-0.012357,2.024621,0.597465,0.010886,0.0598,1133.65,627.1,-1.1542,3154,1,20750,1
3523,1888256,1228.16,552,-1.1155,-0.015714,2.907868,0.578304,0.017053,0.0581,1133.73,623.5,-1.1572,3157,0,18600,1
3524,1888256,1247.76,536,-1.1361,-0.015714,2.907868,0.578304,0.017053,0.0581,1142.01,627.0,-1.1661,3155,0,18700,1
3525,1890304,1217.7,565,-1.2213,-0.010977,1.267819,0.767715,0.014012,0.0779,1141.55,606.8,-1.1636,3161,0,18100,1
3526,1890304,1292.8,583,-0.899,-0.010977,1.267819,0.767715,0.014012,0.0779,1142.5,607.3,-1.1694,3161,1,20250,1
3527,1890304,1253.35,563,-0.8266,-0.010977,1.267819,0.767715,0.014012,0.0779,1142.45,607.4,-1.1743,3161,1,18850,1
3528,1892352,574.02,272,-0.3549,-0.011238,0.763501,1.082445,0.006139,0.0862,1135.76,604.6,-1.174,2472,0,100,0
3529,1892352,1246.24,551,-0.2193,-0.011238,0.763501,1.082445,0.006139,0.0862,1135.97,604.7,-1.1704,3161,0,18600,1
3530,1894400,1197.72,1004,-0.7036,-0.009353,1.166782,0.775151,0.010067,0.0588,1135.7,609.4,-1.1707,3152,0,18500,1
3531,1894400,1081.93,2524,-1.4094,-0.009353,1.166782,0.775151,0.010067,0.0588,1134.42,628.3,-1.1769,3156,4,19450,1
3532,1894400,1397.04,662,-0.3009,-0.009353,1.166782,0.775151,0.010067,0.0588,1135.82,629.2,-1.1712,3161,3,22850,1
3533,1894400,1331.36,571,-0.3484,-0.009353,1.166782,0.775151,0.010067,0.0588,1137.09,629.5,-1.1631,3152,1,21900,1
3534,1896448,1312.38,604,-0.4954,-0.013589,2.161068,0.636856,0.014168,0.074,1137.72,629.8,-1.1557,3157,1,21850,1
3535,1896448,1235.87,542,-0.5764,-0.013589,2.161068,0.636856,0.014168,0.074,1137.48,629.6,-1.1489,3156,0,18500,1
3536,1896448,1245.68,550,-0.615,-0.013589,2.161068,0.636856,0.014168,0.074,1136.63,629.1,-1.1415,3151,0,19950,1
3537,1898496,1231.97,522,-0.8827,-0.014811,5.403827,0.447893,0.021207,0.0586,1136.62,628.6,-1.1345,3157,0,18650,1
3538,1898496,1240.56,543,-1.1037,-0.014811,5.403827,0.447893,0.021207,0.0586,1137.62,628.8,-1.1279,3155,0,18200,1
3539,1900544,1254.91,552,-0.9005,-0.00982,1.009041,0.95754,0.008203,0.0688,1137.18,628.1,-1.1199,3157,0,19250,1
3540,1900544,1226.42,542,-0.4228,-0.00982,1.009041,0.95754,0.008203,0.0688,1137.03,628.0,-1.1053,3153,0,18400,1
3541,1902592,1228.15,523,0.0051,-0.008477,0.678253,1.082424,0.001339,0.0615,1137.06,627.6,-1.0865,3157,0,18650,1
3542,1902592,966.02,474,-0.0706,-0.008477,0.678253,1.082424,0.001339,0.0615,1134.41,626.8,-1.0686,3161,0,19050,1
3543,1904640,1252.4,565,0.0715,-0.012455,0.677979,1.055773,0.020496,0.1436,1140.06,629.3,-1.0528,3154,1,18400,1
3544,1904640,1299.34,597,0.0177,-0.012455,0.677979,1.055773,0.020496,0.1436,1140.61,629.5,-1.0446,3161,3,20550,1
3545,1904640,1182.01,2552,-1.1842,-0.012455,0.677979,1.055773,0.020496,0.1436,1140.01,649.6,-1.0494,3157,7,21550,1
3546,1906688,1069.79,2456,-1.1644,-0.006397,0.772309,1.024822,0.002346,0.0813,1138.46,665.4,-1.0526,3161,4,19350,1
3547,1906688,1153.28,566,-0.0915,-0.006397,0.772309,1.024822,0.002346,0.0813,1137.6,665.7,-1.0497,3153,0,19100,1
3548,1906688,1227.08,551,0.0001,-0.006397,0.772309,1.024822,0.002346,0.0813,1136.56,665.2,-1.0453,3155,0,18200,1
3549,1906688,1229.01,568,-0.0145,-0.006397,0.772309,1.024822,0.002346,0.0813,1137.86,646.1,-1.0287,3161,0,18100,1
3550,1908736,1233.56,534,-0.1578,-0.011673,2.778345,0.471249,0.015403,0.0654,1137.9,646.0,-1.0261,3154,0,19650,1
3551,1908736,420.32,197,-0.5932,-0.011673,2.778345,0.471249,0.015403,0.0654,1129.8,642.5,-1.0278,1783,0,100,0
3552,1908736,1349.56,605,-0.3347,-0.011673,2.778345,0.471249,0.015403,0.0654,1130.85,643.1,-1.0266,3150,1,18950,1
3553,1910784,1261.9,543,-0.5228,-0.010914,6.695653,0.378771,0.016889,0.0649,1131.09,642.8,-1.0252,3161,1,20350,1
3554,1910784,1257.02,564,-0.7768,-0.010914,6.695653,0.378771,0.016889,0.0649,1137.96,644.4,-1.0239,3150,1,18500,1
3555,1910784,1231.64,595,-0.8369,-0.010914,6.695653,0.378771,0.016889,0.0649,1136.69,644.3,-1.0249,3157,0,18650,1
3556,1910784,1237.69,536,-0.9949,-0.010914,6.695653,0.378771,0.016889,0.0649,1142.81,646.9,-1.0272,3155,0,18500,1
3557,1912832,1232.85,548,-1.2197,-0.016991,6.628519,0.401117,0.027088,0.074,1143.39,647.1,-1.032,3161,0,18500,1
3558,1912832,1254.61,555,-1.3841,-0.016991,6.628519,0.401117,0.027088,0.074,1143.84,641.7,-1.0365,3161,1,18950,1
3559,1912832,1264.33,573,-1.4028,-0.016991,6.628519,0.401117,0.027088,0.074,1151.03,640.8,-1.0379,3149,1,18250,1
3560,1914880,1272.61,669,-1.4825,-0.011891,4.857596,0.492033,0.014091,0.0754,1151.75,641.4,-1.0448,3153,0,17900,1
3561,1914880,1302.92,594,-1.5895,-0.011891,4.857596,0.492033,0.014091,0.0754,1159.2,641.2,-1.0492,3156,1,18650,1
3562,1914880,1239.94,546,-1.6608,-0.011891,4.857596,0.492033,0.014091,0.0754,1159.09,640.6,-1.0582,3156,0,18100,1
3563,1914880,1254.78,570,-1.6911,-0.011891,4.857596,0.492033,0.014091,0.0754,1159.36,640.5,-1.0674,3157,1,18700,1
3564,1916928,1252.01,554,-1.7873,-0.015404,6.469421,0.474473,0.019468,0.0759,1159.89,639.8,-1.0766,3161,0,18950,1
3565,1916928,1260.25,571,-1.8072,-0.015404,6.469421,0.474473,0.019468,0.0759,1160.66,640.1,-1.0864,3161,1,19100,1
3566,1916928,1244.64,580,-1.8158,-0.015404,6.469421,0.474473,0.019468,0.0759,1161.25,640.8,-1.0963,3153,0,17750,1
3567,1916928,1140.7,525,-1.8409,-0.015404,6.469421,0.474473,0.019468,0.0759,1160.37,640.3,-1.1054,3154,4,22350,1
3568,1918976,1284.34,602,-1.9433,-0.016216,6.290601,0.448401,0.018018,0.0613,1161.42,641.0,-1.1125,3150,2,19500,1
3569,1918976,1231.6,522,-1.9556,-0.016216,6.290601,0.448401,0.018018,0.0613,1161.32,640.6,-1.1199,3153,0,18450,1
3570,1918976,1242.79,525,-2.0196,-0.016216,6.290601,0.448401,0.018018,0.0613,1161.46,640.2,-1.1276,3161,0,21500,1
3571,1918976,1258.29,567,-1.9681,-0.016216,6.290601,0.448401,0.018018,0.0613,1161.74,640.4,-1.1338,3157,0,18850,1
3572,1918976,647.55,301,-2.0339,-0.016216,6.290601,0.448401,0.018018,0.0613,1156.74,638.4,-1.14,2850,0,200,0
3573,1921024,1266.38,607,-2.0785,-0.016667,5.277449,0.513122,0.021035,0.0798,1157.4,638.8,-1.1465,3161,0,18000,1
3574,1921024,1239.56,544,-2.1517,-0.016667,5.277449,0.513122,0.021035,0.0798,1163.96,638.4,-1.1502,3161,0,18500,1
3575,1921024,1299.65,574,-2.1756,-0.016667,5.277449,0.513122,0.021035,0.0798,1164.69,637.5,-1.1573,3149,2,18750,1
3576,1923072,1325.62,631,-2.1812,-0.016364,7.117955,0.455383,0.024348,0.084,1165.68,638.4,-1.1654,3152,0,18300,1
3577,1923072,1231.83,552,-2.2463,-0.016364,7.117955,0.455383,0.024348,0.084,1165.65,638.1,-1.1737,3152,0,17900,1
3578,1923072,1142.06,554,-2.2688,-0.016364,7.117955,0.455383,0.024348,0.084,1164.57,637.0,-1.1819,3156,1,19400,1
3579,1925120,1141.23,716,-2.0643,-0.005056,2.818935,0.638076,0.014745,0.0676,1164.11,638.7,-1.1888,3161,0,19050,1
3580,1925120,1289.56,580,-1.7427,-0.005056,2.818935,0.638076,0.014745,0.0676,1164.69,638.9,-1.1911,3161,3,19650,1
3581,1927168,1259.5,572,-1.3698,-0.011274,1.378846,0.832097,0.013612,0.0803,1164.85,639.0,-1.1896,3154,1,17850,1
3582,1927168,1193.82,531,-1.1351,-0.011274,1.378846,0.832097,0.013612,0.0803,1163.76,637.5,-1.1849,3161,0,18100,1
3583,1927168,986.8,554,-1.0484,-0.011274,1.378846,0.832097,0.013612,0.0803,1161.51,637.6,-1.1797,3154,0,20450,1
3584,1929216,1288.47,584,-0.7269,-0.009721,1.000804,0.851608,0.010008,0.0618,1162.08,637.8,-1.1699,3155,2,18650,1
3585,1929216,501.02,343,-0.7999,-0.009721,1.000804,0.851608,0.010008,0.0618,1154.66,635.7,-1.1608,1795,0,600,0
3586,1929216,1086.62,687,-0.9066,-0.009721,1.000804,0.851608,0.010008,0.0618,1153.72,637.3,-1.1522,3151,0,15900,1
3587,1931264,1153.91,514,-0.5836,-0.006675,1.067085,0.865403,0.004809,0.0679,1153.15,636.6,-1.1403,3161,0,18900,1
3588,1931264,1209.89,540,-0.565,-0.006675,1.067085,0.865403,0.004809,0.0679,1152.82,636.5,-1.1267,3161,1,18200,1
3589,1931264,1231.54,556,-0.5785,-0.006675,1.067085,0.865403,0.004809,0.0679,1153.55,636.9,-1.1131,3152,0,17900,1
3590,1933312,1105.57,2512,-1.6787,-0.013317,1.333674,0.765986,0.009683,0.0554,1152.63,656.5,-1.1099,3161,5,19050,1
3591,1933312,1299.05,586,-0.6319,-0.013317,1.333674,0.765986,0.009683,0.0554,1153.14,656.7,-1.096,3153,2,18900,1
3592,1933312,1239.1,558,-0.6338,-0.013317,1.333674,0.765986,0.009683,0.0554,1159.81,659.4,-1.0825,3161,0,18150,1
3593,1935360,1235.51,534,-0.7184,-0.015153,3.539946,0.541021,0.014943,0.051,1160.19,659.5,-1.0695,3152,0,18300,1
3594,1935360,1238.09,548,-0.8207,-0.015153,3.539946,0.541021,0.014943,0.051,1160.52,659.2,-1.0574,3155,0,18750,1
3595,1935360,1401.04,634,-0.9285,-0.015153,3.539946,0.541021,0.014943,0.051,1161.58,659.6,-1.0458,3161,2,19050,1
3596,1937408,996.42,535,-0.9631,-0.013151,1.177973,0.877325,0.007879,0.0725,1165.9,662.0,-1.0335,3157,0,19300,1
3597,1937408,1003.85,474,-0.9022,-0.013151,1.177973,0.877325,0.007879,0.0725,1171.65,664.6,-1.0211,3157,0,19100,1
3598,1937408,1250.27,557,-0.7375,-0.013151,1.177973,0.877325,0.007879,0.0725,1171.44,664.5,-1.0066,3157,0,18350,1
3599,1939456,1254.5,555,-0.7308,-0.006318,1.260708,0.731547,0.007595,0.0479,1171.92,664.6,-0.995,3161,0,20250,1
3600,1939456,1243.69,551,-0.7447,-0.006318,1.260708,0.731547,0.007595,0.0479,1172.31,664.6,-0.9866,3161,1,18900,1
3601,1941504,1291.62,582,-0.764,-0.008898,1.160941,0.790324,0.006762,0.0603,1171.94,664.3,-0.9819,3156,1,18900,1
3602,1941504,939.2,462,-0.775,-0.008898,1.160941,0.790324,0.006762,0.0603,1174.94,665.6,-0.9799,3152,0,18450,1
3603,1941504,866.94,2417,-1.4335,-0.008898,1.160941,0.790324,0.006762,0.0603,1170.61,683.9,-0.9839,3157,4,19700,1
3604,1941504,1262.41,577,-0.7452,-0.008898,1.160941,0.790324,0.006762,0.0603,1178.79,687.5,-0.9844,3161,1,18450,1
3605,1943552,1254.29,570,-0.7644,-0.010833,1.916885,0.526532,0.012745,0.0625,1179.04,687.7,-0.985,3161,0,17900,1
3606,1943552,1232.41,586,-0.8095,-0.010833,1.916885,0.526532,0.012745,0.0625,1178.07,687.4,-0.9858,3155,0,18200,1
3607,1943552,1240.98,521,-0.8301,-0.010833,1.916885,0.526532,0.012745,0.0625,1179.79,667.8,-0.9762,3156,0,18600,1
3608,1943552,1301.97,601,-0.8708,-0.010833,1.916885,0.526532,0.012745,0.0625,1180.04,667.9,-0.979,3149,2,19000,1
3609,1945600,570.34,258,-0.9777,-0.016801,6.36549,0.440651,0.02188,0.0798,1173.82,665.3,-0.984,2472,0,100,0
3610,1945600,1251.61,560,-1.1462,-0.016801,6.36549,0.440651,0.02188,0.0798,1174.85,665.6,-0.9909,3157,0,18000,1
3611,1945600,1329.6,587,-1.3208,-0.016801,6.36549,0.440651,0.02188,0.0798,1175.96,665.0,-0.9992,3154,2,20050,1
3612,1947648,1290.97,627,-1.2833,-0.013834,1.47836,0.774306,0.013585,0.0708,1176.51,665.7,-1.0086,3155,1,20250,1
3613,1947648,1236.4,543,-1.0944,-0.013834,1.47836,0.774306,0.013585,0.0708,1183.83,668.9,-1.0146,3149,0,18400,1
3614,1947648,1251.05,547,-0.8444,-0.013834,1.47836,0.774306,0.013585,0.0708,1184.06,668.5,-1.0188,3161,1,18500,1
3615,1949696,1247.1,569,-0.7353,-0.009281,1.250301,0.720299,0.006805,0.0718,1184.1,668.8,-1.0212,3157,1,19150,1
3616,1951744,1300.69,565,-0.6954,-0.011228,0.939283,0.916919,0.008909,0.1067,1186.09,650.0,-1.0154,3152,1,19150,1
3617,1951744,1162.95,517,-0.5859,-0.011228,0.939283,0.916919,0.008909,0.1067,1184.85,649.0,-1.015,3155,0,21050,1
3618,1951744,571.71,341,-0.5795,-0.011228,0.939283,0.916919,0.008909,0.1067,1178.21,646.8,-1.0149,2467,0,100,0
3619,1953792,1098.6,2510,-1.4821,-0.007048,0.677015,1.091915,0.007086,0.0833,1179.17,667.3,-1.0231,3157,4,18750,1
3620,1953792,1233.84,538,-0.2649,-0.007048,0.677015,1.091915,0.007086,0.0833,1179.03,666.5,-1.0181,3150,0,19850,1
3621,1953792,443.95,209,-0.0758,-0.007048,0.677015,1.091915,0.007086,0.0833,1176.3,664.9,-1.0085,1794,0,200,0
3622,1953792,1238.47,533,-0.1641,-0.007048,0.677015,1.091915,0.007086,0.0833,1175.31,663.7,-1.0014,3154,1,18650,1
3623,1953792,420.41,200,-0.0715,-0.007048,0.677015,1.091915,0.007086,0.0833,1167.23,660.2,-0.9909,1794,0,200,0
3624,1955840,1406.86,631,-0.3272,-0.008207,1.233501,0.658635,0.012518,0.0759,1168.82,661.1,-0.9828,3157,0,18900,1
3625,1955840,1257.41,543,-0.3508,-0.008207,1.233501,0.658635,0.012518,0.0759,1169.22,660.9,-0.9741,3161,1,19150,1
3626,1957888,1351.2,625,-0.4579,-0.009832,1.234721,0.78888,0.006438,0.0735,1169.8,661.3,-0.9697,3155,3,24100,1
3627,1957888,1104.24,2467,-1.1455,-0.009832,1.234721,0.78888,0.006438,0.0735,1168.31,680.4,-0.9729,3149,4,23800,1
3628,1957888,1241.36,558,-0.5627,-0.009832,1.234721,0.78888,0.006438,0.0735,1174.98,683.2,-0.975,3161,0,18100,1
3629,1957888,1244.0,539,-0.5485,-0.009832,1.234721,0.78888,0.006438,0.0735,1174.96,683.1,-0.9783,3161,0,18400,1
3630,1959936,1239.22,558,-0.6538,-0.011192,3.036365,0.470344,0.013409,0.0645,1175.37,678.6,-0.9778,3149,0,19550,1
3631,1959936,1314.76,549,-0.7163,-0.011192,3.036365,0.470344,0.013409,0.0645,1177.7,658.9,-0.9709,3161,1,22200,1
3632,1959936,1236.52,518,-0.8773,-0.011192,3.036365,0.470344,0.013409,0.0645,1176.1,657.5,-0.9766,3154,0,18650,1
3633,1959936,1237.53,527,-0.8837,-0.011192,3.036365,0.470344,0.013409,0.0645,1175.16,657.0,-0.982,3161,0,18500,1
3634,1961984,1277.24,574,-1.1104,-0.016209,8.253363,0.348631,0.024884,0.0691,1174.81,656.7,-0.9881,3154,1,18750,1
3635,1961984,1346.35,591,-1.233,-0.016209,8.253363,0.348631,0.024884,0.0691,1175.91,657.2,-0.9947,3161,3,20750,1
3636,1961984,1253.04,573,-1.4386,-0.016209,8.253363,0.348631,0.024884,0.0691,1175.99,657.4,-1.0029,3157,0,18350,1
3637,1964032,1168.96,633,-1.4241,-0.013102,5.111087,0.490055,0.019763,0.0674,1175.36,658.5,-1.0083,3151,0,18300,1
3638,1964032,1230.06,521,-1.6218,-0.013102,5.111087,0.490055,0.019763,0.0674,1175.25,658.3,-1.0135,3161,0,21500,1
3639,1964032,1246.94,522,-1.6879,-0.013102,5.111087,0.490055,0.019763,0.0674,1175.17,658.0,-1.0214,3161,0,21700,1
3640,1966080,1253.45,537,-1.6332,0.000245,1.642543,0.658533,0.011976,0.074,1175.44,658.0,-1.0335,3156,1,20250,1
3641,1966080,1271.59,553,-1.4294,0.000245,1.642543,0.658533,0.011976,0.074,1175.88,658.3,-1.0478,3161,3,19200,1
3642,1966080,618.7,773,-1.3435,0.000245,1.642543,0.658533,0.011976,0.074,1172.4,661.3,-1.0606,2756,0,100,0
3643,1966080,1234.13,537,-1.2026,0.000245,1.642543,0.658533,0.011976,0.074,1172.22,661.0,-1.0733,3161,0,18500,1
3644,1968128,1240.14,551,-0.8407,-0.006347,2.942357,0.538946,0.011373,0.061,1171.63,660.5,-1.0819,3157,1,18700,1
3645,1968128,1224.26,569,-0.91,-0.006347,2.942357,0.538946,0.011373,0.061,1172.05,640.7,-1.0792,3161,0,18750,1
3646,1968128,1291.25,627,-1.0078,-0.006347,2.942357,0.538946,0.011373,0.061,1174.27,622.4,-1.0776,3152,2,18850,1
3647,1968128,430.36,257,-1.316,-0.006347,2.942357,0.538946,0.011373,0.061,1167.04,619.3,-1.0898,1796,0,200,0
3648,1970176,428.13,210,-1.1137,-0.011409,2.308142,0.602257,0.015992,0.0627,1159.05,615.9,-1.101,1805,0,200,0
3649,1970176,1293.39,931,-1.3893,-0.011409,2.308142,0.602257,0.015992,0.0627,1159.69,619.5,-1.1147,3151,0,19550,1
3650,1970176,1279.89,616,-1.0933,-0.011409,2.308142,0.602257,0.015992,0.0627,1160.15,620.4,-1.1241,3157,2,18950,1
3651,1970176,1261.2,563,-1.0603,-0.011409,2.308142,0.602257,0.015992,0.0627,1168.56,624.0,-1.1287,3152,1,17800,1
3652,1972224,419.38,197,-1.3101,-0.017792,5.148194,0.485683,0.026659,0.0791,1159.26,619.9,-1.1385,1796,0,200,0
3653,1972224,1187.57,514,-1.1729,-0.017792,5.148194,0.485683,0.026659,0.0791,1158.52,619.6,-1.145,3149,0,18100,1
3654,1972224,1239.36,563,-1.3144,-0.017792,5.148194,0.485683,0.026659,0.0791,1158.34,619.6,-1.1504,3155,0,17750,1
3655,1974272,1238.53,523,-1.1364,-0.007682,1.320621,0.727358,0.009132,0.054,1158.41,618.9,-1.1534,3161,0,20050,1
3656,1974272,1238.01,552,-1.0084,-0.007682,1.320621,0.727358,0.009132,0.054,1158.41,619.1,-1.1535,3155,0,18350,1
3657,1976320,1189.9,751,-0.8491,-0.006816,0.984565,0.852398,0.004038,0.0493,1157.98,621.1,-1.1498,3152,0,19150,1
3658,1976320,1252.06,542,-0.554,-0.006816,0.984565,0.852398,0.004038,0.0493,1157.96,621.0,-1.1415,3157,1,20650,1
3659,1976320,1490.38,834,-0.711,-0.006816,0.984565,0.852398,0.004038,0.0493,1160.22,623.6,-1.1346,3157,1,19550,1
3660,1978368,1350.07,594,-0.5797,-0.012833,1.069432,0.898133,0.018323,0.0867,1160.99,622.8,-1.1256,3149,1,19000,1
3661,1978368,1254.51,545,-0.562,-0.012833,1.069432,0.898133,0.018323,0.0867,1160.51,622.3,-1.1153,3155,1,18700,1
3662,1978368,1097.14,2456,-1.5559,-0.012833,1.069432,0.898133,0.018323,0.0867,1159.08,641.4,-1.1142,3157,3,19000,1
3663,1980416,1305.62,589,-0.618,-0.00866,1.522638,0.702951,0.006221,0.0564,1159.59,641.6,-1.1035,3156,1,18700,1
3664,1980416,627.38,267,-0.6284,-0.00866,1.522638,0.702951,0.006221,0.0564,1153.34,638.8,-1.0919,2760,1,300,0
3665,1980416,685.26,314,-0.7582,-0.00866,1.522638,0.702951,0.006221,0.0564,1147.59,636.2,-1.0814,2468,0,100,0
3666,1980416,1356.36,601,-0.7265,-0.00866,1.522638,0.702951,0.006221,0.0564,1148.71,636.4,-1.0705,3161,3,21200,1
3667,1980416,1350.9,588,-0.7568,-0.00866,1.522638,0.702951,0.006221,0.0564,1150.81,637.0,-1.0597,3161,2,22700,1
3668,1982464,1158.48,541,-0.8264,-0.014174,6.249152,0.451082,0.017972,0.0581,1149.55,636.4,-1.0485,3156,0,19550,1
3669,1982464,1233.59,539,-1.1918,-0.014174,6.249152,0.451082,0.017972,0.0581,1149.57,636.6,-1.0409,3155,0,20050,1
3670,1984512,1234.02,529,-1.3124,-0.012787,2.033391,0.578213,0.013866,0.0676,1149.49,636.6,-1.0338,3161,0,18650,1
3671,1984512,1231.28,526,-1.3135,-0.012787,2.033391,0.578213,0.013866,0.0676,1149.22,636.2,-1.0273,3150,0,19850,1
3672,1984512,1283.35,558,-1.3314,-0.012787,2.033391,0.578213,0.013866,0.0676,1155.57,638.8,-1.0202,3161,1,18900,1
3673,1986560,1238.22,531,-1.2911,-0.00821,1.335982,0.733103,0.006423,0.0352,1155.29,638.0,-1.0124,3157,0,18300,1
3674,1986560,1235.74,528,-1.2168,-0.00821,1.335982,0.733103,0.006423,0.0352,1155.25,637.9,-1.003,3149,0,18500,1
3675,1988608,1284.59,628,-0.7991,-0.009579,1.156073,0.794068,0.010463,0.064,1155.1,638.4,-0.9892,3152,1,20000,1
3676,1988608,1311.34,595,-0.755,-0.009579,1.156073,0.794068,0.010463,0.064,1154.96,638.0,-0.975,3152,1,18600,1
3677,1988608,1275.32,603,-0.7496,-0.009579,1.156073,0.794068,0.010463,0.064,1155.4,638.6,-0.96,3156,1,18300,1
3678,1990656,1228.56,555,-0.7136,-0.006939,1.178504,0.765466,0.00993,0.0686,1156.26,638.6,-0.9445,3149,0,18850,1
3679,1990656,1229.32,550,-0.7113,-0.006939,1.178504,0.765466,0.00993,0.0686,1157.14,636.9,-0.9309,3156,0,20150,1
3680,1990656,1238.68,541,-0.7047,-0.006939,1.178504,0.765466,0.00993,0.0686,1156.63,636.5,-0.9206,3157,0,18400,1
3681,1990656,1113.83,2512,-1.5401,-0.006939,1.178504,0.765466,0.00993,0.0686,1155.18,655.9,-0.9223,3156,5,19000,1
3682,1992704,1241.02,548,-0.8667,-0.011265,4.285383,0.417581,0.019339,0.0552,1155.65,656.1,-0.9196,3154,0,18850,1
3683,1992704,1235.0,576,-0.8872,-0.011265,4.285383,0.417581,0.019339,0.0552,1158.13,656.3,-0.918,3151,0,18250,1
3684,1992704,1243.32,520,-0.901,-0.011265,4.285383,0.417581,0.019339,0.0552,1157.68,655.7,-0.9197,3161,0,21800,1
3685,1992704,1248.99,550,-0.9725,-0.011265,4.285383,0.417581,0.019339,0.0552,1165.16,657.7,-0.9214,3161,0,18350,1
3686,1992704,428.72,242,-1.1597,-0.011265,4.285383,0.417581,0.019339,0.0552,1158.58,653.3,-0.924,1796,0,500,0
3687,1994752,420.24,202,-1.1214,-0.014829,5.312947,0.457328,0.020819,0.071,1151.24,650.2,-0.9293,1795,0,100,0
3688,1994752,1255.31,547,-1.2422,-0.014829,5.312947,0.457328,0.020819,0.071,1151.7,650.2,-0.9361,3157,1,18500,1
3689,1994752,1252.76,563,-1.238,-0.014829,5.312947,0.457328,0.020819,0.071,1151.91,650.3,-0.9427,3161,0,18450,1
3690,1994752,1235.36,520,-1.3573,-0.014829,5.312947,0.457328,0.020819,0.071,1153.21,630.4,-0.9395,3161,0,18600,1
3691,1996800,1239.38,542,-1.4078,-0.014413,7.042965,0.378888,0.021794,0.0654,1152.61,630.0,-0.9472,3161,0,20050,1
3692,1996800,420.08,190,-1.7069,-0.014413,7.042965,0.378888,0.021794,0.0654,1144.42,626.3,-0.958,1783,0,100,0
3693,1996800,1238.24,532,-1.5667,-0.014413,7.042965,0.378888,0.021794,0.0654,1144.45,626.2,-0.9665,3157,0,18500,1
3694,1996800,1238.47,544,-1.5542,-0.014413,7.042965,0.378888,0.021794,0.0654,1144.45,626.2,-0.9738,3150,0,18150,1
3695,1998848,1243.78,549,-1.799,-0.014682,9.071634,0.352894,0.018821,0.0603,1142.88,625.4,-0.9825,3149,0,20050,1
3696,1998848,1241.99,548,-1.8619,-0.014682,9.071634,0.352894,0.018821,0.0603,1145.33,625.5,-0.9915,3161,1,20350,1
3697,1998848,1190.21,508,-1.9075,-0.014682,9.071634,0.352894,0.018821,0.0603,1147.2,625.8,-1.0015,3150,0,19750,1
3698,1998848,1233.49,555,-1.9188,-0.014682,9.071634,0.352894,0.018821,0.0603,1147.03,625.8,-1.0134,3156,0,18650,1
3699,1998848,432.26,211,-2.0543,-0.014682,9.071634,0.352894,0.018821,0.0603,1138.81,622.4,-1.0266,1798,0,300,0
3700,2000896,1251.43,529,-2.0418,-0.015053,6.996075,0.403576,0.019123,0.0542,1138.89,622.1,-1.0396,3155,1,18900,1
3701,2000896,1206.95,547,-2.0614,-0.015053,6.996075,0.403576,0.019123,0.0542,1138.04,621.8,-1.0525,3156,0,18050,1
3702,2002944,1322.55,609,-2.0525,-0.009888,2.245982,0.749278,0.014539,0.0933,1141.87,623.3,-1.0653,3156,3,18900,1
3703,2002944,1239.17,548,-1.6254,-0.009888,2.245982,0.749278,0.014539,0.0933,1145.59,604.6,-1.0672,3157,0,17950,1
3704,2004992,1248.51,570,-0.462,-0.006021,0.781607,1.246239,0.014072,0.1089,1145.46,604.5,-1.0644,3161,0,18350,1
3705,2004992,1263.74,787,-0.8362,-0.006021,0.781607,1.246239,0.014072,0.1089,1145.55,606.7,-1.0651,3151,1,19250,1
3706,2007040,1237.7,535,0.1946,-0.010844,0.676791,1.152951,0.002629,0.0928,1145.6,606.2,-1.0551,3161,0,20050,1
3707,2007040,1229.19,563,0.1634,-0.010844,0.676791,1.152951,0.002629,0.0928,1145.49,606.6,-1.0451,3157,0,18250,1
3708,2009088,1142.28,2476,-1.4102,-0.007659,0.66956,1.129781,0.00481,0.0752,1143.89,625.3,-1.0505,3151,5,19500,1
3709,2009088,1237.35,538,0.2778,-0.007659,0.66956,1.129781,0.00481,0.0752,1150.56,628.1,-1.038,3149,0,18950,1
3710,2009088,1238.17,529,0.2892,-0.007659,0.66956,1.129781,0.00481,0.0752,1150.42,627.8,-1.0236,3154,0,18000,1
3711,2011136,1119.59,2484,-1.289,-0.009584,1.374314,0.706029,0.013501,0.084,1148.32,646.8,-1.0233,3156,4,19100,1
3712,2011136,1236.19,532,0.1348,-0.009584,1.374314,0.706029,0.013501,0.084,1147.78,645.9,-1.0091,3151,0,18950,1
3713,2011136,1240.81,515,0.059,-0.009584,1.374314,0.706029,0.013501,0.084,1147.82,645.6,-0.9976,3157,0,18850,1
3714,2011136,1243.28,564,0.0147,-0.009584,1.374314,0.706029,0.013501,0.084,1147.74,645.7,-0.989,3157,0,21200,1
3715,2013184,1244.89,535,-0.1019,-0.013815,7.419483,0.35162,0.016242,0.0557,1147.72,645.4,-0.9827,3153,0,19850,1
3716,2013184,1255.09,540,-0.3854,-0.013815,7.419483,0.35162,0.016242,0.0557,1147.26,645.1,-0.9796,3152,1,19950,1
3717,2013184,1229.24,554,-0.61,-0.013815,7.419483,0.35162,0.016242,0.0557,1147.93,645.5,-0.9798,3155,0,18850,1
3718,2013184,1332.8,618,-0.6246,-0.013815,7.419483,0.35162,0.016242,0.0557,1155.54,648.3,-0.9803,3153,1,19000,1
3719,2015232,1229.11,545,-0.8037,-0.018074,5.89257,0.432611,0.023544,0.0725,1156.84,628.6,-0.9735,3161,0,20050,1
3720,2015232,1229.56,552,-0.9794,-0.018074,5.89257,0.432611,0.023544,0.0725,1156.8,628.8,-0.9806,3156,0,18300,1
3721,2015232,1182.71,516,-1.119,-0.018074,5.89257,0.432611,0.023544,0.0725,1164.19,631.9,-0.9911,3156,1,19950,1
3722,2017280,1230.7,563,-1.2003,-0.016164,7.106438,0.39065,0.021551,0.0657,1164.11,632.1,-1.0014,3150,0,18500,1
3723,2017280,1232.59,571,-1.2218,-0.016164,7.106438,0.39065,0.021551,0.0657,1172.23,635.9,-1.0129,3154,0,19550,1
3724,2017280,1242.09,561,-1.3281,-0.016164,7.106438,0.39065,0.021551,0.0657,1170.58,635.2,-1.0229,3156,0,18250,1
3725,2017280,1230.48,559,-1.3877,-0.016164,7.106438,0.39065,0.021551,0.0657,1170.32,635.3,-1.0333,3152,0,17900,1
3726,2019328,1230.15,598,-1.3259,-0.01175,2.046282,0.632552,0.011864,0.0552,1169.1,635.0,-1.042,3161,0,17650,1
3727,2019328,1242.91,544,-1.2462,-0.01175,2.046282,0.632552,0.011864,0.0552,1170.49,615.8,-1.043,3157,0,18950,1
3728,2021376,1231.91,1007,-1.3366,-0.01094,3.056372,0.608998,0.014667,0.0593,1170.4,620.3,-1.0507,3157,0,13200,1
3729,2021376,1295.21,595,-1.2454,-0.01094,3.056372,0.608998,0.014667,0.0593,1170.91,620.9,-1.0577,3161,1,18900,1
3730,2021376,1303.27,624,-1.3043,-0.01094,3.056372,0.608998,0.014667,0.0593,1171.55,621.5,-1.0642,3151,0,18300,1
3731,2021376,1236.81,532,-1.2922,-0.01094,3.056372,0.608998,0.014667,0.0593,1170.77,621.4,-1.07,3156,0,18200,1
3732,2023424,1228.22,535,-1.3381,-0.015421,6.09808,0.431947,0.022957,0.0684,1170.69,621.5,-1.0746,3161,0,18600,1
3733,2023424,1227.18,558,-1.4004,-0.015421,6.09808,0.431947,0.022957,0.0684,1170.58,621.8,-1.0797,3161,0,18650,1
3734,2025472,1258.18,741,-1.5551,-0.010146,2.061911,0.689705,0.013483,0.0725,1170.39,623.5,-1.0842,3155,0,16650,1
3735,2025472,1237.82,549,-1.5152,-0.010146,2.061911,0.689705,0.013483,0.0725,1169.31,623.1,-1.087,3151,0,18100,1
3736,2025472,1242.58,547,-1.4573,-0.010146,2.061911,0.689705,0.013483,0.0725,1169.2,622.8,-1.0872,3161,0,20050,1
3737,2027520,996.5,601,-1.1803,-0.007056,1.139368,0.833918,0.008078,0.0571,1167.48,622.5,-1.0848,3152,0,18850,1
3738,2027520,1291.76,584,-1.0621,-0.007056,1.139368,0.833918,0.008078,0.0571,1168.1,623.1,-1.0792,3151,0,22500,1
3739,2027520,1259.22,547,-1.0335,-0.007056,1.139368,0.833918,0.008078,0.0571,1168.22,623.4,-1.0726,3155,2,18850,1
3740,2029568,1243.81,553,-0.6302,-0.006965,1.041851,0.925304,0.003062,0.0547,1168.12,623.5,-1.0626,3157,0,18200,1
3741,2029568,1241.25,563,-0.6277,-0.006965,1.041851,0.925304,0.003062,0.0547,1167.82,623.6,-1.0546,3161,0,18500,1
3742,2029568,1229.63,712,-0.6901,-0.006965,1.041851,0.925304,0.003062,0.0547,1173.93,623.0,-1.048,3161,0,18850,1
3743,2031616,1242.9,622,-0.6018,-0.007155,1.114504,0.827784,0.00508,0.0471,1174.02,623.9,-1.042,3157,0,17150,1
3744,2031616,1246.06,598,-0.6049,-0.007155,1.114504,0.827784,0.00508,0.0471,1174.07,624.4,-1.0397,3161,0,17700,1
3745,2031616,1094.5,2459,-1.5149,-0.007155,1.114504,0.827784,0.00508,0.0471,1172.78,643.3,-1.0457,3154,4,19400,1
3746,2031616,1241.31,538,-0.5639,-0.007155,1.114504,0.827784,0.00508,0.0471,1172.28,642.4,-1.0413,3157,0,18950,1
3747,2033664,1303.9,575,-0.7493,-0.014901,2.409505,0.555384,0.010607,0.0552,1181.01,645.5,-1.0356,3153,1,19700,1
3748,2033664,1233.58,560,-0.7624,-0.014901,2.409505,0.555384,0.010607,0.0552,1189.07,649.0,-1.0321,3157,0,18750,1
3749,2033664,1514.96,701,-0.7875,-0.014901,2.409505,0.555384,0.010607,0.0552,1191.28,646.8,-1.0261,3152,2,20350,1
3750,2035712,1300.39,630,-0.8624,-0.016873,6.120197,0.572568,0.017024,0.0564,1191.49,646.9,-1.0238,3153,1,20150,1
3751,2035712,1237.35,532,-1.027,-0.016873,6.120197,0.572568,0.017024,0.0564,1191.25,646.6,-1.0234,3161,0,18200,1
3752,2035712,1261.17,582,-1.0428,-0.016873,6.120197,0.572568,0.017024,0.0564,1199.67,650.4,-1.0208,3153,1,21500,1
3753,2037760,1238.25,542,-1.1688,-0.013707,7.004538,0.463653,0.016502,0.0569,1200.17,650.7,-1.0207,3156,0,18450,1
3754,2037760,1340.4,589,-1.3986,-0.013707,7.004538,0.463653,0.016502,0.0569,1201.18,651.0,-1.0216,3161,1,20650,1
3755,2039808,1353.74,607,-1.2425,-0.013682,1.269555,0.92821,0.013381,0.0842,1202.34,651.8,-1.0226,3156,2,20650,1
3756,2039808,1110.97,506,-0.6533,-0.013682,1.269555,0.92821,0.013381,0.0842,1201.07,651.4,-1.0191,3161,0,18750,1
3757,2041856,1185.53,519,-0.4697,-0.007168,0.714922,1.11308,0.010103,0.084,1201.02,649.0,-1.0153,3157,1,19950,1
3758,2041856,628.57,270,-0.186,-0.007168,0.714922,1.11308,0.010103,0.084,1194.79,646.3,-1.0116,2760,1,300,0
3759,2043904,1233.47,591,-0.2181,-0.007549,0.685771,1.05152,0.009852,0.0972,1192.22,643.9,-1.0067,3150,0,18750,1
3760,2043904,1164.71,537,-0.2055,-0.007549,0.685771,1.05152,0.009852,0.0972,1190.37,643.3,-1.0029,3151,0,19150,1
3761,2043904,1119.52,2487,-1.3498,-0.007549,0.685771,1.05152,0.009852,0.0972,1189.02,662.7,-1.0108,3157,4,21800,1
3762,2045952,1100.38,2497,-1.1933,-0.010714,0.732849,1.023899,0.011273,0.1001,1189.05,663.1,-1.0072,3153,4,19150,1
3763,2045952,1246.56,553,-0.1712,-0.010714,0.732849,1.023899,0.011273,0.1001,1188.46,662.8,-1.0027,3161,0,18600,1
3764,2045952,1354.01,635,-0.2365,-0.010714,0.732849,1.023899,0.011273,0.1001,1195.72,666.5,-0.9988,3151,1,19200,1
3765,2045952,1230.73,566,-0.1938,-0.010714,0.732849,1.023899,0.011273,0.1001,1201.18,669.0,-0.9931,3161,0,18950,1
3766,2048000,1238.6,539,-0.3806,-0.008226,1.82736,0.654189,0.010052,0.0496,1200.0,668.4,-0.9897,3151,0,18950,1
3767,2048000,1239.14,531,-0.4483,-0.008226,1.82736,0.654189,0.010052,0.0496,1198.88,667.8,-0.9866,3161,0,20050,1
3768,2050048,1595.84,740,-0.4931,-0.014041,2.366172,0.693699,0.011698,0.0579,1203.26,669.8,-0.9833,3153,4,21900,1
3769,2050048,1237.58,551,-0.7087,-0.014041,2.366172,0.693699,0.011698,0.0579,1203.3,669.9,-0.9784,3152,0,18050,1
3770,2052096,1331.41,607,-0.7901,-0.009346,1.286575,0.767107,0.008177,0.0459,1204.27,670.7,-0.9732,3161,2,22450,1
3771,2052096,1233.3,552,-0.775,-0.009346,1.286575,0.767107,0.008177,0.0459,1204.29,670.9,-0.9678,3157,0,19850,1
3772,2052096,1233.95,534,-0.7459,-0.009346,1.286575,0.767107,0.008177,0.0459,1203.8,670.7,-0.962,3156,0,18450,1
3773,2054144,1235.83,528,-0.7348,-0.007723,1.226314,0.753979,0.007321,0.0354,1203.77,670.7,-0.9564,3152,0,20050,1
3774,2054144,1341.26,601,-0.7634,-0.007723,1.226314,0.753979,0.007321,0.0354,1204.83,671.4,-0.9519,3161,3,19750,1
3775,2056192,1336.02,586,-0.7474,-0.006544,1.296443,0.781613,0.004799,0.0447,1205.34,671.0,-0.9514,3157,1,19200,1
3776,2056192,1260.57,561,-0.7487,-0.006544,1.296443,0.781613,0.004799,0.0447,1204.83,670.6,-0.9513,3153,0,18300,1
3777,2056192,1258.29,560,-0.7569,-0.006544,1.296443,0.781613,0.004799,0.0447,1204.66,670.2,-0.9514,3151,1,18600,1
3778,2056192,1102.88,2481,-1.3337,-0.006544,1.296443,0.781613,0.004799,0.0447,1203.41,689.5,-0.9576,3156,4,19100,1
3779,2058240,1239.42,520,-0.7957,-0.012537,3.251532,0.462029,0.020637,0.063,1203.51,689.2,-0.9584,3150,0,18850,1
3780,2058240,1241.34,565,-0.9009,-0.012537,3.251532,0.462029,0.020637,0.063,1203.53,689.4,-0.9604,3161,0,18200,1
3781,2058240,1231.72,525,-0.9406,-0.012537,3.251532,0.462029,0.020637,0.063,1204.71,669.5,-0.9544,3154,0,21500,1
3782,2058240,1311.41,594,-0.9463,-0.012537,3.251532,0.462029,0.020637,0.063,1205.42,670.0,-0.9552,3153,2,19350,1
3783,2060288,1244.97,520,-1.0763,-0.012809,8.488793,0.350899,0.016596,0.0537,1205.52,669.4,-0.9571,3156,0,18650,1
3784,2060288,1227.05,543,-1.2834,-0.012809,8.488793,0.350899,0.016596,0.0537,1205.35,669.7,-0.9609,3154,0,18600,1
3785,2060288,1243.41,550,-1.3298,-0.012809,8.488793,0.350899,0.016596,0.0537,1205.3,669.7,-0.9645,3161,0,18950,1
3786,2060288,1254.61,541,-1.3501,-0.012809,8.488793,0.350899,0.016596,0.0537,1213.56,672.7,-0.9664,3155,1,18400,1
3787,2062336,1257.9,547,-1.546,-0.006559,3.221589,0.509698,0.012922,0.0664,1221.93,676.1,-0.9706,3157,1,19150,1
3788,2062336,1252.18,553,-1.6361,-0.006559,3.221589,0.509698,0.012922,0.0664,1221.9,676.2,-0.9746,3155,1,18900,1
3789,2062336,1261.43,555,-1.6496,-0.006559,3.221589,0.509698,0.012922,0.0664,1221.99,676.1,-0.9787,3161,1,18500,1
3790,2062336,1221.03,700,-1.6136,-0.006559,3.221589,0.509698,0.012922,0.0664,1221.85,677.9,-0.9812,3161,0,18300,1
3791,2064384,1240.93,590,-1.7737,-0.017103,6.634818,0.414396,0.020296,0.0613,1221.86,678.4,-0.9849,3156,0,21200,1
3792,2064384,1245.05,550,-1.8707,-0.017103,6.634818,0.414396,0.020296,0.0613,1230.11,682.0,-0.9865,3155,0,17850,1
3793,2064384,1246.94,566,-1.913,-0.017103,6.634818,0.414396,0.020296,0.0613,1230.2,682.3,-0.99,3161,1,18150,1
3794,2064384,1235.85,549,-1.9216,-0.017103,6.634818,0.414396,0.020296,0.0613,1230.17,682.4,-0.9937,3150,0,18650,1
3795,2066432,1234.72,557,-2.0065,-0.015974,6.504085,0.45384,0.020535,0.0867,1230.08,682.4,-0.9957,3161,0,18400,1
3796,2066432,1228.3,577,-2.0873,-0.015974,6.504085,0.45384,0.020535,0.0867,1229.94,682.7,-0.998,3156,0,18050,1
3797,2066432,1246.92,547,-2.0764,-0.015974,6.504085,0.45384,0.020535,0.0867,1230.51,683.1,-0.9997,3149,0,18450,1
3798,2068480,1295.77,613,-2.0548,-0.021647,5.839821,0.493804,0.026722,0.0876,1231.13,683.7,-1.001,3155,1,20300,1
3799,2068480,1256.97,553,-2.1357,-0.021647,5.839821,0.493804,0.026722,0.0876,1239.38,687.1,-1.0019,3161,0,20250,1
3800,2068480,1242.31,562,-2.1741,-0.021647,5.839821,0.493804,0.026722,0.0876,1239.29,687.5,-1.0032,3152,0,18300,1
3801,2068480,1229.23,527,-2.1989,-0.021647,5.839821,0.493804,0.026722,0.0876,1239.51,687.2,-1.0046,3161,0,18600,1
3802,2070528,1302.41,587,-2.1908,-0.016325,6.590276,0.449113,0.024308,0.0649,1239.31,687.0,-1.0059,3157,1,19250,1
3803,2070528,1241.56,549,-2.2495,-0.016325,6.590276,0.449113,0.024308,0.0649,1239.34,687.0,-1.0122,3154,0,18400,1
3804,2072576,1234.84,556,-2.37,-0.016642,8.336887,0.422969,0.018945,0.0637,1239.2,686.9,-1.0313,3157,0,17900,1
3805,2072576,1249.54,537,-2.3511,-0.016642,8.336887,0.422969,0.018945,0.0637,1239.06,684.4,-1.0464,3161,0,18400,1
3806,2072576,600.99,316,-2.4375,-0.016642,8.336887,0.422969,0.018945,0.0637,1232.69,682.2,-1.0727,2467,0,200,0
3807,2072576,1337.0,602,-2.3723,-0.016642,8.336887,0.422969,0.018945,0.0637,1233.77,682.6,-1.0981,3161,3,19050,1
3808,2072576,498.68,235,-2.3777,-0.016642,8.336887,0.422969,0.018945,0.0637,1227.33,660.2,-1.1078,1524,0,100,0
3809,2074624,1417.9,652,-2.3816,-0.014436,4.759183,0.473595,0.015426,0.05,1229.14,661.3,-1.1344,3161,0,21700,1
3810,2074624,1347.8,659,-2.3752,-0.014436,4.759183,0.473595,0.015426,0.05,1230.23,662.6,-1.161,3152,1,20050,1
3811,2074624,1243.37,578,-2.3887,-0.014436,4.759183,0.473595,0.015426,0.05,1231.47,643.6,-1.172,3157,0,18350,1
3812,2074624,1236.38,543,-2.33,-0.014436,4.759183,0.473595,0.015426,0.05,1231.47,643.7,-1.1966,3154,0,18450,1
3813,2076672,1382.22,641,-2.0754,-0.013548,3.870047,0.560929,0.014624,0.0674,1232.89,644.9,-1.218,3151,0,18800,1
3814,2076672,1328.16,592,-2.0952,-0.013548,3.870047,0.560929,0.014624,0.0674,1233.74,645.2,-1.2391,3161,2,19050,1
3815,2076672,339.7,188,-2.0987,-0.013548,3.870047,0.560929,0.014624,0.0674,1224.68,641.8,-1.2591,1413,0,300,0
3816,2078720,1260.75,964,-1.9582,-0.004142,1.755496,0.933704,0.010522,0.106,1224.74,646.0,-1.2748,3157,1,14450,1
3817,2078720,419.44,313,-1.2907,-0.004142,1.755496,0.933704,0.010522,0.106,1216.64,643.6,-1.2816,1788,0,300,0
3818,2078720,1247.28,569,-1.2671,-0.004142,1.755496,0.933704,0.010522,0.106,1215.79,643.1,-1.288,3157,0,20900,1
3819,2078720,416.56,184,-0.8765,-0.004142,1.755496,0.933704,0.010522,0.106,1207.66,639.5,-1.2887,1794,0,100,0
3820,2080768,1230.26,546,-0.7655,-0.008064,1.096836,0.832029,0.00902,0.0581,1207.67,639.4,-1.2866,3154,0,18500,1
3821,2080768,1231.91,556,-0.7364,-0.008064,1.096836,0.832029,0.00902,0.0581,1208.16,639.8,-1.2828,3156,0,17900,1
3822,2082816,1570.74,857,-0.7742,-0.01232,1.255006,0.857788,0.006458,0.062,1211.56,642.8,-1.2785,3154,3,19850,1
3823,2082816,1232.88,561,-0.706,-0.01232,1.255006,0.857788,0.006458,0.062,1211.56,642.7,-1.2734,3150,0,18350,1
3824,2084864,1240.78,578,-0.7022,-0.009555,1.004842,0.889261,0.017237,0.0813,1211.55,642.8,-1.2671,3161,0,18150,1
3825,2084864,1265.09,568,-0.6992,-0.009555,1.004842,0.889261,0.017237,0.0813,1211.9,642.9,-1.2602,3156,1,18650,1
3826,2084864,1253.21,2691,-1.7569,-0.009555,1.004842,0.889261,0.017237,0.0813,1212.13,663.9,-1.2645,3149,7,23400,1
3827,2084864,1251.6,601,-0.7176,-0.009555,1.004842,0.889261,0.017237,0.0813,1212.22,664.4,-1.2592,3161,0,18450,1
3828,2086912,1233.82,568,-0.7049,-0.008271,1.718833,0.63637,0.011055,0.0515,1212.23,660.0,-1.2529,3157,0,18600,1
3829,2086912,1237.54,549,-0.7715,-0.008271,1.718833,0.63637,0.011055,0.0515,1211.66,659.6,-1.2482,3156,0,18100,1
3830,2086912,1235.12,574,-0.8083,-0.008271,1.718833,0.63637,0.011055,0.0515,1210.98,659.1,-1.2432,3156,0,17950,1
3831,2086912,1244.83,543,-0.8167,-0.008271,1.718833,0.63637,0.011055,0.0515,1211.06,659.2,-1.2385,3154,0,18300,1
3832,2088960,1255.52,556,-0.914,-0.018535,6.230361,0.448799,0.018327,0.0706,1211.33,659.4,-1.2342,3150,0,20050,1
3833,2088960,1242.54,541,-1.0664,-0.018535,6.230361,0.448799,0.018327,0.0706,1211.48,659.2,-1.2309,3161,0,18100,1
3834,2088960,1235.12,562,-1.1826,-0.018535,6.230361,0.448799,0.018327,0.0706,1211.25,657.4,-1.2272,3156,0,18400,1
3835,2088960,1242.22,546,-1.233,-0.018535,6.230361,0.448799,0.018327,0.0706,1211.3,657.4,-1.2243,3157,0,18950,1
3836,2091008,1234.07,520,-1.416,-0.01672,6.019021,0.472258,0.019644,0.061,1211.21,657.1,-1.2239,3161,0,18200,1
3837,2093056,1241.41,555,-1.4757,-0.008193,1.74058,0.667659,0.011173,0.0569,1213.66,656.7,-1.2269,3161,0,18050,1
3838,2093056,1232.49,620,-1.4848,-0.008193,1.74058,0.667659,0.011173,0.0569,1213.07,657.0,-1.2311,3161,0,17500,1
3839,2093056,1303.43,580,-1.2359,-0.008193,1.74058,0.667659,0.011173,0.0569,1213.51,657.4,-1.2331,3149,1,18750,1
3840,2095104,1222.38,553,-0.9948,-0.007752,1.184986,0.819332,0.008325,0.052,1213.3,657.4,-1.2368,3161,1,19450,1
3841,2095104,1392.41,666,-0.9816,-0.007752,1.184986,0.819332,0.008325,0.052,1214.81,658.4,-1.2403,3156,1,21050,1
3842,2095104,422.15,189,-0.7739,-0.007752,1.184986,0.819332,0.008325,0.052,1206.73,653.2,-1.2412,1795,0,200,0
3843,2095104,1232.8,553,-0.8256,-0.007752,1.184986,0.819332,0.008325,0.052,1206.63,652.5,-1.2434,3161,0,18950,1
3844,2097152,1243.11,547,-0.7526,-0.007983,1.226455,0.741768,0.010401,0.0647,1206.6,652.0,-1.2449,3161,0,18350,1
3845,2097152,1253.4,578,-0.7763,-0.007983,1.226455,0.741768,0.010401,0.0647,1208.19,633.1,-1.2375,3157,1,18450,1
3846,2097152,1245.04,557,-0.7675,-0.007983,1.226455,0.741768,0.010401,0.0647,1208.23,633.3,-1.2395,3153,0,18200,1
3847,2099200,1125.08,2496,-1.6333,-0.009733,1.204505,0.799468,0.011561,0.0786,1206.44,652.5,-1.2484,3150,4,18850,1
3848,2099200,420.24,197,-0.767,-0.009733,1.204505,0.799468,0.011561,0.0786,1198.31,648.9,-1.2484,1795,0,200,0
3849,2099200,1279.49,586,-0.7588,-0.009733,1.204505,0.799468,0.011561,0.0786,1195.95,647.8,-1.2481,3157,1,18500,1
3850,2099200,1149.95,492,-0.7431,-0.009733,1.204505,0.799468,0.011561,0.0786,1194.45,646.4,-1.2469,3161,0,22200,1
3851,2101248,1248.56,562,-0.8064,-0.015228,5.46411,0.368032,0.022049,0.0596,1194.56,646.7,-1.2447,3156,0,18050,1
3852,2101248,1257.22,536,-0.8829,-0.015228,5.46411,0.368032,0.022049,0.0596,1194.52,646.2,-1.2431,3155,0,18850,1
3853,2101248,1232.78,536,-1.0073,-0.015228,5.46411,0.368032,0.022049,0.0596,1194.46,646.2,-1.2415,3155,0,20050,1
3854,2101248,636.7,286,-1.1608,-0.015228,5.46411,0.368032,0.022049,0.0596,1187.43,643.1,-1.2391,2737,0,0,0
3855,2101248,1252.96,597,-1.0274,-0.015228,5.46411,0.368032,0.022049,0.0596,1186.42,643.0,-1.237,3157,1,18050,1
3856,2101248,421.28,195,-1.1958,-0.015228,5.46411,0.368032,0.022049,0.0596,1179.52,639.9,-1.2424,1795,0,200,0
3857,2103296,419.94,186,-1.2413,-0.014478,5.637835,0.423821,0.026503,0.0715,1171.87,636.6,-1.2501,1795,0,200,0
3858,2103296,1306.49,593,-1.4224,-0.014478,5.637835,0.423821,0.026503,0.0715,1178.65,639.8,-1.2625,3157,2,20500,1
3859,2103296,1300.51,627,-1.418,-0.014478,5.637835,0.423821,0.026503,0.0715,1179.32,640.2,-1.2745,3157,2,21300,1
3860,2105344,1321.57,660,-1.4027,-0.016423,4.447229,0.596003,0.020006,0.0779,1180.89,641.4,-1.2865,3157,0,20250,1
3861,2105344,1276.82,573,-1.5155,-0.016423,4.447229,0.596003,0.020006,0.0779,1182.46,622.3,-1.2881,3155,3,19000,1
3862,2105344,420.58,187,-1.7843,-0.016423,4.447229,0.596003,0.020006,0.0779,1175.66,599.2,-1.294,1795,0,200,0
3863,2105344,1264.64,548,-1.6259,-0.016423,4.447229,0.596003,0.020006,0.0779,1175.84,599.1,-1.3086,3154,0,18300,1
3864,2107392,1329.58,571,-1.6692,-0.017348,7.837696,0.422832,0.031958,0.075,1175.6,598.5,-1.3229,3157,1,18750,1
3865,2107392,1239.71,561,-1.7289,-0.017348,7.837696,0.422832,0.031958,0.075,1175.69,598.4,-1.3383,3157,0,18350,1
3866,2107392,1235.92,524,-1.7826,-0.017348,7.837696,0.422832,0.031958,0.075,1175.66,598.3,-1.3523,3156,0,19750,1
3867,2109440,1236.49,542,-1.9321,-0.016724,8.03011,0.399208,0.01714,0.0603,1175.63,598.4,-1.3671,3155,0,18450,1
3868,2109440,1202.06,514,-2.0039,-0.016724,8.03011,0.399208,0.01714,0.0603,1171.7,596.1,-1.3822,3153,1,19450,1
3869,2109440,1234.24,556,-2.0141,-0.016724,8.03011,0.399208,0.01714,0.0603,1171.66,596.2,-1.3953,3150,0,18750,1
3870,2109440,1321.4,640,-2.123,-0.016724,8.03011,0.399208,0.01714,0.0603,1171.56,596.5,-1.4086,3154,4,21200,1
3871,2111488,798.04,380,-2.2436,-0.01838,5.631868,0.498166,0.020656,0.0798,1167.21,594.8,-1.4233,2475,0,100,0
3872,2111488,1226.42,541,-2.1936,-0.01838,5.631868,0.498166,0.020656,0.0798,1167.13,594.9,-1.4378,3157,0,18300,1
3873,2111488,1241.74,547,-2.1821,-0.01838,5.631868,0.498166,0.020656,0.0798,1167.19,595.1,-1.4522,3150,0,18350,1
3874,2111488,1249.83,546,-2.2574,-0.01838,5.631868,0.498166,0.020656,0.0798,1166.28,594.5,-1.4672,3154,1,20350,1
3875,2113536,1194.26,522,-2.2408,-0.013997,6.050593,0.474531,0.017195,0.0652,1164.86,593.9,-1.4821,3151,0,18100,1
3876,2113536,1229.24,577,-2.2747,-0.013997,6.050593,0.474531,0.017195,0.0652,1164.55,594.0,-1.4974,3157,0,18400,1
3877,2113536,1241.11,557,-2.2725,-0.013997,6.050593,0.474531,0.017195,0.0652,1164.38,594.0,-1.5125,3161,0,18100,1
3878,2113536,1235.02,571,-2.3027,-0.013997,6.050593,0.474531,0.017195,0.0652,1165.7,574.9,-1.5222,3156,0,18200,1
3879,2115584,1237.13,544,-2.2898,-0.015926,5.657699,0.508057,0.022866,0.0649,1165.67,575.1,-1.5372,3161,0,18000,1
3880,2115584,1330.39,636,-2.3343,-0.015926,5.657699,0.508057,0.022866,0.0649,1166.57,575.9,-1.5515,3161,1,20850,1
3881,2115584,1243.77,593,-2.3238,-0.015926,5.657699,0.508057,0.022866,0.0649,1166.69,576.5,-1.5653,3161,0,18100,1
3882,2115584,1138.74,498,-2.3103,-0.015926,5.657699,0.508057,0.022866,0.0649,1164.96,575.6,-1.579,3154,0,19050,1
3883,2117632,859.12,478,-2.2809,-0.016649,5.273766,0.478606,0.017746,0.0637,1161.1,575.1,-1.591,2760,1,300,0
3884,2117632,1236.37,549,-2.2775,-0.016649,5.273766,0.478606,0.017746,0.0637,1161.19,575.2,-1.601,3154,0,18950,1
3885,2117632,1324.1,643,-2.2734,-0.016649,5.273766,0.478606,0.017746,0.0637,1162.0,576.1,-1.6104,3161,4,21050,1
3886,2117632,1244.98,582,-2.2353,-0.016649,5.273766,0.478606,0.017746,0.0637,1161.9,576.5,-1.6192,3157,0,18450,1
3887,2119680,1189.76,525,-2.1635,-0.011191,3.942464,0.605891,0.011917,0.0532,1161.22,576.3,-1.6254,3151,0,19750,1
3888,2119680,1191.37,534,-2.1461,-0.011191,3.942464,0.605891,0.011917,0.0532,1160.62,576.1,-1.6305,3157,1,18200,1
3889,2119680,1230.5,553,-2.1185,-0.011191,3.942464,0.605891,0.011917,0.0532,1160.31,576.1,-1.6352,3156,0,20150,1
3890,2119680,631.49,275,-2.0432,-0.011191,3.942464,0.605891,0.011917,0.0532,1154.41,571.9,-1.6395,2754,0,100,0
3891,2121728,1244.62,572,-2.0726,-0.014662,5.762466,0.473307,0.016175,0.0608,1154.45,571.7,-1.6425,3161,0,18150,1
3892,2121728,1355.82,622,-2.1471,-0.014662,5.762466,0.473307,0.016175,0.0608,1155.55,572.4,-1.6453,3156,2,18700,1
3893,2121728,1304.41,595,-2.158,-0.014662,5.762466,0.473307,0.016175,0.0608,1156.13,572.7,-1.6477,3156,1,18400,1
3894,2123776,1295.75,626,-2.1762,-0.015536,6.840248,0.595076,0.013828,0.0535,1156.73,573.5,-1.6502,3156,0,18700,1
3895,2123776,1200.56,518,-2.1856,-0.015536,6.840248,0.595076,0.013828,0.0535,1156.39,573.1,-1.652,3161,0,18450,1
3896,2123776,1255.27,579,-2.2748,-0.015536,6.840248,0.595076,0.013828,0.0535,1156.66,573.1,-1.6539,3156,1,18350,1
3897,2123776,1246.19,537,-2.2992,-0.015536,6.840248,0.595076,0.013828,0.0535,1156.65,573.0,-1.6561,3161,0,20150,1
3898,2125824,1263.47,570,-2.2117,-0.005368,3.234418,0.630644,0.008683,0.0427,1156.33,572.6,-1.6577,3152,1,18900,1
3899,2125824,1146.08,688,-2.2499,-0.005368,3.234418,0.630644,0.008683,0.0427,1155.22,573.9,-1.6589,3155,0,19700,1
3900,2125824,1233.7,543,-1.911,-0.005368,3.234418,0.630644,0.008683,0.0427,1155.13,573.7,-1.6562,3161,0,19850,1
3901,2127872,1229.97,649,-1.8901,-0.01555,5.13523,0.531332,0.021037,0.0774,1155.14,575.0,-1.6531,3152,1,19650,1
3902,2127872,1240.59,541,-1.8087,-0.01555,5.13523,0.531332,0.021037,0.0774,1154.52,574.5,-1.6493,3155,1,19350,1
3903,2127872,1231.65,545,-1.8809,-0.01555,5.13523,0.531332,0.021037,0.0774,1154.42,574.5,-1.6456,3156,0,20050,1
3904,2127872,1093.71,482,-1.8846,-0.01555,5.13523,0.531332,0.021037,0.0774,1153.01,573.7,-1.6408,3161,1,18000,1
3905,2129920,1143.49,524,-2.0002,-0.015812,6.079999,0.437983,0.016132,0.0547,1151.95,573.6,-1.6373,3156,0,17200,1
3906,2129920,1245.83,560,-2.038,-0.015812,6.079999,0.437983,0.016132,0.0547,1158.4,576.0,-1.6333,3161,1,18850,1
3907,2129920,1241.03,561,-2.0687,-0.015812,6.079999,0.437983,0.016132,0.0547,1157.44,575.6,-1.6302,3152,0,17950,1
3908,2129920,1194.52,550,-2.0983,-0.015812,6.079999,0.437983,0.016132,0.0547,1164.4,578.8,-1.6274,3155,1,18200,1
3909,2131968,1201.31,552,-2.1436,-0.014115,5.870463,0.529966,0.014093,0.0579,1162.23,577.8,-1.6251,3153,0,18950,1
3910,2131968,1185.13,506,-2.1488,-0.014115,5.870463,0.529966,0.014093,0.0579,1160.6,576.2,-1.6228,3161,1,19950,1
3911,2131968,1249.17,557,-2.1814,-0.014115,5.870463,0.529966,0.014093,0.0579,1160.66,576.0,-1.6207,3156,0,18050,1
3912,2131968,1138.52,484,-2.1774,-0.014115,5.870463,0.529966,0.014093,0.0579,1159.68,575.4,-1.6192,3157,0,17750,1
3913,2134016,629.7,269,-2.1785,-0.014398,9.53602,0.431009,0.016979,0.0557,1152.16,571.7,-1.6202,2760,1,300,0
3914,2134016,626.1,267,-2.2221,-0.014398,9.53602,0.431009,0.016979,0.0557,1145.14,568.5,-1.6215,2760,1,300,0
3915,2134016,1239.14,544,-2.3206,-0.014398,9.53602,0.431009,0.016979,0.0557,1154.13,572.0,-1.6237,3156,0,18400,1
3916,2134016,1230.2,553,-2.3549,-0.014398,9.53602,0.431009,0.016979,0.0557,1153.83,567.9,-1.6277,3152,1,19750,1
3917,2134016,625.81,266,-2.315,-0.014398,9.53602,0.431009,0.016979,0.0557,1155.89,567.4,-1.6379,2748,1,300,0
3918,2136064,1033.1,505,-2.3324,-0.010247,5.026571,0.45495,0.014231,0.0381,1153.75,566.8,-1.6486,3157,0,21400,1
3919,2136064,1344.19,646,-2.4041,-0.010247,5.026571,0.45495,0.014231,0.0381,1163.02,571.4,-1.6639,3161,1,20450,1
3920,2136064,1274.73,579,-2.3362,-0.010247,5.026571,0.45495,0.014231,0.0381,1163.47,571.8,-1.6796,3161,1,18700,1
3921,2138112,1261.62,612,-1.7074,-0.002014,1.704032,0.889807,0.010487,0.1008,1163.77,572.3,-1.6893,3154,1,19850,1
3922,2138112,1244.51,542,-0.9978,-0.002014,1.704032,0.889807,0.010487,0.1008,1160.5,569.2,-1.6915,3157,0,18000,1
3923,2140160,449.2,203,-0.5114,-0.011281,0.93217,1.000113,0.004241,0.0881,1152.67,565.6,-1.6896,1948,0,100,0
3924,2140160,1203.54,556,-0.6156,-0.011281,0.93217,1.000113,0.004241,0.0881,1152.29,565.4,-1.6887,3153,1,19550,1
3925,2142208,1251.35,559,-0.3781,-0.006318,0.692505,1.091826,0.004711,0.0613,1152.16,565.3,-1.6855,3156,1,19050,1
3926,2142208,1243.48,558,-0.3225,-0.006318,0.692505,1.091826,0.004711,0.0613,1152.06,543.9,-1.6711,3161,0,18850,1
3927,2144256,1162.01,2514,-1.6191,-0.005892,0.713205,1.162684,-0.001059,0.0488,1151.16,563.1,-1.6802,3150,7,21150,1
3928,2144256,1256.99,567,-0.1927,-0.005892,0.713205,1.162684,-0.001059,0.0488,1151.4,563.1,-1.675,3161,1,18900,1
3929,2144256,1289.73,596,-0.2148,-0.005892,0.713205,1.162684,-0.001059,0.0488,1151.92,563.5,-1.6695,3161,0,18500,1
3930,2146304,1234.36,563,-0.2969,-0.013721,1.230113,0.834986,0.014151,0.1013,1151.91,563.4,-1.6644,3151,0,18950,1
3931,2146304,1113.97,2523,-1.1552,-0.013721,1.230113,0.834986,0.014151,0.1013,1150.6,583.2,-1.6677,3149,6,19000,1
3932,2146304,1293.66,589,-0.3433,-0.013721,1.230113,0.834986,0.014151,0.1013,1150.98,583.5,-1.662,3153,1,20850,1
3933,2146304,1234.08,544,-0.3705,-0.013721,1.230113,0.834986,0.014151,0.1013,1150.9,583.6,-1.6551,3155,0,18200,1
3934,2148352,1148.47,535,-0.5795,-0.012993,2.677361,0.570936,0.015808,0.0732,1150.03,583.3,-1.649,3151,0,18850,1
3935,2148352,1242.81,547,-0.6206,-0.012993,2.677361,0.570936,0.015808,0.0732,1150.04,583.3,-1.6429,3161,0,18600,1
3936,2148352,1237.44,566,-0.7504,-0.012993,2.677361,0.570936,0.015808,0.0732,1150.07,583.8,-1.6363,3161,2,18700,1
3937,2150400,1364.5,644,-1.0562,-0.014351,4.512164,0.557731,0.021307,0.0583,1151.3,584.7,-1.6321,3161,1,19400,1
3938,2150400,1355.12,653,-1.1166,-0.014351,4.512164,0.557731,0.021307,0.0583,1152.53,585.0,-1.6284,3155,2,20150,1
3939,2150400,1441.87,1181,-1.0261,-0.014351,4.512164,0.557731,0.021307,0.0583,1153.91,591.0,-1.6263,3161,0,19000,1
3940,2152448,1245.75,570,-1.1985,-0.015116,1.343783,0.845652,0.021557,0.0945,1154.15,591.2,-1.6283,3151,0,18350,1
3941,2152448,1232.84,525,-0.9463,-0.015116,1.343783,0.845652,0.021557,0.0945,1152.55,589.8,-1.628,3149,0,18650,1
3942,2154496,1244.57,567,-0.8984,-0.016183,7.59077,0.428403,0.017769,0.0605,1160.78,593.5,-1.6292,3154,0,21200,1
3943,2154496,1258.01,580,-0.9194,-0.016183,7.59077,0.428403,0.017769,0.0605,1161.03,593.8,-1.6302,3156,0,21100,1
3944,2154496,1230.61,551,-0.9505,-0.016183,7.59077,0.428403,0.017769,0.0605,1160.9,593.9,-1.6321,3151,0,18300,1
3945,2154496,648.34,325,-1.0911,-0.016183,7.59077,0.428403,0.017769,0.0605,1154.85,591.3,-1.6353,2752,0,100,0
3946,2156544,1244.25,554,-1.3076,-0.01359,6.668087,0.448548,0.015863,0.05,1154.84,591.3,-1.6407,3157,0,18400,1
3947,2156544,1305.11,592,-1.3571,-0.01359,6.668087,0.448548,0.015863,0.05,1156.64,572.3,-1.6379,3157,0,19350,1
3948,2156544,1207.17,558,-1.3405,-0.01359,6.668087,0.448548,0.015863,0.05,1164.51,575.9,-1.6437,3154,2,19300,1
3949,2156544,1270.74,561,-1.4285,-0.01359,6.668087,0.448548,0.015863,0.05,1164.43,575.6,-1.6504,3152,1,18600,1
3950,2158592,1080.79,463,-1.4352,-0.005507,2.154926,0.558098,0.008937,0.0503,1163.73,575.3,-1.6573,3156,0,18050,1
3951,2158592,1314.89,548,-1.3636,-0.005507,2.154926,0.558098,0.008937,0.0503,1164.4,575.2,-1.6628,3149,0,19050,1
3952,2158592,1241.04,544,-1.3536,-0.005507,2.154926,0.558098,0.008937,0.0503,1164.24,575.3,-1.6676,3153,0,18950,1
3953,2158592,1210.16,963,-1.4611,-0.005507,2.154926,0.558098,0.008937,0.0503,1164.01,579.5,-1.6721,3155,0,13750,1
3954,2160640,1258.78,571,-1.3091,-0.006904,3.840326,0.569413,0.012213,0.0603,1170.23,582.4,-1.6736,3150,0,18200,1
3955,2160640,1151.65,530,-1.3157,-0.006904,3.840326,0.569413,0.012213,0.0603,1169.22,581.7,-1.6765,3156,0,18100,1
3956,2160640,1457.55,690,-1.3712,-0.006904,3.840326,0.569413,0.012213,0.0603,1179.58,586.7,-1.6782,3155,4,19500,1
3957,2162688,1253.39,565,-1.5442,-0.016921,5.577342,0.571482,0.020628,0.062,1187.91,590.5,-1.6812,3155,0,18400,1
3958,2162688,1229.67,545,-1.5752,-0.016921,5.577342,0.571482,0.020628,0.062,1187.15,590.0,-1.6828,3154,0,19750,1
3959,2162688,1501.91,899,-1.6561,-0.016921,5.577342,0.571482,0.020628,0.062,1189.16,592.7,-1.6851,3156,1,19150,1
3960,2162688,561.08,254,-1.6869,-0.016921,5.577342,0.571482,0.020628,0.062,1181.56,588.6,-1.688,2468,0,200,0
3961,2164736,982.01,570,-1.8669,-0.009934,1.984296,0.716444,0.0141,0.0632,1178.61,588.6,-1.6915,3161,0,17650,1
3962,2164736,1190.48,526,-1.4331,-0.009934,1.984296,0.716444,0.0141,0.0632,1186.31,592.0,-1.688,3161,0,18450,1
3963,2164736,1251.19,529,-1.2869,-0.009934,1.984296,0.716444,0.0141,0.0632,1186.17,591.8,-1.6846,3161,2,19950,1
3964,2164736,342.1,159,-1.0954,-0.009934,1.984296,0.716444,0.0141,0.0632,1176.3,587.7,-1.6789,1432,0,200,0
3965,2164736,1230.57,549,-1.2137,-0.009934,1.984296,0.716444,0.0141,0.0632,1176.21,587.6,-1.6737,3149,0,18600,1
3966,2166784,1207.47,547,-1.1713,-0.013245,6.558186,0.435939,0.015437,0.0544,1175.92,587.8,-1.6676,3153,1,17800,1
3967,2166784,1208.31,540,-1.3821,-0.013245,6.558186,0.435939,0.015437,0.0544,1175.64,587.8,-1.6621,3161,1,17700,1
3968,2166784,1236.5,550,-1.4092,-0.013245,6.558186,0.435939,0.015437,0.0544,1175.98,588.1,-1.6562,3157,0,18300,1
3969,2168832,1262.68,585,-1.4699,-0.016346,6.618349,0.49262,0.017027,0.0681,1176.27,588.4,-1.6507,3154,0,18050,1
3970,2168832,365.39,168,-1.5422,-0.016346,6.618349,0.49262,0.017027,0.0681,1166.71,583.7,-1.6449,1519,0,100,0
3971,2168832,1242.77,553,-1.498,-0.016346,6.618349,0.49262,0.017027,0.0681,1171.16,585.4,-1.6374,3157,0,17800,1
3972,2168832,418.66,192,-1.6395,-0.016346,6.618349,0.49262,0.017027,0.0681,1163.08,582.0,-1.6319,1797,0,200,0
3973,2168832,1240.56,556,-1.6624,-0.016346,6.618349,0.49262,0.017027,0.0681,1163.07,582.0,-1.6267,3161,0,18050,1
3974,2170880,1244.98,546,-1.7222,-0.011285,5.202944,0.454604,0.016763,0.0474,1163.02,582.0,-1.6214,3161,0,20050,1
3975,2170880,1270.24,637,-1.7638,-0.011285,5.202944,0.454604,0.016763,0.0474,1163.78,583.2,-1.6166,3155,0,18200,1
3976,2170880,1154.6,520,-1.7301,-0.011285,5.202944,0.454604,0.016763,0.0474,1163.03,582.6,-1.6111,3154,2,21450,1
3977,2172928,1345.79,597,-1.842,-0.019378,5.838134,0.563784,0.019418,0.0642,1164.08,583.0,-1.6068,3151,2,21050,1
3978,2172928,1262.88,557,-1.8851,-0.019378,5.838134,0.563784,0.019418,0.0642,1164.36,582.9,-1.6027,3154,0,18700,1
3979,2172928,1266.31,558,-1.9046,-0.019378,5.838134,0.563784,0.019418,0.0642,1164.65,583.0,-1.5988,3152,1,20550,1
3980,2172928,1265.09,673,-1.9449,-0.019378,5.838134,0.563784,0.019418,0.0642,1164.0,583.4,-1.5949,3153,0,16900,1
3981,2174976,1253.79,550,-2.014,-0.012273,4.354078,0.558118,0.014206,0.0447,1164.1,583.0,-1.5918,3151,1,19250,1
3982,2174976,1238.85,614,-2.0047,-0.012273,4.354078,0.558118,0.014206,0.0447,1165.1,584.1,-1.5888,3161,0,17850,1
3983,2174976,1381.15,615,-2.023,-0.012273,4.354078,0.558118,0.014206,0.0447,1170.32,585.5,-1.5862,3161,3,22950,1
3984,2174976,1286.59,559,-2.0427,-0.012273,4.354078,0.558118,0.014206,0.0447,1170.82,585.6,-1.5838,3157,1,18600,1
3985,2177024,1250.22,533,-2.0759,-0.017282,9.090205,0.454741,0.017835,0.0559,1170.08,584.5,-1.5819,3151,0,18500,1
3986,2177024,1236.23,542,-2.1254,-0.017282,9.090205,0.454741,0.017835,0.0559,1169.99,584.1,-1.5808,3161,0,18100,1
3987,2177024,1254.27,586,-2.1528,-0.017282,9.090205,0.454741,0.017835,0.0559,1170.64,584.7,-1.5807,3154,0,18050,1
3988,2177024,1240.82,550,-2.1859,-0.017282,9.090205,0.454741,0.017835,0.0559,1171.13,584.9,-1.581,3151,0,18950,1
3989,2179072,1341.94,613,-2.2326,-0.014636,6.196532,0.533107,0.014869,0.0544,1172.25,585.5,-1.5822,3155,1,19950,1
3990,2179072,571.09,257,-2.3989,-0.014636,6.196532,0.533107,0.014869,0.0544,1171.64,585.3,-1.5857,2468,0,100,0
3991,2179072,1248.66,551,-2.3542,-0.014636,6.196532,0.533107,0.014869,0.0544,1171.68,585.1,-1.5886,3153,0,18250,1
3992,2181120,1242.75,552,-1.9735,-0.010771,2.56338,0.698967,0.01553,0.0674,1170.55,584.4,-1.5868,3156,0,17850,1
3993,2181120,1245.79,536,-1.9115,-0.010771,2.56338,0.698967,0.01553,0.0674,1169.97,583.8,-1.5844,3161,1,18700,1
3994,2181120,384.45,178,-1.3434,-0.010771,2.56338,0.698967,0.01553,0.0674,1160.85,579.3,-1.576,1514,0,100,0
3995,2183168,1305.21,602,-1.391,-0.008351,1.305993,0.820084,0.007011,0.0603,1161.9,580.1,-1.5681,3155,1,18600,1
3996,2183168,1311.47,605,-1.036,-0.008351,1.305993,0.820084,0.007011,0.0603,1162.46,580.4,-1.5557,3152,0,18800,1
3997,2183168,1243.16,558,-0.8924,-0.008351,1.305993,0.820084,0.007011,0.0603,1162.43,580.6,-1.5416,3155,0,18550,1
3998,2185216,1234.34,547,-0.7942,-0.008714,1.246555,0.875192,0.005843,0.0513,1162.14,580.4,-1.5275,3150,0,19750,1
3999,2185216,626.98,266,-0.7523,-0.008714,1.246555,0.875192,0.005843,0.0513,1156.95,576.2,-1.5125,2760,1,300,0
4000,2185216,1313.11,610,-0.7674,-0.008714,1.246555,0.875192,0.005843,0.0513,1157.74,576.8,-1.501,3157,0,19050,1
4001,2187264,1255.35,581,-0.751,-0.00744,1.188102,0.78897,0.007954,0.0486,1158.0,576.1,-1.4897,3161,0,18250,1
4002,2187264,1193.89,508,-0.7193,-0.00744,1.188102,0.78897,0.007954,0.0486,1157.53,575.8,-1.4788,3153,0,18150,1
4003,2187264,1160.94,2525,-1.8689,-0.00744,1.188102,0.78897,0.007954,0.0486,1156.82,595.6,-1.4786,3154,4,21450,1
4004,2187264,1251.97,540,-0.7314,-0.00744,1.188102,0.78897,0.007954,0.0486,1158.41,596.2,-1.4671,3154,0,18300,1
4005,2187264,629.1,272,-0.7636,-0.00744,1.188102,0.78897,0.007954,0.0486,1153.26,593.7,-1.4547,2754,1,300,0
4006,2189312,1244.71,581,-0.8752,-0.00972,3.003038,0.490672,0.013348,0.0505,1153.25,593.9,-1.4431,3161,0,18750,1
4007,2189312,1316.36,577,-0.8987,-0.00972,3.003038,0.490672,0.013348,0.0505,1154.0,594.0,-1.4314,3156,1,21050,1
4008,2191360,1224.58,559,-1.0024,-0.019539,4.979513,0.549868,0.0192,0.0588,1154.3,594.1,-1.4205,3152,0,18450,1
4009,2191360,1246.31,561,-1.1386,-0.019539,4.979513,0.549868,0.0192,0.0588,1154.75,594.2,-1.4104,3157,0,18100,1
4010,2191360,1237.25,527,-1.1708,-0.019539,4.979513,0.549868,0.0192,0.0588,1155.28,594.4,-1.4006,3151,0,18400,1
4011,2193408,1339.29,621,-1.2318,-0.007188,1.343082,0.740141,0.008502,0.0686,1156.18,595.1,-1.3911,3154,2,20500,1
4012,2193408,1255.63,541,-1.0116,-0.007188,1.343082,0.740141,0.008502,0.0686,1157.35,595.6,-1.3795,3161,0,20050,1
4013,2193408,1249.14,570,-0.9799,-0.007188,1.343082,0.740141,0.008502,0.0686,1163.54,598.7,-1.3675,3161,0,18150,1
4014,2195456,1245.43,570,-0.8334,-0.005626,1.207483,0.873024,0.003607,0.0537,1169.74,601.7,-1.3536,3156,0,18900,1
4015,2195456,1294.43,588,-0.8063,-0.005626,1.207483,0.873024,0.003607,0.0537,1170.29,602.1,-1.3385,3151,2,18650,1
4016,2195456,1242.6,552,-0.7776,-0.005626,1.207483,0.873024,0.003607,0.0537,1170.41,602.1,-1.3227,3157,0,18950,1
4017,2197504,1249.2,548,-0.7603,-0.007374,1.243467,0.832552,0.009473,0.0967,1176.65,604.9,-1.3071,3161,0,18300,1
4018,2197504,1231.16,537,-0.7676,-0.007374,1.243467,0.832552,0.009473,0.0967,1178.63,605.3,-1.2915,3157,0,18600,1
4019,2197504,1145.68,2504,-1.4889,-0.007374,1.243467,0.832552,0.009473,0.0967,1176.64,623.8,-1.2823,3161,0,18300,1
4020,2197504,1239.71,568,-0.7806,-0.007374,1.243467,0.832552,0.009473,0.0967,1176.29,623.7,-1.2668,3156,0,19450,1
4021,2199552,474.57,209,-0.9128,-0.008389,1.840506,0.624914,0.009943,0.0569,1168.42,619.7,-1.2588,1946,0,100,0
4022,2199552,1428.43,610,-0.8644,-0.008389,1.840506,0.624914,0.009943,0.0569,1170.26,620.4,-1.2575,3149,2,19600,1
4023,2201600,1313.37,616,-0.9538,-0.02135,5.961788,0.480598,0.026304,0.0718,1178.9,624.5,-1.2619,3156,1,22050,1
4024,2201600,1249.02,553,-0.9554,-0.02135,5.961788,0.480598,0.026304,0.0718,1179.36,624.5,-1.2653,3161,0,18850,1
4025,2201600,1231.87,580,-1.065,-0.02135,5.961788,0.480598,0.026304,0.0718,1179.16,624.7,-1.2722,3155,0,19350,1
4026,2201600,1227.29,579,-1.184,-0.02135,5.961788,0.480598,0.026304,0.0718,1179.0,624.9,-1.2808,3161,0,18100,1
4027,2203648,1241.63,530,-1.2654,-0.018431,6.424874,0.471712,0.019533,0.0635,1179.8,605.1,-1.2773,3154,0,18500,1
4028,2203648,1255.02,555,-1.2778,-0.018431,6.424874,0.471712,0.019533,0.0635,1179.78,604.9,-1.2881,3161,1,18300,1
4029,2203648,1239.32,542,-1.372,-0.018431,6.424874,0.471712,0.019533,0.0635,1179.27,604.4,-1.2997,3150,0,19350,1
4030,2203648,1246.5,574,-1.4901,-0.018431,6.424874,0.471712,0.019533,0.0635,1179.39,604.5,-1.3116,3150,0,18300,1
4031,2203648,575.93,406,-1.7027,-0.018431,6.424874,0.471712,0.019533,0.0635,1174.01,583.3,-1.3171,2470,0,100,0
4032,2205696,1339.52,597,-1.5586,-0.011891,3.155712,0.566207,0.012226,0.0427,1174.47,583.4,-1.3292,3150,1,18700,1
4033,2205696,1234.21,559,-1.5717,-0.011891,3.155712,0.566207,0.012226,0.0427,1174.47,583.6,-1.3413,3161,0,17850,1
4034,2205696,1246.92,548,-1.6077,-0.011891,3.155712,0.566207,0.012226,0.0427,1175.46,583.7,-1.3515,3155,1,18700,1
4035,2207744,1237.74,549,-1.6894,-0.017129,4.433142,0.570523,0.020424,0.0591,1175.41,583.7,-1.3622,3149,0,18950,1
4036,2207744,1241.45,573,-1.78,-0.017129,4.433142,0.570523,0.020424,0.0591,1175.45,583.8,-1.3725,3157,0,19950,1
4037,2209792,1229.71,1295,-1.7938,-0.014032,1.421352,0.870953,0.024571,0.1006,1174.1,590.3,-1.3799,3161,2,21400,1
4038,2209792,1299.77,599,-1.3781,-0.014032,1.421352,0.870953,0.024571,0.1006,1173.55,589.8,-1.3825,3156,2,18850,1
4039,2209792,1269.89,557,-1.1301,-0.014032,1.421352,0.870953,0.024571,0.1006,1171.83,583.5,-1.3836,3154,0,19050,1
4040,2209792,628.28,273,-0.6292,-0.014032,1.421352,0.870953,0.024571,0.1006,1165.65,580.5,-1.3779,2747,0,100,0
4041,2209792,1163.84,1033,-1.5512,-0.014032,1.421352,0.870953,0.024571,0.1006,1164.96,585.6,-1.3839,3152,2,18400,1
4042,2211840,949.44,447,-0.6702,-0.016559,1.22539,0.894035,0.020103,0.0811,1162.01,584.4,-1.3816,3157,0,19850,1
4043,2211840,1243.2,550,-0.6579,-0.016559,1.22539,0.894035,0.020103,0.0811,1161.86,584.1,-1.379,3161,0,18950,1
4044,2213888,1250.74,573,-0.6842,-0.010788,5.323541,0.505397,0.008441,0.0254,1162.06,584.4,-1.3764,3152,0,17850,1
4045,2213888,1396.72,636,-0.7254,-0.010788,5.323541,0.505397,0.008441,0.0254,1169.55,587.5,-1.3727,3153,2,19150,1
4046,2213888,1247.38,553,-0.8048,-0.010788,5.323541,0.505397,0.008441,0.0254,1169.58,587.5,-1.3677,3161,0,18350,1
4047,2213888,656.33,291,-0.9084,-0.010788,5.323541,0.505397,0.008441,0.0254,1163.09,584.4,-1.3632,2751,0,100,0
4048,2213888,1192.47,574,-0.922,-0.010788,5.323541,0.505397,0.008441,0.0254,1162.94,584.6,-1.359,3156,0,17600,1
4049,2215936,1236.18,560,-1.0213,-0.015154,5.288678,0.442122,0.0127,0.0408,1162.6,584.6,-1.3549,3161,0,18300,1
4050,2215936,584.82,271,-1.1655,-0.015154,5.288678,0.442122,0.0127,0.0408,1157.64,582.7,-1.3522,2468,0,100,0
4051,2215936,1236.65,561,-1.1523,-0.015154,5.288678,0.442122,0.0127,0.0408,1156.86,582.8,-1.3501,3152,0,17850,1
4052,2217984,1341.31,629,-1.2904,-0.012228,5.972365,0.475502,0.013311,0.0356,1157.86,583.6,-1.3495,3157,1,21200,1
4053,2217984,1154.04,532,-1.3273,-0.012228,5.972365,0.475502,0.013311,0.0356,1157.3,579.3,-1.3481,3152,0,20600,1
4054,2217984,1261.97,542,-1.3655,-0.012228,5.972365,0.475502,0.013311,0.0356,1157.33,579.0,-1.3487,3156,2,18900,1
4055,2217984,1235.61,568,-1.4393,-0.012228,5.972365,0.475502,0.013311,0.0356,1158.17,579.4,-1.3499,3157,0,18800,1
4056,2217984,652.51,296,-1.4182,-0.012228,5.972365,0.475502,0.013311,0.0356,1150.12,575.5,-1.3504,2747,0,100,0
4057,2220032,1239.56,533,-1.4958,-0.015825,6.540299,0.441813,0.019303,0.0542,1149.98,575.2,-1.3499,3161,0,19750,1
4058,2220032,635.78,284,-1.524,-0.015825,6.540299,0.441813,0.019303,0.0542,1144.04,572.6,-1.3494,2753,0,100,0
4059,2220032,1197.0,529,-1.6155,-0.015825,6.540299,0.441813,0.019303,0.0542,1140.99,568.9,-1.349,3151,0,19700,1
4060,2220032,1221.3,579,-1.7457,-0.015825,6.540299,0.441813,0.019303,0.0542,1147.59,572.1,-1.3496,3154,0,18200,1
4061,2222080,1226.95,564,-1.8081,-0.016079,4.644985,0.522864,0.017293,0.0608,1150.04,572.0,-1.349,3157,0,18300,1
4062,2222080,419.76,198,-1.7655,-0.016079,4.644985,0.522864,0.017293,0.0608,1142.34,568.8,-1.3523,1790,0,200,0
4063,2222080,1312.81,656,-1.8497,-0.016079,4.644985,0.522864,0.017293,0.0608,1142.95,570.0,-1.358,3152,0,19150,1
4064,2224128,624.79,271,-1.703,-0.009506,1.726394,0.811483,0.013292,0.072,1145.78,571.2,-1.364,2746,0,100,0
4065,2224128,1259.78,608,-1.5865,-0.009506,1.726394,0.811483,0.013292,0.072,1146.07,571.8,-1.3678,3153,2,19750,1
4066,2224128,627.82,271,-0.9037,-0.009506,1.726394,0.811483,0.013292,0.072,1140.28,569.0,-1.3651,2760,1,300,0
4067,2224128,1335.15,682,-1.4718,-0.009506,1.726394,0.811483,0.013292,0.072,1141.54,570.4,-1.366,3157,1,18050,1
4068,2224128,397.41,194,-0.9193,-0.009506,1.726394,0.811483,0.013292,0.072,1133.15,566.9,-1.3611,1659,0,100,0
4069,2226176,1251.23,558,-0.7333,-0.005673,0.993274,0.914457,0.002963,0.0452,1133.04,566.6,-1.3537,3156,0,18350,1
4070,2228224,899.03,884,-0.9309,-0.006492,0.880446,1.022837,0.004064,0.0701,1138.37,573.7,-1.3476,2757,1,500,0
4071,2228224,1478.29,670,-0.6721,-0.006492,0.880446,1.022837,0.004064,0.0701,1140.73,574.9,-1.3394,3161,3,18500,1
4072,2228224,919.38,395,-0.5817,-0.006492,0.880446,1.022837,0.004064,0.0701,1145.74,576.9,-1.3288,2761,2,500,0
4073,2228224,913.86,389,-0.5438,-0.006492,0.880446,1.022837,0.004064,0.0701,1142.47,575.3,-1.3176,2760,1,300,0
4074,2230272,709.23,309,-0.5505,-0.008731,1.226576,0.755922,0.009565,0.0481,1137.11,572.9,-1.3059,2760,0,100,0
4075,2230272,1107.2,2458,-1.618,-0.008731,1.226576,0.755922,0.009565,0.0481,1135.48,591.1,-1.3044,3151,3,20450,1
4076,2230272,1347.54,615,-0.5978,-0.008731,1.226576,0.755922,0.009565,0.0481,1137.41,592.1,-1.2931,3157,1,19550,1
4077,2230272,626.59,274,-0.6308,-0.008731,1.226576,0.755922,0.009565,0.0481,1130.22,588.8,-1.281,2756,1,400,0
4078,2232320,1255.55,587,-0.6286,-0.013086,4.180098,0.535424,0.013629,0.0378,1130.15,589.1,-1.2684,3157,1,18200,1
4079,2232320,1274.91,612,-0.7083,-0.013086,4.180098,0.535424,0.013629,0.0378,1130.23,589.7,-1.2564,3157,1,18450,1
4080,2232320,1214.2,536,-0.7547,-0.013086,4.180098,0.535424,0.013629,0.0378,1129.72,588.3,-1.2445,2763,1,300,0
4081,2232320,565.16,249,-0.9762,-0.013086,4.180098,0.535424,0.013629,0.0378,1122.84,585.3,-1.2342,2473,0,100,0
4082,2234368,1202.67,538,-0.9662,-0.013398,6.152603,0.404391,0.017461,0.0515,1122.48,584.5,-1.2238,3161,1,19750,1
4083,2234368,1379.09,592,-0.9759,-0.013398,6.152603,0.404391,0.017461,0.0515,1122.45,584.3,-1.2133,3151,2,19500,1
4084,2234368,1250.08,554,-1.0669,-0.013398,6.152603,0.404391,0.017461,0.0515,1122.09,584.2,-1.2036,3157,0,18400,1
4085,2234368,1243.07,554,-1.1868,-0.013398,6.152603,0.404391,0.017461,0.0515,1122.02,584.5,-1.1947,3161,0,17850,1
4086,2236416,1242.58,520,-1.3043,-0.01718,6.893189,0.459824,0.021661,0.0613,1122.08,584.2,-1.1865,3156,0,21600,1
4087,2236416,1229.48,573,-1.3727,-0.01718,6.893189,0.459824,0.021661,0.0613,1121.83,584.1,-1.1787,3156,0,18100,1
4088,2236416,626.06,270,-1.533,-0.01718,6.893189,0.459824,0.021661,0.0613,1115.69,581.3,-1.1721,2760,1,300,0
4089,2236416,1257.63,590,-1.4408,-0.01718,6.893189,0.459824,0.021661,0.0613,1114.84,581.1,-1.1642,3153,1,18950,1
4090,2238464,1246.84,594,-1.6201,-0.018227,5.018783,0.492627,0.02163,0.0598,1121.6,584.5,-1.1564,3161,1,18250,1
4091,2238464,1186.4,546,-1.6304,-0.018227,5.018783,0.492627,0.02163,0.0598,1120.98,584.4,-1.1492,3152,2,18350,1
4092,2238464,1238.85,573,-1.6634,-0.018227,5.018783,0.492627,0.02163,0.0598,1120.94,584.6,-1.1461,3161,0,17600,1
4093,2238464,1663.21,786,-1.6362,-0.018227,5.018783,0.492627,0.02163,0.0598,1125.11,587.1,-1.1433,3154,4,20900,1
4094,2240512,1346.89,623,-1.7793,-0.020093,3.997704,0.629259,0.020422,0.0591,1134.74,591.6,-1.1477,3157,1,18400,1
4095,2240512,1318.95,621,-1.844,-0.020093,3.997704,0.629259,0.020422,0.0591,1134.87,591.8,-1.1522,3161,3,20550,1
4096,2240512,1240.81,551,-1.8345,-0.020093,3.997704,0.629259,0.020422,0.0591,1134.17,591.2,-1.1602,3153,0,18500,1
4097,2240512,1229.5,564,-1.8541,-0.020093,3.997704,0.629259,0.020422,0.0591,1134.03,591.3,-1.1698,3152,0,18050,1
4098,2242560,627.96,265,-1.9797,-0.018518,6.078882,0.551753,0.0203,0.0552,1127.97,588.5,-1.1817,2760,1,300,0
4099,2242560,1264.51,554,-1.9358,-0.018518,6.078882,0.551753,0.0203,0.0552,1134.34,591.3,-1.1935,3155,1,18300,1
4100,2242560,1234.85,543,-1.9583,-0.018518,6.078882,0.551753,0.0203,0.0552,1133.56,590.7,-1.2054,3156,0,19850,1
4101,2242560,1205.69,529,-1.9504,-0.018518,6.078882,0.551753,0.0203,0.0552,1133.06,590.1,-1.2174,3161,0,18300,1
4102,2244608,1091.6,453,-2.0854,-0.01397,8.617378,0.35355,0.019909,0.0439,1132.04,589.6,-1.2311,2755,0,200,0
4103,2244608,1227.91,576,-2.142,-0.01397,8.617378,0.35355,0.019909,0.0439,1132.71,570.1,-1.2338,3155,0,17850,1
4104,2244608,1238.19,540,-2.175,-0.01397,8.617378,0.35355,0.019909,0.0439,1132.57,570.1,-1.2482,3155,0,18650,1
4105,2246656,1238.37,567,-1.5462,-0.010758,2.517191,0.631669,0.01772,0.0818,1138.67,573.0,-1.2561,3154,0,18100,1
4106,2246656,1475.6,670,-1.5971,-0.010758,2.517191,0.631669,0.01772,0.0818,1140.97,573.9,-1.2633,3156,2,19550,1
4107,2248704,711.69,314,-0.5556,-0.007196,0.955999,1.12793,0.007752,0.0793,1134.93,571.3,-1.2599,2759,0,200,0
4108,2250752,1181.09,600,-0.4084,-0.008917,0.671568,1.14683,0.006619,0.052,1134.49,571.7,-1.2539,3157,0,21600,1
4109,2250752,1232.17,569,-0.2553,-0.008917,0.671568,1.14683,0.006619,0.052,1134.35,571.8,-1.2451,3153,0,18950,1
4110,2250752,645.76,278,-0.1833,-0.008917,0.671568,1.14683,0.006619,0.052,1128.44,569.3,-1.2352,2760,0,100,0
4111,2252800,709.96,309,-0.1811,-0.007064,0.679636,1.103223,0.011502,0.0999,1122.14,566.2,-1.2247,2760,0,100,0
4112,2252800,1053.43,2439,-1.5999,-0.007064,0.679636,1.103223,0.011502,0.0999,1120.12,585.2,-1.2306,3161,4,19000,1
4113,2252800,1259.96,569,-0.169,-0.007064,0.679636,1.103223,0.011502,0.0999,1120.23,585.2,-1.2225,3155,1,18700,1
4114,2252800,914.06,383,-0.167,-0.007064,0.679636,1.103223,0.011502,0.0999,1116.92,583.3,-1.2158,2760,1,300,0
4115,2254848,1110.51,2461,-1.3707,-0.00645,1.030222,0.850644,0.001799,0.072,1115.08,602.0,-1.2215,3157,4,20950,1
4116,2254848,1320.42,603,-0.2816,-0.00645,1.030222,0.850644,0.001799,0.072,1115.86,602.5,-1.2165,3155,0,18650,1
4117,2256896,1256.36,556,-0.2873,-0.013209,1.581433,0.761331,0.011976,0.0696,1115.93,602.6,-1.2118,3154,0,19400,1
4118,2256896,1230.19,549,-0.3151,-0.013209,1.581433,0.761331,0.011976,0.0696,1115.92,602.7,-1.2072,3161,0,18000,1
4119,2256896,731.99,320,-0.5352,-0.013209,1.581433,0.761331,0.011976,0.0696,1111.78,580.9,-1.1977,2760,0,100,0
4120,2258944,1237.48,535,-0.4657,-0.012537,1.307003,0.646618,0.010164,0.0491,1111.76,580.6,-1.1945,3152,0,18450,1
4121,2258944,628.71,269,-0.6493,-0.012537,1.307003,0.646618,0.010164,0.0491,1113.3,581.2,-1.1919,2760,0,100,0
4122,2258944,1230.19,556,-0.5494,-0.012537,1.307003,0.646618,0.010164,0.0491,1111.32,580.6,-1.1888,3161,0,18950,1
4123,2260992,1255.67,558,-0.3505,-0.008589,0.731097,1.031529,0.009057,0.0613,1110.74,580.0,-1.1827,3154,0,18400,1
4124,2260992,1235.21,555,-0.307,-0.008589,0.731097,1.031529,0.009057,0.0613,1110.6,580.1,-1.1762,3150,0,18500,1
4125,2263040,1103.71,2461,-1.0328,-0.007309,0.680929,1.115019,0.000771,0.0493,1109.32,598.9,-1.1759,3153,4,19100,1
4126,2263040,1256.79,556,-0.0952,-0.007309,0.680929,1.115019,0.000771,0.0493,1109.62,598.6,-1.165,3155,1,19250,1
4127,2263040,1364.17,589,-0.1056,-0.007309,0.680929,1.115019,0.000771,0.0493,1110.84,599.2,-1.1534,3161,0,19200,1
4128,2265088,1231.12,563,-0.1819,-0.005346,1.247342,0.778035,0.004096,0.0422,1110.6,599.3,-1.1425,3154,0,18200,1
4129,2265088,1344.87,601,-0.2793,-0.005346,1.247342,0.778035,0.004096,0.0422,1111.66,599.9,-1.1316,3155,2,19550,1
4130,2267136,1257.0,565,-0.2843,-0.009189,1.406379,0.766776,0.007945,0.0562,1111.76,599.8,-1.1195,3157,1,18550,1
4131,2267136,1153.27,2479,-1.0648,-0.009189,1.406379,0.766776,0.007945,0.0562,1117.54,620.5,-1.1131,3161,4,19550,1
4132,2267136,1289.51,565,-0.359,-0.009189,1.406379,0.766776,0.007945,0.0562,1117.04,620.2,-1.1011,3155,1,18900,1
4133,2269184,1252.71,568,-0.4328,-0.017011,7.939227,0.416776,0.021022,0.0662,1117.22,620.3,-1.0897,3161,1,18400,1
4134,2269184,1243.69,546,-0.4446,-0.017011,7.939227,0.416776,0.021022,0.0662,1117.19,620.3,-1.0781,3161,0,18300,1
4135,2269184,1252.51,555,-0.4635,-0.017011,7.939227,0.416776,0.021022,0.0662,1117.34,620.4,-1.0658,3151,1,19150,1
4136,2269184,1237.2,529,-0.7304,-0.017011,7.939227,0.416776,0.021022,0.0662,1117.29,619.9,-1.0553,3151,0,18700,1
4137,2269184,825.6,357,-0.9113,-0.017011,7.939227,0.416776,0.021022,0.0662,1113.25,610.5,-1.0465,2757,0,100,0
4138,2271232,1247.12,551,-1.0096,-0.01356,6.610465,0.380818,0.017507,0.0615,1112.73,610.0,-1.0428,3161,0,19050,1
4139,2271232,628.06,275,-1.016,-0.01356,6.610465,0.380818,0.017507,0.0615,1106.31,607.2,-1.0417,2760,0,100,0
4140,2271232,1249.14,575,-1.0318,-0.01356,6.610465,0.380818,0.017507,0.0615,1112.52,610.2,-1.0457,3161,0,21200,1
4141,2271232,1244.17,558,-1.2893,-0.01356,6.610465,0.380818,0.017507,0.0615,1113.32,605.5,-1.0431,3157,0,18350,1
4142,2273280,1238.85,538,-1.4457,-0.016467,7.157391,0.420476,0.020797,0.0691,1116.21,606.4,-1.0509,3156,0,20050,1
4143,2273280,1196.47,545,-1.4277,-0.016467,7.157391,0.420476,0.020797,0.0691,1115.75,606.4,-1.0586,3152,0,18500,1
4144,2273280,1293.05,584,-1.5933,-0.016467,7.157391,0.420476,0.020797,0.0691,1116.17,606.5,-1.0676,3152,1,18900,1
4145,2275328,1094.87,493,-1.4218,-0.008048,1.570954,0.793501,0.007756,0.0732,1113.15,605.0,-1.0746,3153,1,19950,1
4146,2275328,1254.71,541,-1.4307,-0.008048,1.570954,0.793501,0.007756,0.0732,1113.22,604.9,-1.0809,3156,2,18500,1
4147,2277376,1239.78,549,-0.9333,-0.010281,1.275396,0.75324,0.008528,0.0544,1119.06,607.5,-1.0811,3157,0,18950,1
4148,2277376,1232.12,535,-0.8938,-0.010281,1.275396,0.75324,0.008528,0.0544,1119.45,607.1,-1.0808,3157,0,18600,1
4149,2277376,1236.43,579,-0.9042,-0.010281,1.275396,0.75324,0.008528,0.0544,1119.46,607.3,-1.0797,3149,0,21200,1
4150,2279424,1222.27,537,-0.8484,-0.01029,1.195928,0.806698,0.009348,0.0618,1125.83,610.0,-1.0765,3157,0,21700,1
4151,2279424,909.99,432,-0.8775,-0.01029,1.195928,0.806698,0.009348,0.0618,1122.57,608.7,-1.0737,3156,0,19000,1
4152,2279424,1241.68,552,-0.8167,-0.01029,1.195928,0.806698,0.009348,0.0618,1121.57,607.9,-1.069,3155,0,18300,1
4153,2279424,1102.67,2452,-1.6099,-0.01029,1.195928,0.806698,0.009348,0.0618,1121.06,627.1,-1.0718,3161,4,19200,1
4154,2279424,624.97,267,-0.7878,-0.01029,1.195928,0.806698,0.009348,0.0618,1114.69,624.4,-1.0661,2760,0,100,0
4155,2281472,1250.97,561,-0.7931,-0.006272,1.31714,0.719662,0.005727,0.0439,1114.84,624.3,-1.0596,3157,0,18400,1
4156,2281472,1340.31,605,-0.8023,-0.006272,1.31714,0.719662,0.005727,0.0439,1121.72,627.4,-1.0534,3153,4,19550,1
4157,2283520,1254.72,563,-0.8116,-0.017968,6.962963,0.451994,0.020141,0.0588,1121.87,627.7,-1.0466,3154,1,19850,1
4158,2283520,1241.55,540,-0.8893,-0.017968,6.962963,0.451994,0.020141,0.0588,1127.93,630.2,-1.0402,3157,0,18950,1
4159,2283520,1308.24,617,-0.9535,-0.017968,6.962963,0.451994,0.020141,0.0588,1129.04,631.1,-1.0336,3155,2,21200,1
4160,2285568,1239.22,566,-1.0981,-0.018056,1.351192,0.76296,0.016697,0.0635,1129.22,631.0,-1.0271,3161,0,18850,1
4161,2285568,1233.39,558,-1.0756,-0.018056,1.351192,0.76296,0.016697,0.0635,1129.28,630.9,-1.0198,3151,0,18200,1
4162,2285568,1264.37,567,-1.0604,-0.018056,1.351192,0.76296,0.016697,0.0635,1137.73,634.6,-1.0128,3154,2,18800,1
4163,2287616,1245.04,566,-0.9661,-0.008778,1.24744,0.750954,0.009244,0.0496,1137.05,633.7,-1.0039,3153,1,18600,1
4164,2287616,1341.79,634,-0.9743,-0.008778,1.24744,0.750954,0.009244,0.0496,1144.22,637.3,-0.9966,3156,0,19900,1
4165,2287616,1229.28,535,-0.9367,-0.008778,1.24744,0.750954,0.009244,0.0496,1143.92,636.6,-0.9902,3151,0,18400,1
4166,2289664,1193.08,519,-0.9101,-0.012487,1.266334,0.758699,0.01147,0.0535,1149.57,639.1,-0.9902,3161,0,18850,1
4167,2289664,1239.85,551,-0.9147,-0.012487,1.266334,0.758699,0.01147,0.0535,1148.61,637.8,-0.9846,3157,0,18750,1
4168,2289664,1112.3,2465,-1.3719,-0.012487,1.266334,0.758699,0.01147,0.0535,1155.76,660.5,-0.9892,3156,4,19100,1
4169,2289664,1408.43,676,-0.9238,-0.012487,1.266334,0.758699,0.01147,0.0535,1157.34,661.7,-0.9911,3155,2,18550,1
4170,2291712,1241.76,564,-0.9389,-0.007756,1.411229,0.832974,0.00767,0.0518,1160.76,658.5,-0.9912,3161,0,17950,1
4171,2291712,1240.59,534,-0.9459,-0.007756,1.411229,0.832974,0.00767,0.0518,1158.39,657.1,-0.9939,3157,0,18750,1
4172,2291712,1246.35,550,-0.9506,-0.007756,1.411229,0.832974,0.00767,0.0518,1161.66,658.7,-0.9976,3155,0,18400,1
4173,2293760,1245.71,557,-0.9709,-0.016255,8.035994,0.42477,0.016841,0.05,1164.97,660.3,-1.0019,3161,0,21000,1
4174,2293760,1252.56,565,-1.2249,-0.016255,8.035994,0.42477,0.016841,0.05,1170.41,662.9,-1.0086,3157,1,18000,1
4175,2293760,1230.63,558,-1.2784,-0.016255,8.035994,0.42477,0.016841,0.05,1171.64,643.9,-1.0052,3157,0,18150,1
4176,2295808,1170.62,858,-1.1704,-0.013569,2.058527,0.766455,0.023886,0.0869,1169.87,646.3,-1.0109,3151,3,19850,1
4177,2295808,1416.14,695,-1.3143,-0.013569,2.058527,0.766455,0.023886,0.0869,1177.77,650.5,-1.0178,3161,2,21600,1
4178,2295808,1247.07,551,-1.3401,-0.013569,2.058527,0.766455,0.023886,0.0869,1177.68,650.2,-1.0249,3157,0,18150,1
4179,2297856,1240.17,529,-1.3534,-0.019316,4.570296,0.540548,0.021628,0.0564,1177.34,649.4,-1.0313,3151,0,19850,1
4180,2297856,1202.41,579,-1.3867,-0.019316,4.570296,0.540548,0.021628,0.0564,1177.22,649.8,-1.0377,3150,0,17900,1
4181,2297856,1324.53,658,-1.4788,-0.019316,4.570296,0.540548,0.021628,0.0564,1184.81,653.9,-1.0427,3154,1,20750,1
4182,2299904,1291.85,578,-1.5392,-0.020233,5.097617,0.477877,0.017786,0.0623,1185.7,654.3,-1.0484,3161,3,19350,1
4183,2299904,1243.7,563,-1.5871,-0.020233,5.097617,0.477877,0.017786,0.0623,1184.35,654.0,-1.0545,3156,0,18200,1
4184,2299904,1228.72,530,-1.6134,-0.020233,5.097617,0.477877,0.017786,0.0623,1184.14,653.7,-1.06,3155,0,17950,1
4185,2299904,1295.14,634,-1.7727,-0.020233,5.097617,0.477877,0.017786,0.0623,1184.66,654.5,-1.0658,3156,2,20250,1
4186,2301952,1239.5,542,-1.818,-0.016024,4.904344,0.525209,0.018784,0.0488,1184.63,654.8,-1.071,3155,0,19850,1
4187,2301952,1242.84,551,-1.8249,-0.016024,4.904344,0.525209,0.018784,0.0488,1184.76,654.5,-1.0755,3156,0,18200,1
4188,2301952,1225.38,565,-1.8679,-0.016024,4.904344,0.525209,0.018784,0.0488,1190.75,657.5,-1.0788,3150,0,18300,1
4189,2301952,632.67,277,-1.8038,-0.016024,4.904344,0.525209,0.018784,0.0488,1184.5,654.4,-1.0825,2748,0,300,0
4190,2304000,1256.28,540,-1.9507,-0.015182,6.722097,0.395801,0.015976,0.0427,1184.6,653.8,-1.0858,3155,1,20250,1
4191,2304000,1217.8,565,-1.983,-0.015182,6.722097,0.395801,0.015976,0.0427,1184.91,654.0,-1.0893,3161,0,19650,1
4192,2304000,1246.67,578,-2.0003,-0.015182,6.722097,0.395801,0.015976,0.0427,1184.99,654.1,-1.0927,3156,0,18450,1
4193,2304000,1239.99,549,-1.9784,-0.015182,6.722097,0.395801,0.015976,0.0427,1180.76,651.7,-1.0961,3161,0,18200,1
4194,2306048,1241.18,539,-2.0602,-0.01717,6.070995,0.441526,0.014199,0.0476,1179.7,650.9,-1.0989,3156,0,18500,1
4195,2306048,1240.25,544,-2.0723,-0.01717,6.070995,0.441526,0.014199,0.0476,1178.91,650.1,-1.1012,3153,0,18500,1
4196,2306048,1257.27,583,-2.1261,-0.01717,6.070995,0.441526,0.014199,0.0476,1179.08,650.4,-1.1041,3156,1,18450,1
4197,2306048,1237.99,560,-2.1519,-0.01717,6.070995,0.441526,0.014199,0.0476,1179.16,650.4,-1.1071,3156,0,18300,1
4198,2308096,1226.07,555,-2.2203,-0.016614,6.226177,0.472984,0.018415,0.0537,1185.14,653.3,-1.1095,3155,0,18300,1
4199,2308096,1249.82,565,-2.2267,-0.016614,6.226177,0.472984,0.018415,0.0537,1185.0,653.4,-1.1124,3153,0,18400,1
4200,2308096,1263.29,543,-2.2355,-0.016614,6.226177,0.472984,0.018415,0.0537,1185.28,653.4,-1.1152,3153,1,18850,1
4201,2308096,1270.59,542,-2.2276,-0.016614,6.226177,0.472984,0.018415,0.0537,1185.93,653.5,-1.118,3151,1,18600,1
4202,2310144,914.31,377,-2.1766,-0.014216,8.361835,0.391736,0.014486,0.0513,1184.16,652.7,-1.1189,2751,0,100,0
4203,2310144,915.61,383,-2.2788,-0.014216,8.361835,0.391736,0.014486,0.0513,1181.03,650.8,-1.1202,2760,1,300,0
4204,2310144,1310.63,587,-2.5064,-0.014216,8.361835,0.391736,0.014486,0.0513,1181.76,651.3,-1.1235,3155,1,18650,1
4205,2310144,1247.28,564,-2.515,-0.014216,8.361835,0.391736,0.014486,0.0513,1181.85,651.2,-1.1332,3151,1,18300,1
4206,2312192,1221.89,549,-2.4104,-0.013841,3.615077,0.56666,0.015017,0.0737,1179.31,650.0,-1.1414,3155,0,18300,1
4207,2312192,1267.92,563,-1.8974,-0.013841,3.615077,0.56666,0.015017,0.0737,1184.87,652.5,-1.1548,3152,1,18500,1
4208,2314240,1371.04,653,-1.7599,-0.009754,1.350136,0.847326,0.008544,0.0613,1186.77,653.1,-1.1683,3155,0,19000,1
4209,2314240,1242.89,565,-1.3483,-0.009754,1.350136,0.847326,0.008544,0.0613,1186.88,653.0,-1.1792,3156,0,18100,1
4210,2316288,1229.25,556,-0.6551,-0.007904,1.080163,0.886523,0.003355,0.0393,1192.72,655.8,-1.1839,3155,0,18950,1
4211,2316288,1191.4,524,-0.6034,-0.007904,1.080163,0.886523,0.003355,0.0393,1197.53,658.0,-1.1882,3153,1,18550,1
4212,2318336,1231.45,553,-0.5122,-0.008363,0.69765,1.077976,0.008745,0.0803,1199.31,639.1,-1.1773,3149,0,18700,1
4213,2318336,1120.98,2477,-1.6809,-0.008363,0.69765,1.077976,0.008745,0.0803,1197.92,658.2,-1.1924,3157,5,19050,1
4214,2320384,1330.5,629,-0.3141,-0.010411,0.712791,1.171331,0.000874,0.0386,1202.08,660.6,-1.1939,3156,1,20100,1
4215,2320384,1233.94,546,-0.2299,-0.010411,0.712791,1.171331,0.000874,0.0386,1203.32,641.5,-1.1825,3155,0,18100,1
4216,2322432,1244.29,570,-0.1984,-0.009119,0.675726,1.117768,0.005748,0.0752,1202.56,641.1,-1.1816,3157,0,18150,1
4217,2322432,1104.64,2451,-0.9943,-0.009119,0.675726,1.117768,0.005748,0.0752,1201.04,660.1,-1.1887,3156,4,18800,1
4218,2324480,1244.32,552,-0.1401,-0.00766,0.900455,0.910092,0.004287,0.0356,1201.18,660.1,-1.187,3152,0,18150,1
4219,2324480,1334.38,602,-0.2162,-0.00766,0.900455,0.910092,0.004287,0.0356,1207.21,663.0,-1.1838,3161,1,19450,1
4220,2324480,1233.46,578,-0.2215,-0.00766,0.900455,0.910092,0.004287,0.0356,1207.17,663.4,-1.1813,3157,0,18050,1
4221,2326528,1241.96,555,-0.2326,-0.009991,1.229482,0.815989,0.005812,0.0588,1213.3,666.2,-1.1772,3157,0,17850,1
4222,2326528,1217.33,2528,-0.891,-0.009991,1.229482,0.815989,0.005812,0.0588,1213.17,686.0,-1.1806,3161,5,20450,1
4223,2326528,1243.32,568,-0.3802,-0.009991,1.229482,0.815989,0.005812,0.0588,1213.05,686.1,-1.1809,3156,0,18100,1
4224,2326528,1243.34,544,-0.3673,-0.009991,1.229482,0.815989,0.005812,0.0588,1213.13,686.0,-1.1815,3153,0,18200,1
4225,2328576,1246.27,533,-0.45,-0.012637,2.762738,0.54701,0.01465,0.0659,1214.55,666.7,-1.1757,3153,0,18500,1
4226,2328576,1254.13,552,-0.5542,-0.012637,2.762738,0.54701,0.01465,0.0659,1214.53,666.6,-1.1802,3152,1,18850,1
4227,2330624,1303.86,599,-0.7162,-0.016819,3.605882,0.512205,0.020683,0.0671,1213.92,666.7,-1.1863,3154,1,19350,1
4228,2330624,1229.2,530,-0.7675,-0.016819,3.605882,0.512205,0.020683,0.0671,1213.9,666.4,-1.1922,3161,0,18450,1
4229,2330624,1246.72,553,-0.8451,-0.016819,3.605882,0.512205,0.020683,0.0671,1212.92,665.9,-1.1979,3156,0,18250,1
4230,2332672,1240.21,535,-0.9381,-0.013835,1.271208,0.739317,0.012539,0.0652,1212.75,665.6,-1.2044,3154,0,17800,1
4231,2332672,1253.22,568,-0.9296,-0.013835,1.271208,0.739317,0.012539,0.0652,1213.75,646.5,-1.203,3157,1,18300,1
4232,2332672,1233.95,565,-0.8666,-0.013835,1.271208,0.739317,0.012539,0.0652,1213.2,646.5,-1.2081,3157,0,18950,1
4233,2334720,1237.14,635,-0.8008,-0.006465,1.194809,0.805842,0.007994,0.062,1213.04,647.2,-1.2118,3161,2,19500,1
4234,2334720,1231.67,542,-0.7786,-0.006465,1.194809,0.805842,0.007994,0.062,1212.92,647.1,-1.2151,3157,0,19450,1
4235,2334720,1239.05,538,-0.7582,-0.006465,1.194809,0.805842,0.007994,0.062,1212.79,647.0,-1.2181,3157,0,18650,1
4236,2336768,1254.12,543,-0.7658,-0.00678,1.271851,0.748232,0.004898,0.0391,1212.96,647.1,-1.2184,3156,1,18400,1
4237,2336768,1312.43,606,-0.7797,-0.00678,1.271851,0.748232,0.004898,0.0391,1217.83,649.6,-1.2171,3151,2,18550,1
4238,2336768,1095.31,2481,-1.6402,-0.00678,1.271851,0.748232,0.004898,0.0391,1216.31,668.9,-1.2234,3149,4,20450,1
4239,2336768,1336.48,594,-0.7839,-0.00678,1.271851,0.748232,0.004898,0.0391,1223.39,672.1,-1.2211,3156,1,18950,1
4240,2338816,513.55,252,-0.8638,-0.012471,1.926349,0.680209,0.010177,0.0532,1216.04,668.9,-1.2194,1798,0,200,0
4241,2338816,1240.24,624,-0.8867,-0.012471,1.926349,0.680209,0.010177,0.0532,1216.0,669.5,-1.2154,3157,1,17450,1
4242,2338816,1265.8,577,-0.9228,-0.012471,1.926349,0.680209,0.010177,0.0532,1216.27,669.9,-1.2102,3156,3,18900,1
4243,2340864,1249.52,540,-1.025,-0.014804,1.861144,0.64389,0.012316,0.0496,1216.8,669.9,-1.2061,3161,0,18200,1
4244,2340864,1256.87,586,-1.0694,-0.014804,1.861144,0.64389,0.012316,0.0496,1216.43,669.9,-1.2009,3157,0,21100,1
4245,2340864,1236.23,544,-1.0784,-0.014804,1.861144,0.64389,0.012316,0.0496,1217.85,670.4,-1.1975,3161,0,18300,1
4246,2342912,1249.87,552,-0.9624,-0.005863,1.238302,0.792203,0.006742,0.0537,1217.8,670.5,-1.1928,3153,0,18150,1
4247,2342912,1237.2,560,-0.8662,-0.005863,1.238302,0.792203,0.006742,0.0537,1217.77,670.6,-1.1921,3157,0,18700,1
4248,2342912,1230.99,551,-0.8364,-0.005863,1.238302,0.792203,0.006742,0.0537,1217.76,670.8,-1.1916,3155,0,18200,1
4249,2344960,1239.35,566,-0.8281,-0.012041,1.184797,0.786178,0.012554,0.0796,1217.79,670.6,-1.1908,3157,0,17900,1
4250,2344960,1226.89,545,-0.8279,-0.012041,1.184797,0.786178,0.012554,0.0796,1217.84,670.7,-1.1906,3152,0,18200,1
4251,2347008,1236.89,569,-0.8374,-0.007692,1.281494,0.74725,0.005924,0.0452,1221.11,672.1,-1.1902,3161,0,17850,1
4252,2347008,1097.43,2470,-1.4928,-0.007692,1.281494,0.74725,0.005924,0.0452,1219.66,691.3,-1.1969,3161,4,19100,1
4253,2347008,1243.95,565,-0.8658,-0.007692,1.281494,0.74725,0.005924,0.0452,1221.08,672.4,-1.1895,3149,1,18300,1
4254,2349056,1326.93,623,-0.94,-0.014353,4.022892,0.489818,0.02261,0.0625,1228.1,676.0,-1.191,3157,1,18750,1
4255,2349056,1227.17,560,-0.9463,-0.014353,4.022892,0.489818,0.02261,0.0625,1227.86,676.0,-1.1926,3151,0,18150,1
4256,2349056,1247.72,545,-1.0183,-0.014353,4.022892,0.489818,0.02261,0.0625,1226.93,675.4,-1.1947,3153,0,18100,1
4257,2349056,1233.12,594,-1.1206,-0.014353,4.022892,0.489818,0.02261,0.0625,1226.72,675.7,-1.1978,3157,1,18700,1
4258,2351104,863.21,404,-1.24,-0.01692,4.764405,0.447952,0.019667,0.063,1222.93,674.3,-1.2013,2753,0,100,0
4259,2351104,1234.78,542,-1.2844,-0.01692,4.764405,0.447952,0.019667,0.063,1222.2,673.5,-1.2046,3154,0,18000,1
4260,2351104,1237.12,553,-1.3104,-0.01692,4.764405,0.447952,0.019667,0.063,1222.18,673.4,-1.2067,3154,0,18000,1
4261,2351104,1245.47,536,-1.4969,-0.01692,4.764405,0.447952,0.019667,0.063,1222.3,673.2,-1.211,3161,0,18400,1
4262,2353152,1242.56,531,-1.6583,-0.017109,7.534956,0.340055,0.02016,0.0645,1222.08,672.8,-1.2169,3161,0,17750,1
4263,2353152,1231.86,568,-1.7089,-0.017109,7.534956,0.340055,0.02016,0.0645,1221.95,672.9,-1.2244,3161,0,18400,1
4264,2353152,1325.62,621,-1.731,-0.017109,7.534956,0.340055,0.02016,0.0645,1221.79,672.7,-1.2319,3161,1,19900,1
4265,2353152,1149.51,580,-1.7324,-0.017109,7.534956,0.340055,0.02016,0.0645,1220.99,673.2,-1.2399,3161,0,20650,1
4266,2355200,1235.82,566,-1.8725,-0.016267,3.908169,0.510217,0.01938,0.0691,1221.42,673.6,-1.2495,3156,0,17700,1
4267,2355200,1236.06,526,-1.8842,-0.016267,3.908169,0.510217,0.01938,0.0691,1221.38,673.4,-1.2592,3155,0,19650,1
4268,2355200,1232.65,551,-1.8759,-0.016267,3.908169,0.510217,0.01938,0.0691,1222.58,654.3,-1.2643,3152,0,18250,1
4269,2357248,1240.02,541,-1.8968,-0.017054,7.250885,0.358944,0.020439,0.0615,1220.9,652.9,-1.274,3161,0,18100,1
4270,2357248,1246.78,560,-1.9705,-0.017054,7.250885,0.358944,0.020439,0.0615,1220.95,652.9,-1.2843,3157,0,18150,1
4271,2357248,1231.61,558,-2.0096,-0.017054,7.250885,0.358944,0.020439,0.0615,1220.86,653.1,-1.2949,3154,0,17500,1
4272,2359296,1247.14,566,-1.8631,-0.01255,1.699829,0.738131,0.014498,0.0662,1220.87,653.3,-1.3041,3157,0,21000,1
4273,2359296,1281.08,598,-1.4199,-0.01255,1.699829,0.738131,0.014498,0.0662,1221.22,653.7,-1.3085,3151,1,18900,1
4274,2359296,1297.45,648,-1.3271,-0.01255,1.699829,0.738131,0.014498,0.0662,1221.67,654.5,-1.3096,3161,2,18400,1
4275,2361344,564.3,267,-0.6996,-0.008459,1.102241,0.876796,0.010215,0.0491,1215.01,651.6,-1.3038,2469,0,100,0
4276,2361344,1230.11,634,-0.7739,-0.008459,1.102241,0.876796,0.010215,0.0491,1215.6,649.4,-1.2998,3157,0,17400,1
4277,2361344,1248.64,552,-0.6672,-0.008459,1.102241,0.876796,0.010215,0.0491,1213.93,647.9,-1.2933,3152,0,18200,1
4278,2363392,1293.71,621,-0.6488,-0.006187,1.034297,0.867095,0.004765,0.0322,1214.39,648.6,-1.2864,3156,1,20550,1
4279,2363392,1339.14,584,-0.6229,-0.006187,1.034297,0.867095,0.004765,0.0322,1215.38,649.2,-1.2791,3161,2,19350,1
4280,2365440,1204.41,812,-0.7874,-0.006853,1.035028,0.860943,0.003397,0.0527,1215.4,651.5,-1.2731,3156,0,19850,1
4281,2365440,1110.61,2465,-1.6345,-0.006853,1.035028,0.860943,0.003397,0.0527,1213.26,669.6,-1.2747,3161,4,21050,1
4282,2365440,1231.33,567,-0.621,-0.006853,1.035028,0.860943,0.003397,0.0527,1212.66,669.5,-1.2655,3156,0,17800,1
4283,2365440,1331.76,597,-0.6253,-0.006853,1.035028,0.860943,0.003397,0.0527,1213.54,669.8,-1.2559,3152,4,20850,1
4284,2365440,801.53,355,-0.626,-0.006853,1.035028,0.860943,0.003397,0.0527,1209.27,668.1,-1.246,2470,0,200,0
4285,2367488,1251.75,571,-0.792,-0.01585,5.390856,0.419602,0.015498,0.0603,1208.83,667.4,-1.2362,3161,1,18300,1
4286,2367488,1234.12,532,-0.9222,-0.01585,5.390856,0.419602,0.015498,0.0603,1208.78,667.3,-1.2273,3157,0,17900,1
4287,2367488,1307.95,592,-0.9174,-0.01585,5.390856,0.419602,0.015498,0.0603,1209.43,667.7,-1.2182,3157,2,21700,1
4288,2369536,1244.88,558,-1.0532,-0.01119,4.155575,0.496015,0.012924,0.053,1209.62,667.7,-1.21,3157,0,18200,1
4289,2369536,1238.38,626,-1.2389,-0.01119,4.155575,0.496015,0.012924,0.053,1215.68,671.2,-1.2044,3161,0,17750,1
4290,2369536,1230.69,578,-1.2623,-0.01119,4.155575,0.496015,0.012924,0.053,1215.43,671.5,-1.1975,3150,0,19050,1
4291,2371584,1434.41,653,-1.3205,-0.00484,2.281199,0.63084,0.006579,0.0437,1217.59,672.4,-1.1909,3151,2,19300,1
4292,2371584,1266.75,875,-1.4851,-0.00484,2.281199,0.63084,0.006579,0.0437,1217.79,675.4,-1.1857,3161,1,15750,1
4293,2371584,1235.64,529,-1.3268,-0.00484,2.281199,0.63084,0.006579,0.0437,1217.75,675.2,-1.1792,3156,0,20050,1
4294,2371584,1229.34,535,-1.3397,-0.00484,2.281199,0.63084,0.006579,0.0437,1217.63,675.1,-1.172,3157,0,18200,1
4295,2373632,429.84,214,-1.6745,-0.019569,7.820953,0.419887,0.022547,0.0681,1209.53,671.9,-1.168,1795,0,300,0
4296,2373632,1232.46,533,-1.4108,-0.019569,7.820953,0.419887,0.022547,0.0681,1209.28,671.4,-1.1609,3149,0,20200,1
4297,2373632,1301.53,622,-1.4606,-0.019569,7.820953,0.419887,0.022547,0.0681,1209.91,672.0,-1.154,3157,1,21400,1
4298,2373632,1232.14,549,-1.5008,-0.019569,7.820953,0.419887,0.022547,0.0681,1209.97,671.9,-1.1468,3150,0,19850,1
4299,2373632,578.43,287,-1.6355,-0.019569,7.820953,0.419887,0.022547,0.0681,1203.26,669.1,-1.1408,2472,0,300,0
4300,2375680,1234.7,541,-1.6361,-0.015682,5.289877,0.452198,0.016822,0.0608,1202.98,669.1,-1.1349,3161,0,19850,1
4301,2375680,1238.19,543,-1.6945,-0.015682,5.289877,0.452198,0.016822,0.0608,1202.65,669.1,-1.1295,3156,0,18400,1
4302,2375680,1258.31,547,-1.7192,-0.015682,5.289877,0.452198,0.016822,0.0608,1206.09,670.8,-1.1249,3156,1,19050,1
4303,2377728,421.86,183,-1.5737,-0.011332,2.641533,0.624615,0.012199,0.0347,1201.15,668.8,-1.1179,1795,0,200,0
4304,2377728,1301.45,557,-1.6384,-0.011332,2.641533,0.624615,0.012199,0.0347,1201.06,668.5,-1.1092,3157,2,20450,1
4305,2377728,1341.44,606,-1.5431,-0.011332,2.641533,0.624615,0.012199,0.0347,1202.0,668.9,-1.0995,3152,1,18700,1
4306,2379776,1231.85,543,-1.2509,-0.009384,1.355462,0.785089,0.008081,0.052,1202.1,668.9,-1.0879,3155,0,19850,1
4307,2379776,1357.65,613,-1.1292,-0.009384,1.355462,0.785089,0.008081,0.052,1203.0,669.4,-1.0802,3161,1,18600,1
4308,2379776,1232.35,507,-0.7622,-0.009384,1.355462,0.785089,0.008081,0.052,1201.61,667.9,-1.0702,3157,0,21700,1
4309,2381824,1250.72,578,-0.7797,-0.009547,1.269211,0.778821,0.007203,0.0723,1201.69,668.0,-1.0646,3157,1,18200,1
4310,2381824,1250.52,543,-0.752,-0.009547,1.269211,0.778821,0.007203,0.0723,1201.9,667.9,-1.0655,3149,0,19950,1
4311,2383872,1234.33,537,-0.7425,-0.007828,1.288057,0.707647,0.005043,0.0447,1202.33,668.0,-1.0669,3154,0,18650,1
4312,2383872,1125.67,2500,-1.6823,-0.007828,1.288057,0.707647,0.005043,0.0447,1201.28,687.5,-1.0786,3157,5,19150,1
4313,2383872,1241.63,549,-0.7494,-0.007828,1.288057,0.707647,0.005043,0.0447,1202.48,668.2,-1.0693,3149,0,18950,1
4314,2383872,1232.45,539,-0.7516,-0.007828,1.288057,0.707647,0.005043,0.0447,1201.5,667.3,-1.0737,3156,0,18750,1
4315,2385920,1272.18,557,-0.782,-0.011124,3.148945,0.495563,0.014498,0.0444,1201.88,667.5,-1.0792,3151,2,20350,1
4316,2385920,574.65,269,-0.9775,-0.011124,3.148945,0.495563,0.014498,0.0444,1195.19,664.4,-1.087,2466,0,400,0
4317,2385920,1233.98,580,-0.9125,-0.011124,3.148945,0.495563,0.014498,0.0444,1196.48,645.7,-1.0862,3150,0,17800,1
4318,2385920,1230.76,562,-0.9149,-0.011124,3.148945,0.495563,0.014498,0.0444,1196.35,645.8,-1.0939,3153,0,17700,1
4319,2385920,1233.65,548,-0.9463,-0.011124,3.148945,0.495563,0.014498,0.0444,1195.34,645.3,-1.1012,3156,0,19650,1
4320,2387968,629.55,268,-1.0621,-0.01521,5.165247,0.468566,0.016954,0.0571,1189.3,642.2,-1.1096,2760,1,300,0
4321,2387968,1242.04,539,-1.1486,-0.01521,5.165247,0.468566,0.016954,0.0571,1189.3,642.0,-1.1188,3153,0,18300,1
4322,2387968,1247.86,552,-1.1677,-0.01521,5.165247,0.468566,0.016954,0.0571,1189.61,622.3,-1.1216,3152,0,17900,1
4323,2387968,1236.38,533,-1.1824,-0.01521,5.165247,0.468566,0.016954,0.0571,1189.54,621.9,-1.1296,3150,0,18650,1
4324,2390016,1223.22,538,-1.2929,-0.012935,8.141282,0.403146,0.014823,0.0481,1189.33,621.9,-1.1388,3161,0,18400,1
4325,2390016,1246.33,564,-1.4335,-0.012935,8.141282,0.403146,0.014823,0.0481,1189.34,622.2,-1.1487,3155,0,19950,1
4326,2390016,1318.8,601,-1.4468,-0.012935,8.141282,0.403146,0.014823,0.0481,1189.98,622.7,-1.1576,3152,1,18700,1
4327,2392064,1380.2,619,-1.488,-0.018109,6.238067,0.523036,0.018256,0.054,1190.75,622.9,-1.1653,3157,1,18850,1
4328,2392064,1246.83,551,-1.636,-0.018109,6.238067,0.523036,0.018256,0.054,1190.92,623.1,-1.174,3153,0,18650,1
4329,2394112,1342.22,621,-1.531,-0.007396,1.369789,0.834908,0.011358,0.0579,1191.88,623.8,-1.1809,3161,2,18750,1
4330,2394112,1240.88,549,-1.4775,-0.007396,1.369789,0.834908,0.011358,0.0579,1191.88,623.9,-1.1862,3156,0,17900,1
4331,2394112,1236.06,543,-0.8061,-0.007396,1.369789,0.834908,0.011358,0.0579,1191.71,623.6,-1.185,3161,0,18300,1
4332,2396160,1257.32,550,-0.6861,-0.007759,1.25138,0.794963,0.006572,0.0432,1191.95,623.5,-1.1832,3161,1,18000,1
4333,2396160,1329.75,589,-0.7115,-0.007759,1.25138,0.794963,0.006572,0.0432,1192.87,623.0,-1.1823,3161,1,18800,1
4334,2398208,1231.36,573,-0.71,-0.007801,1.217476,0.765542,0.006514,0.0505,1192.87,623.3,-1.1816,3161,0,17650,1
4335,2398208,1244.53,546,-0.6964,-0.007801,1.217476,0.765542,0.006514,0.0505,1192.92,623.4,-1.181,3153,0,18300,1
4336,2398208,1249.06,575,-0.6975,-0.007801,1.217476,0.765542,0.006514,0.0505,1192.87,623.7,-1.1803,3155,0,19550,1
4337,2400256,1098.17,2463,-1.7158,-0.008706,1.667814,0.63392,0.011121,0.0493,1190.73,642.3,-1.1897,3161,4,19450,1
4338,2400256,1236.71,552,-0.704,-0.008706,1.667814,0.63392,0.011121,0.0493,1192.14,623.0,-1.1803,3154,0,18750,1
4339,2400256,1226.21,554,-0.7464,-0.008706,1.667814,0.63392,0.011121,0.0493,1191.04,622.6,-1.18,3157,0,18400,1
4340,2400256,1233.76,535,-0.7343,-0.008706,1.667814,0.63392,0.011121,0.0493,1198.24,625.5,-1.1787,3151,0,18500,1
4341,2402304,1283.56,611,-0.8825,-0.013893,5.02916,0.429838,0.014885,0.0469,1198.68,625.3,-1.1786,3150,1,21700,1
4342,2402304,1235.11,550,-0.9267,-0.013893,5.02916,0.429838,0.014885,0.0469,1198.37,625.0,-1.1787,3161,0,18100,1
4343,2402304,1145.9,541,-0.9282,-0.013893,5.02916,0.429838,0.014885,0.0469,1197.33,625.1,-1.1777,3161,0,18350,1
4344,2404352,1379.88,596,-1.0152,-0.014879,1.503024,0.666796,0.013328,0.05,1198.56,625.2,-1.1771,3156,0,19500,1
4345,2404352,1359.41,591,-1.0141,-0.014879,1.503024,0.666796,0.013328,0.05,1199.8,625.6,-1.1765,3156,1,19500,1
4346,2404352,1299.34,612,-1.0422,-0.014879,1.503024,0.666796,0.013328,0.05,1200.29,626.2,-1.1773,3156,2,20900,1
4347,2406400,1416.29,625,-0.9339,-0.009638,1.234334,0.785904,0.00782,0.041,1202.08,626.9,-1.178,3151,3,20000,1
4348,2406400,1234.41,560,-0.894,-0.009638,1.234334,0.785904,0.00782,0.041,1202.12,627.0,-1.1786,3156,0,18100,1
4349,2406400,1226.22,540,-0.8909,-0.009638,1.234334,0.785904,0.00782,0.041,1201.98,626.7,-1.1792,3157,0,17900,1
4350,2408448,1233.38,541,-0.8318,-0.008453,1.235688,0.765585,0.006911,0.0549,1202.05,626.7,-1.1792,3161,0,19850,1
4351,2408448,1241.47,552,-0.8303,-0.008453,1.235688,0.765585,0.006911,0.0549,1202.09,626.5,-1.1792,3156,0,17700,1
4352,2408448,1230.01,548,-0.8277,-0.008453,1.235688,0.765585,0.006911,0.0549,1203.42,607.3,-1.1725,3157,0,18750,1
4353,2408448,1116.8,2483,-1.4659,-0.008453,1.235688,0.765585,0.006911,0.0549,1202.15,626.5,-1.1785,3161,4,21000,1
4354,2410496,1229.05,571,-0.8705,-0.004493,1.388361,0.708348,0.005938,0.0364,1201.17,625.9,-1.1778,3157,0,17800,1
4355,2410496,1289.35,575,-0.8717,-0.004493,1.388361,0.708348,0.005938,0.0364,1201.79,626.1,-1.1771,3155,2,19350,1
4356,2412544,1298.02,605,-0.8876,-0.01512,5.16135,0.517123,0.015006,0.0452,1202.29,626.7,-1.1758,3153,1,21450,1
4357,2412544,1263.25,583,-0.8874,-0.01512,5.16135,0.517123,0.015006,0.0452,1202.6,626.6,-1.1734,3161,1,17800,1
4358,2414592,1383.91,615,-1.1076,-0.018745,3.802304,0.53642,0.018383,0.0503,1207.8,628.7,-1.1721,3161,1,19000,1
4359,2414592,1309.19,581,-1.1368,-0.018745,3.802304,0.53642,0.018383,0.0503,1208.55,629.1,-1.1706,3157,0,18550,1
4360,2416640,1236.57,558,-1.1031,-0.0037,0.879869,1.112408,0.006839,0.0737,1208.54,629.1,-1.1685,3152,0,18150,1
4361,2416640,1232.7,560,-1.0791,-0.0037,0.879869,1.112408,0.006839,0.0737,1208.41,629.4,-1.1644,3157,0,18100,1
4362,2416640,712.02,305,0.0213,-0.0037,0.879869,1.112408,0.006839,0.0737,1203.11,627.1,-1.1476,2763,1,400,0
4363,2418688,1252.69,556,0.0135,-0.007975,0.679709,1.027712,0.007115,0.0591,1203.32,627.0,-1.1304,3161,0,20350,1
4364,2420736,1414.91,663,-0.0591,-0.00797,0.671758,1.141837,-0.003084,0.0828,1204.21,627.4,-1.1136,3161,2,19700,1
4365,2420736,1227.54,564,0.0379,-0.00797,0.671758,1.141837,-0.003084,0.0828,1204.99,627.2,-1.0959,3153,0,17500,1
4366,2420736,1114.42,2467,-1.1812,-0.00797,0.671758,1.141837,-0.003084,0.0828,1203.78,646.3,-1.089,3155,4,19900,1
4367,2420736,1121.1,2476,-1.1691,-0.00797,0.671758,1.141837,-0.003084,0.0828,1202.63,665.8,-1.0819,3161,4,18700,1
4368,2422784,1257.24,560,0.0384,-0.00715,1.07162,0.819638,0.006201,0.0413,1202.87,665.9,-1.0627,3161,0,19450,1
4369,2422784,1232.3,541,-0.0223,-0.00715,1.07162,0.819638,0.006201,0.0413,1202.8,665.9,-1.044,3153,0,17600,1
4370,2422784,1230.41,528,-0.1095,-0.00715,1.07162,0.819638,0.006201,0.0413,1202.63,665.5,-1.0254,3154,0,18400,1
4371,2422784,1220.34,561,-0.1412,-0.00715,1.07162,0.819638,0.006201,0.0413,1202.52,665.6,-1.0067,3161,0,18300,1
4372,2424832,1293.44,601,-0.336,-0.012025,4.667921,0.441323,0.012099,0.0479,1202.98,665.9,-0.9914,3156,2,18550,1
4373,2424832,1325.65,645,-0.5569,-0.012025,4.667921,0.441323,0.012099,0.0479,1203.43,666.4,-0.9828,3154,1,18850,1
4374,2426880,1246.26,571,-0.6121,-0.015867,6.518459,0.418764,0.016617,0.0537,1202.92,665.6,-0.9756,3154,1,18300,1
4375,2426880,1245.94,571,-0.6206,-0.015867,6.518459,0.418764,0.016617,0.0537,1209.73,668.6,-0.9748,3155,0,18550,1
4376,2426880,1199.7,527,-0.7542,-0.015867,6.518459,0.418764,0.016617,0.0537,1209.43,667.6,-0.9746,3156,0,17800,1
4377,2426880,1325.71,579,-0.8902,-0.015867,6.518459,0.418764,0.016617,0.0537,1210.2,667.9,-0.9769,3156,1,18800,1
4378,2428928,1238.43,576,-1.0202,-0.016389,5.960928,0.461146,0.016754,0.054,1209.65,667.4,-0.9806,3154,0,17950,1
4379,2428928,1344.25,607,-1.0376,-0.016389,5.960928,0.461146,0.016754,0.054,1209.7,667.6,-0.9847,3156,0,18650,1
4380,2428928,1207.94,527,-1.1021,-0.016389,5.960928,0.461146,0.016754,0.054,1209.73,664.8,-0.9879,3157,1,18750,1
4381,2428928,573.98,282,-1.2213,-0.016389,5.960928,0.461146,0.016754,0.054,1204.37,643.0,-0.9838,2471,0,100,0
4382,2428928,1185.68,556,-1.2363,-0.016389,5.960928,0.461146,0.016754,0.054,1203.91,642.8,-0.9899,3155,0,18350,1
4383,2430976,858.77,375,-1.2138,-0.015098,5.446322,0.429964,0.01645,0.0503,1199.18,640.6,-0.9958,2752,0,200,0
4384,2430976,1237.36,542,-1.2956,-0.015098,5.446322,0.429964,0.01645,0.0503,1203.54,642.5,-1.0025,3161,0,18750,1
4385,2430976,1261.71,578,-1.4369,-0.015098,5.446322,0.429964,0.01645,0.0503,1203.64,642.6,-1.0089,3155,1,20600,1
4386,2433024,1195.67,538,-1.4718,-0.015301,2.88296,0.540057,0.013911,0.0432,1203.25,642.6,-1.0144,3157,0,18000,1
4387,2433024,1243.05,538,-1.4741,-0.015301,2.88296,0.540057,0.013911,0.0432,1202.6,642.1,-1.02,3156,0,17700,1
4388,2433024,627.32,271,-1.4681,-0.015301,2.88296,0.540057,0.013911,0.0432,1196.43,639.2,-1.0241,2760,1,300,0
4389,2433024,1252.08,570,-1.5006,-0.015301,2.88296,0.540057,0.013911,0.0432,1196.57,638.6,-1.0268,3153,0,20500,1
4390,2435072,1255.05,566,-1.1778,-0.004531,1.282209,0.762372,0.005663,0.0276,1196.81,638.5,-1.0259,3161,1,18300,1
4391,2435072,1237.12,537,-0.7889,-0.004531,1.282209,0.762372,0.005663,0.0276,1194.84,637.4,-1.0206,3157,1,20150,1
4392,2437120,1333.96,648,-0.6878,-0.010496,0.992979,0.981345,0.005611,0.051,1195.51,635.1,-1.0126,3157,1,20700,1
4393,2439168,1280.27,560,-0.5573,-0.009903,0.69756,1.165968,0.002273,0.0486,1195.95,635.4,-1.0049,3155,1,18750,1
4394,2439168,1103.23,2478,-1.3922,-0.009903,0.69756,1.165968,0.002273,0.0486,1194.69,654.8,-1.0055,3152,4,18800,1
4395,2439168,1238.33,573,-0.3216,-0.009903,0.69756,1.165968,0.002273,0.0486,1202.78,658.4,-0.9919,3156,0,21000,1
4396,2441216,1314.58,576,-0.2382,-0.008763,0.913716,0.978077,0.002691,0.0479,1203.6,658.9,-0.9802,3157,1,18300,1
4397,2441216,1179.68,520,-0.2513,-0.008763,0.913716,0.978077,0.002691,0.0479,1202.38,657.8,-0.9681,3151,0,19750,1
4398,2443264,1256.23,610,-0.3287,-0.007795,1.215169,0.821471,0.00628,0.0388,1202.62,658.5,-0.9564,3156,0,17800,1
4399,2443264,1219.52,564,-0.3461,-0.007795,1.215169,0.821471,0.00628,0.0388,1209.03,661.2,-0.9435,3153,0,18000,1
4400,2443264,1113.36,2489,-1.1229,-0.007795,1.215169,0.821471,0.00628,0.0388,1207.82,680.7,-0.9384,3161,4,18700,1
4401,2443264,1301.92,574,-0.3914,-0.007795,1.215169,0.821471,0.00628,0.0388,1208.46,681.0,-0.9253,3149,0,18600,1
4402,2445312,1235.55,545,-0.4234,-0.014005,2.504724,0.54266,0.016797,0.0515,1208.23,681.0,-0.9124,3155,0,19750,1
4403,2445312,574.96,295,-0.6027,-0.014005,2.504724,0.54266,0.016797,0.0515,1209.76,682.1,-0.9027,2470,0,100,0
4404,2445312,1247.3,578,-0.5336,-0.014005,2.504724,0.54266,0.016797,0.0515,1209.22,682.3,-0.8916,3156,0,18450,1
4405,2447360,1240.54,571,-0.6794,-0.018084,4.599213,0.488126,0.019767,0.053,1208.21,682.0,-0.883,3153,0,18650,1
4406,2447360,1240.03,532,-0.6804,-0.018084,4.599213,0.488126,0.019767,0.053,1208.29,681.9,-0.8773,3156,0,19850,1
4407,2447360,1285.8,669,-0.9046,-0.018084,4.599213,0.488126,0.019767,0.053,1207.57,682.4,-0.875,3161,2,20300,1
4408,2447360,1240.87,554,-0.8105,-0.018084,4.599213,0.488126,0.019767,0.053,1207.66,682.9,-0.8755,3161,1,18800,1
4409,2449408,1233.73,605,-1.0536,-0.017614,4.440533,0.459602,0.016398,0.0405,1207.49,683.2,-0.8783,3149,0,18500,1
4410,2449408,1296.05,577,-0.9925,-0.017614,4.440533,0.459602,0.016398,0.0405,1207.94,683.5,-0.8807,3156,1,20150,1
4411,2449408,1235.59,552,-1.0747,-0.017614,4.440533,0.459602,0.016398,0.0405,1207.96,683.6,-0.884,3154,0,18200,1
4412,2449408,470.62,212,-1.1124,-0.017614,4.440533,0.459602,0.016398,0.0405,1201.41,660.8,-0.8783,1945,0,100,0
4413,2449408,1277.43,597,-1.115,-0.017614,4.440533,0.459602,0.016398,0.0405,1201.76,661.2,-0.8819,3161,1,18400,1
4414,2451456,1243.49,559,-1.2065,-0.016241,4.709433,0.437464,0.01654,0.0439,1201.87,661.5,-0.8865,3157,0,17400,1
4415,2451456,1256.26,564,-1.2434,-0.016241,4.709433,0.437464,0.01654,0.0439,1201.71,661.5,-0.8911,3150,0,18850,1
4416,2451456,1235.2,540,-1.245,-0.016241,4.709433,0.437464,0.01654,0.0439,1208.32,664.2,-0.8938,3161,0,20050,1
4417,2451456,1233.73,567,-1.3113,-0.016241,4.709433,0.437464,0.01654,0.0439,1208.32,664.1,-0.8978,3155,0,17900,1
4418,2453504,572.62,268,-1.4821,-0.013839,6.479658,0.463245,0.015421,0.0479,1201.74,661.2,-0.9034,2470,0,200,0
4419,2453504,1234.89,533,-1.4465,-0.013839,6.479658,0.463245,0.015421,0.0479,1201.75,661.0,-0.9084,3155,0,17750,1
4420,2453504,1244.84,548,-1.5642,-0.013839,6.479658,0.463245,0.015421,0.0479,1207.9,663.8,-0.9135,3157,0,18200,1
4421,2453504,1228.11,541,-1.6222,-0.013839,6.479658,0.463245,0.015421,0.0479,1207.76,663.8,-0.9182,3150,0,21450,1
4422,2455552,1224.31,530,-1.6664,-0.014396,6.536234,0.463581,0.017675,0.0488,1207.53,663.6,-0.9232,3161,0,18450,1
4423,2455552,1216.27,570,-1.7921,-0.014396,6.536234,0.463581,0.017675,0.0488,1207.33,664.0,-0.9293,3149,0,18650,1
4424,2455552,1235.62,559,-1.7665,-0.014396,6.536234,0.463581,0.017675,0.0488,1207.45,664.2,-0.934,3153,0,18350,1
4425,2455552,1237.35,584,-1.8339,-0.014396,6.536234,0.463581,0.017675,0.0488,1207.36,664.4,-0.938,3152,0,17400,1
4426,2457600,1171.46,559,-1.8118,-0.019499,4.084538,0.524829,0.016019,0.0522,1205.89,664.0,-0.9417,3157,0,18500,1
4427,2457600,1236.28,570,-1.7825,-0.019499,4.084538,0.524829,0.016019,0.0522,1204.45,663.5,-0.9446,3157,0,18050,1
4428,2457600,1236.76,546,-1.7818,-0.019499,4.084538,0.524829,0.016019,0.0522,1204.35,663.4,-0.9461,3154,0,18550,1
4429,2459648,1234.97,567,-1.8367,-0.0171,7.045141,0.449078,0.015547,0.0459,1203.27,662.9,-0.9491,3155,0,17900,1
4430,2459648,1336.79,588,-1.8734,-0.0171,7.045141,0.449078,0.015547,0.0459,1204.23,663.3,-0.9531,3161,0,19550,1
4431,2459648,1235.98,552,-1.9611,-0.0171,7.045141,0.449078,0.015547,0.0459,1204.23,663.4,-0.9646,3153,0,18200,1
4432,2459648,703.47,301,-2.0986,-0.0171,7.045141,0.449078,0.015547,0.0459,1198.69,660.9,-0.9788,2753,0,200,0
4433,2461696,1231.68,558,-1.544,-0.002235,1.803351,0.694103,0.009132,0.0815,1197.71,660.6,-0.9871,3156,0,17700,1
4434,2461696,1223.98,944,-1.8372,-0.002235,1.803351,0.694103,0.009132,0.0815,1197.64,664.3,-0.9984,3157,1,15950,1
4435,2461696,1288.73,655,-1.264,-0.002235,1.803351,0.694103,0.009132,0.0815,1198.08,665.4,-1.004,3155,1,20000,1
4436,2463744,1182.32,531,-0.9256,-0.015436,3.923136,0.671937,0.015927,0.0391,1197.41,664.9,-1.0063,3152,1,17900,1
4437,2463744,1137.53,506,-0.9303,-0.015436,3.923136,0.671937,0.015927,0.0391,1197.81,645.4,-0.9985,3161,0,17500,1
4438,2463744,419.72,189,-0.9874,-0.015436,3.923136,0.671937,0.015927,0.0391,1189.64,641.7,-1.0013,1795,0,200,0
4439,2465792,1232.51,527,-1.0,-0.013017,1.258104,0.782794,0.010923,0.0488,1189.7,641.5,-1.0038,3151,0,18050,1
4440,2465792,418.45,184,-0.8332,-0.013017,1.258104,0.782794,0.010923,0.0488,1181.55,638.0,-1.0048,1795,0,200,0
4441,2465792,1248.97,572,-0.8367,-0.013017,1.258104,0.782794,0.010923,0.0488,1181.2,637.6,-1.0044,3156,0,17750,1
4442,2467840,1248.4,554,-0.7795,-0.007607,1.249608,0.788756,0.005511,0.0422,1181.33,637.6,-1.0029,3152,0,18000,1
4443,2467840,1141.92,549,-0.8064,-0.007607,1.249608,0.788756,0.005511,0.0422,1181.29,637.7,-1.0017,3161,0,21400,1
4444,2467840,1248.05,549,-0.7644,-0.007607,1.249608,0.788756,0.005511,0.0422,1179.98,637.2,-0.9992,3156,0,18750,1
4445,2469888,1339.01,627,-0.787,-0.010568,1.18762,0.857026,0.007606,0.0496,1179.77,637.6,-0.9969,3156,0,17900,1
4446,2469888,499.96,221,-0.7769,-0.010568,1.18762,0.857026,0.007606,0.0496,1171.78,633.7,-0.9942,1795,0,200,0
4447,2469888,1152.39,541,-0.7894,-0.010568,1.18762,0.857026,0.007606,0.0496,1169.14,632.8,-0.9928,3155,0,18750,1
4448,2469888,1208.47,2550,-1.5861,-0.010568,1.18762,0.857026,0.007606,0.0496,1168.88,652.7,-0.9997,3161,6,19100,1
4449,2471936,1239.2,563,-0.8217,-0.008614,1.782215,0.60587,0.0085,0.0371,1169.01,653.0,-0.999,3161,1,18300,1
4450,2471936,1251.43,572,-0.8338,-0.008614,1.782215,0.60587,0.0085,0.0371,1169.19,653.3,-0.999,3149,1,20050,1
4451,2471936,1364.45,590,-0.8327,-0.008614,1.782215,0.60587,0.0085,0.0371,1170.42,653.6,-0.9991,3157,0,18600,1
4452,2471936,1289.7,570,-0.8563,-0.008614,1.782215,0.60587,0.0085,0.0371,1171.02,653.9,-0.9994,3161,1,19050,1
4453,2473984,1234.38,567,-1.0208,-0.01828,5.12899,0.485286,0.018216,0.0488,1172.19,634.7,-0.9949,3156,0,17900,1
4454,2473984,1237.72,559,-1.0445,-0.01828,5.12899,0.485286,0.018216,0.0488,1172.28,634.6,-0.9966,3155,0,17650,1
4455,2473984,1242.79,588,-1.1473,-0.01828,5.12899,0.485286,0.018216,0.0488,1171.81,634.7,-0.9994,3154,1,18450,1
4456,2476032,1247.8,553,-1.1684,-0.016467,1.801953,0.658006,0.014668,0.0464,1171.31,634.2,-1.0022,3161,1,18700,1
4457,2476032,1297.15,625,-1.1856,-0.016467,1.801953,0.658006,0.014668,0.0464,1171.65,634.6,-1.0052,3156,1,23900,1
4458,2476032,1241.25,542,-1.1627,-0.016467,1.801953,0.658006,0.014668,0.0464,1170.22,633.9,-1.0057,3157,0,17650,1
4459,2478080,568.87,283,-0.9916,-0.011262,1.223307,0.868561,0.00711,0.0322,1162.82,630.9,-1.0043,2470,0,100,0
4460,2478080,1248.63,584,-0.9353,-0.011262,1.223307,0.868561,0.00711,0.0322,1162.94,631.2,-1.0026,3156,0,18050,1
4461,2480128,1248.35,549,-0.7704,-0.008334,1.207413,0.795596,0.007924,0.0654,1163.1,631.0,-0.9995,3156,0,18100,1
4462,2480128,926.68,407,-0.7957,-0.008334,1.207413,0.795596,0.007924,0.0654,1165.24,632.1,-1.0077,2756,1,400,0
4463,2480128,1305.5,635,-0.7768,-0.008334,1.207413,0.795596,0.007924,0.0654,1165.77,632.9,-1.0156,3156,2,20300,1
4464,2482176,1010.64,2442,-1.5328,-0.010135,1.181466,0.843005,0.005096,0.0559,1161.73,650.6,-1.0303,3156,4,21450,1
4465,2484224,1242.92,564,-0.7461,-0.010556,0.790424,1.028909,0.007166,0.0447,1161.88,650.6,-1.0382,3161,0,18050,1
4466,2484224,1239.89,527,-0.5899,-0.010556,0.790424,1.028909,0.007166,0.0447,1163.14,631.2,-1.0323,3150,0,18900,1
4467,2486272,1247.49,539,-0.2808,-0.00868,0.696174,1.106332,0.00332,0.0466,1164.4,611.9,-1.0234,3161,0,18300,1
4468,2486272,1228.71,555,-0.2815,-0.00868,0.696174,1.106332,0.00332,0.0466,1164.12,611.8,-1.0266,3156,0,18500,1
4469,2488320,1237.16,568,-0.2396,-0.006213,0.677463,1.082679,-0.000457,0.0461,1164.17,612.1,-1.0287,3161,0,18350,1
4470,2488320,1249.13,528,-0.1829,-0.006213,0.677463,1.082679,-0.000457,0.0461,1164.35,612.1,-1.0295,3155,1,18550,1
4471,2488320,1107.87,2463,-1.0118,-0.006213,0.677463,1.082679,-0.000457,0.0461,1163.23,631.1,-1.0382,3157,4,19100,1
4472,2488320,1120.48,2485,-1.0035,-0.006213,0.677463,1.082679,-0.000457,0.0461,1161.5,650.0,-1.0449,3156,5,19050,1
4473,2490368,1298.35,552,-0.1882,-0.009517,0.718946,1.011265,0.005418,0.054,1161.23,649.0,-1.0412,3153,1,18700,1
4474,2490368,1234.9,583,-0.2355,-0.009517,0.718946,1.011265,0.005418,0.054,1161.11,649.1,-1.0374,3161,0,17750,1
4475,2490368,1009.58,467,-0.301,-0.009517,0.718946,1.011265,0.005418,0.054,1158.75,648.1,-1.0342,3153,1,19750,1
4476,2490368,1257.99,550,-0.225,-0.009517,0.718946,1.011265,0.005418,0.054,1159.33,648.3,-1.0289,3157,1,18200,1
4477,2492416,1246.21,534,-0.4021,-0.017271,6.640019,0.389071,0.016586,0.0613,1158.54,647.9,-1.024,3157,0,18400,1
4478,2494464,1251.95,739,-0.7665,-0.009851,3.01192,0.532587,0.011857,0.0442,1158.67,649.5,-1.0215,3156,1,16400,1
4479,2494464,1235.56,602,-0.7855,-0.009851,3.01192,0.532587,0.011857,0.0442,1157.58,649.5,-1.019,3157,0,17650,1
4480,2494464,1419.53,664,-0.7515,-0.009851,3.01192,0.532587,0.011857,0.0442,1159.7,650.8,-1.0155,3161,1,19900,1
4481,2494464,1259.1,579,-0.9016,-0.009851,3.01192,0.532587,0.011857,0.0442,1166.55,653.8,-1.0123,3161,1,18250,1
4482,2494464,644.0,339,-1.2874,-0.009851,3.01192,0.532587,0.011857,0.0442,1161.14,651.6,-1.0128,2746,0,100,0
4483,2496512,1248.35,546,-1.127,-0.015441,4.775582,0.430904,0.015203,0.0439,1165.03,653.4,-1.0119,3161,1,18750,1
4484,2496512,1239.62,544,-1.22,-0.015441,4.775582,0.430904,0.015203,0.0439,1165.05,653.4,-1.0112,3156,0,18350,1
4485,2496512,1228.3,578,-1.3138,-0.015441,4.775582,0.430904,0.015203,0.0439,1164.72,653.4,-1.0099,3152,0,17750,1
4486,2498560,1246.25,556,-1.3018,-0.015535,1.62313,0.720909,0.012443,0.0422,1165.23,653.5,-1.0082,3150,0,18500,1
4487,2498560,1249.81,549,-1.215,-0.015535,1.62313,0.720909,0.012443,0.0422,1165.29,653.7,-1.0056,3149,0,18200,1
4488,2498560,1345.65,1326,-1.2742,-0.015535,1.62313,0.720909,0.012443,0.0422,1172.48,664.2,-1.0037,3156,7,19700,1
4489,2498560,1262.23,541,-1.0822,-0.015535,1.62313,0.720909,0.012443,0.0422,1172.58,663.9,-0.9995,3161,1,18400,1
4490,2500608,452.8,200,-1.0645,-0.012036,1.875717,0.625727,0.011038,0.0632,1164.56,660.3,-0.9984,1946,0,100,0
4491,2500608,1236.17,554,-1.072,-0.012036,1.875717,0.625727,0.011038,0.0632,1164.55,660.4,-1.0012,3161,0,18150,1
4492,2500608,1242.38,565,-1.0968,-0.012036,1.875717,0.625727,0.011038,0.0632,1163.63,659.6,-1.0053,3157,0,18300,1
4493,2500608,1233.18,562,-1.1333,-0.012036,1.875717,0.625727,0.011038,0.0632,1163.16,659.6,-1.0111,3157,0,19750,1
4494,2502656,1354.22,604,-1.1749,-0.013715,5.565197,0.425973,0.017342,0.064,1165.67,640.9,-1.0089,3161,1,18650,1
4495,2502656,1248.54,543,-1.2186,-0.013715,5.565197,0.425973,0.017342,0.064,1165.77,640.6,-1.0179,3161,1,18000,1
4496,2502656,1226.95,534,-1.2955,-0.013715,5.565197,0.425973,0.017342,0.064,1164.89,640.2,-1.0284,3152,0,18200,1
4497,2504704,1247.84,542,-1.4151,-0.016962,6.667929,0.430578,0.016877,0.0505,1165.58,640.4,-1.0401,3150,0,18850,1
4498,2504704,1220.54,577,-1.5488,-0.016962,6.667929,0.430578,0.016877,0.0505,1165.22,640.0,-1.0523,3161,0,17900,1
4499,2504704,1246.69,561,-1.6026,-0.016962,6.667929,0.430578,0.016877,0.0505,1165.49,640.0,-1.0648,3161,0,17850,1
4500,2506752,1229.76,558,-1.2718,-0.005159,1.327817,0.778781,0.007182,0.0598,1166.65,620.7,-1.0663,3151,0,18750,1
4501,2506752,1185.54,561,-0.9793,-0.005159,1.327817,0.778781,0.007182,0.0598,1165.49,620.6,-1.0722,3161,0,17850,1
4502,2508800,1247.26,566,-0.5117,-0.009076,0.901338,0.937751,0.009976,0.0454,1165.61,620.8,-1.0731,3151,0,17950,1
4503,2510848,1266.55,886,-0.5915,-0.011166,0.632363,1.278619,0.007326,0.0911,1172.52,626.7,-1.073,3154,3,20500,1
4504,2510848,1242.28,560,-0.2096,-0.011166,0.632363,1.278619,0.007326,0.0911,1172.47,626.5,-1.0697,3157,0,17850,1
4505,2512896,1413.28,2683,-1.3626,-0.00768,0.741803,1.142488,0.005432,0.0701,1174.2,647.6,-1.0766,3157,4,22400,1
4506,2512896,1254.32,551,-0.0409,-0.00768,0.741803,1.142488,0.005432,0.0701,1174.34,647.8,-1.0702,3157,1,18600,1
4507,2512896,1301.35,568,-0.0589,-0.00768,0.741803,1.142488,0.005432,0.0701,1174.5,646.8,-1.0617,3161,2,18500,1
4508,2514944,1236.44,554,-0.1137,-0.006312,1.210057,0.774701,0.011522,0.0503,1174.46,646.8,-1.0548,3154,0,17900,1
4509,2514944,1249.74,541,-0.1286,-0.006312,1.210057,0.774701,0.011522,0.0503,1174.62,646.2,-1.0455,3161,1,18300,1
4510,2514944,1103.71,2472,-0.995,-0.006312,1.210057,0.774701,0.011522,0.0503,1172.69,665.1,-1.0455,3161,4,19150,1
4511,2514944,1304.02,567,-0.1779,-0.006312,1.210057,0.774701,0.011522,0.0503,1173.38,665.3,-1.0366,3161,1,19850,1
4512,2516992,1229.89,527,-0.3054,-0.008581,3.056706,0.463288,0.010937,0.0396,1180.97,668.4,-1.0285,3161,0,18250,1
4513,2516992,1201.23,528,-0.3942,-0.008581,3.056706,0.463288,0.010937,0.0396,1180.21,667.7,-1.0213,3161,1,18400,1
4514,2516992,1228.34,540,-0.4523,-0.008581,3.056706,0.463288,0.010937,0.0396,1180.06,667.5,-1.0137,3156,0,18200,1
4515,2516992,1255.04,546,-0.5104,-0.008581,3.056706,0.463288,0.010937,0.0396,1180.04,667.4,-1.0064,3153,0,18000,1
4516,2519040,1264.8,561,-0.8048,-0.016391,6.577414,0.364161,0.017843,0.0586,1180.34,667.6,-1.002,3157,0,18500,1
4517,2519040,1223.01,558,-0.9191,-0.016391,6.577414,0.364161,0.017843,0.0586,1180.23,667.5,-0.9981,3161,0,18100,1
4518,2519040,1230.12,566,-0.9595,-0.016391,6.577414,0.364161,0.017843,0.0586,1186.81,670.5,-0.9929,3155,0,22200,1
4519,2521088,1229.14,583,-1.0543,-0.014345,4.984551,0.456762,0.015703,0.0557,1186.75,671.0,-0.9889,3154,0,20800,1
4520,2521088,1290.19,560,-1.2061,-0.014345,4.984551,0.456762,0.015703,0.0557,1187.2,671.1,-0.9854,3157,1,19950,1
4521,2521088,1249.24,574,-1.3298,-0.014345,4.984551,0.456762,0.015703,0.0557,1187.41,671.4,-0.9824,3156,1,17850,1
4522,2523136,1241.37,557,-1.3295,-0.017206,2.429163,0.586891,0.018793,0.0569,1187.58,671.7,-0.9791,3157,0,17800,1
4523,2525184,1230.08,568,-0.5218,-0.004214,0.909691,1.129711,0.010973,0.124,1187.72,671.7,-0.9664,3156,0,17750,1
4524,2529280,1093.11,2475,-1.2566,-0.007175,0.452733,1.632504,0.009533,0.1274,1186.3,690.8,-0.9613,3152,4,20650,1
4525,2529280,1113.32,2478,-1.1377,-0.007175,0.452733,1.632504,0.009533,0.1274,1185.06,709.8,-0.9543,3155,5,19000,1
4526,2531328,1125.84,2492,-0.7264,-0.006483,0.484573,1.43781,0.005946,0.0635,1184.6,729.1,-0.9434,3156,5,19600,1
4527,2531328,1234.0,522,0.7022,-0.006483,0.484573,1.43781,0.005946,0.0635,1184.58,728.6,-0.9186,3156,0,18650,1
4528,2533376,1271.58,547,0.5795,-0.008128,0.545503,1.273637,0.004548,0.0552,1184.93,728.6,-0.895,3161,2,18500,1
4529,2533376,1247.05,539,0.5849,-0.008128,0.545503,1.273637,0.004548,0.0552,1185.05,728.4,-0.8708,3157,1,18250,1
4530,2535424,1135.91,2459,-0.3717,-0.007214,0.677839,1.051979,0.003229,0.0432,1183.04,747.1,-0.8558,3151,5,19500,1
4531,2535424,1240.71,550,0.3481,-0.007214,0.677839,1.051979,0.003229,0.0432,1183.09,747.0,-0.8327,3152,0,18100,1
4532,2537472,1254.9,547,0.3429,-0.007576,1.110969,0.737941,0.009787,0.082,1188.6,749.5,-0.8082,3156,1,18400,1
4533,2537472,1245.64,546,0.233,-0.007576,1.110969,0.737941,0.009787,0.082,1188.74,749.4,-0.7905,3161,0,20050,1
4534,2539520,1236.74,539,0.1434,-0.006596,1.260499,0.66706,0.006766,0.0447,1188.87,745.3,-0.7707,3157,0,18000,1
4535,2539520,1232.87,534,0.1321,-0.006596,1.260499,0.66706,0.006766,0.0447,1188.31,744.1,-0.7567,3150,0,19850,1
4536,2539520,1110.45,2477,-0.6202,-0.006596,1.260499,0.66706,0.006766,0.0447,1187.59,763.6,-0.7537,3157,4,18500,1
4537,2539520,1184.72,498,-0.0295,-0.006596,1.260499,0.66706,0.006766,0.0447,1188.06,763.5,-0.7446,3161,0,18000,1
4538,2541568,1245.79,542,-0.2408,-0.012807,6.099375,0.320359,0.015702,0.0547,1196.32,767.0,-0.7372,3152,0,19550,1
4539,2541568,1328.54,614,-0.3541,-0.012807,6.099375,0.320359,0.015702,0.0547,1197.28,767.9,-0.7307,3161,0,18850,1
4540,2541568,1250.54,552,-0.4347,-0.012807,6.099375,0.320359,0.015702,0.0547,1205.6,771.6,-0.7267,3153,0,18150,1
4541,2541568,1228.64,547,-0.5266,-0.012807,6.099375,0.320359,0.015702,0.0547,1205.4,771.3,-0.7236,3157,0,18300,1
4542,2543616,1238.86,533,-0.8379,-0.020466,7.161912,0.351963,0.022912,0.0571,1205.31,771.1,-0.7242,3155,0,18350,1
4543,2543616,1235.14,530,-0.8912,-0.020466,7.161912,0.351963,0.022912,0.0571,1206.24,770.9,-0.7251,3157,0,18200,1
4544,2543616,420.6,185,-1.1167,-0.020466,7.161912,0.351963,0.022912,0.0571,1197.96,767.3,-0.7286,1794,0,200,0
4545,2543616,1234.7,531,-0.9386,-0.020466,7.161912,0.351963,0.022912,0.0571,1196.92,766.3,-0.7301,3161,0,18100,1
4546,2543616,439.07,192,-1.1067,-0.020466,7.161912,0.351963,0.022912,0.0571,1196.31,766.0,-0.7334,1795,0,200,0
4547,2545664,1158.39,528,-1.0404,-0.010314,1.505247,0.635585,0.011126,0.0491,1196.37,765.9,-0.7359,3155,0,19050,1
4548,2545664,1244.08,584,-1.0381,-0.010314,1.505247,0.635585,0.011126,0.0491,1196.73,746.2,-0.7304,3149,0,18100,1
4549,2545664,1232.86,582,-1.0246,-0.010314,1.505247,0.635585,0.011126,0.0491,1196.66,746.4,-0.7325,3157,0,17700,1
4550,2547712,1227.99,544,-0.8472,-0.008079,1.186199,0.799903,0.006759,0.0447,1196.43,746.2,-0.7326,3156,0,19450,1
4551,2547712,1242.85,551,-0.8275,-0.008079,1.186199,0.799903,0.006759,0.0447,1195.21,745.8,-0.7325,3154,0,18150,1
4552,2549760,1315.62,605,-0.8036,-0.0074,1.256245,0.727072,0.007152,0.0461,1195.47,746.1,-0.732,3157,1,18550,1
4553,2549760,1263.13,561,-0.7939,-0.0074,1.256245,0.727072,0.007152,0.0461,1195.76,746.1,-0.7298,3150,1,18600,1
4554,2549760,1096.72,2475,-1.4758,-0.0074,1.256245,0.727072,0.007152,0.0461,1194.35,765.2,-0.7341,3150,4,19550,1
4555,2551808,1255.39,568,-0.8015,-0.006534,1.343658,0.730011,0.004771,0.0303,1194.48,765.0,-0.7306,3152,1,18300,1
4556,2551808,1241.57,539,-0.8091,-0.006534,1.343658,0.730011,0.004771,0.0303,1194.41,764.9,-0.727,3155,0,19550,1
4557,2551808,1236.38,556,-0.8423,-0.006534,1.343658,0.730011,0.004771,0.0303,1193.81,764.2,-0.7236,3150,0,17950,1
4558,2553856,1248.61,552,-0.8399,-0.014785,6.875281,0.35775,0.018369,0.0615,1193.88,764.3,-0.7204,3161,2,18900,1
4559,2553856,1244.91,566,-0.8886,-0.014785,6.875281,0.35775,0.018369,0.0615,1200.64,767.1,-0.7193,3154,0,17800,1
4560,2553856,1230.13,535,-0.944,-0.014785,6.875281,0.35775,0.018369,0.0615,1200.46,766.6,-0.7194,3161,0,19850,1
4561,2553856,1244.0,526,-1.2075,-0.014785,6.875281,0.35775,0.018369,0.0615,1200.41,766.4,-0.7238,3151,0,18600,1
4562,2555904,1298.11,578,-1.2504,-0.016114,8.295085,0.332205,0.019572,0.0537,1204.13,768.1,-0.7283,3155,1,18700,1
4563,2555904,1266.61,554,-1.2706,-0.016114,8.295085,0.332205,0.019572,0.0537,1203.74,767.3,-0.7333,3152,1,18750,1
4564,2555904,1250.14,543,-1.3147,-0.016114,8.295085,0.332205,0.019572,0.0537,1206.13,748.3,-0.7311,3161,0,18650,1
4565,2557952,1319.34,583,-1.5095,-0.01631,4.829941,0.450349,0.017814,0.0437,1206.9,748.5,-0.7387,3155,2,20550,1
4566,2557952,1240.12,593,-1.5661,-0.01631,4.829941,0.450349,0.017814,0.0437,1206.9,749.2,-0.7485,3150,1,18300,1
4567,2557952,1248.23,547,-1.5733,-0.01631,4.829941,0.450349,0.017814,0.0437,1206.91,749.2,-0.7614,3152,0,19950,1
4568,2557952,508.48,238,-1.615,-0.01631,4.829941,0.450349,0.017814,0.0437,1199.7,746.1,-0.7747,1798,0,300,0
4569,2560000,1236.71,532,-1.3307,-0.008003,1.354809,0.705747,0.008406,0.0356,1199.7,745.7,-0.7857,3161,0,18200,1
4570,2560000,1236.29,565,-1.1261,-0.008003,1.354809,0.705747,0.008406,0.0356,1199.57,746.1,-0.7951,3154,0,17850,1
4571,2560000,1402.83,655,-1.2351,-0.008003,1.354809,0.705747,0.008406,0.0356,1202.52,728.0,-0.7973,3153,2,19300,1
4572,2562048,1241.41,544,-0.6429,-0.007026,1.23987,0.798288,0.005022,0.0337,1203.73,708.6,-0.7937,3156,2,18950,1
4573,2562048,1243.08,537,-0.6161,-0.007026,1.23987,0.798288,0.005022,0.0337,1203.18,708.4,-0.798,3157,0,18000,1
4574,2562048,1299.77,560,-0.6376,-0.007026,1.23987,0.798288,0.005022,0.0337,1203.83,708.2,-0.802,3157,1,18600,1
4575,2564096,1235.01,552,-0.6245,-0.004895,1.245271,0.770439,0.00211,0.0364,1206.08,709.1,-0.8052,3161,0,18550,1
4576,2564096,1247.26,545,-0.6302,-0.004895,1.245271,0.770439,0.00211,0.0364,1205.97,709.0,-0.8093,3153,0,18550,1
4577,2564096,1244.84,534,-0.6193,-0.004895,1.245271,0.770439,0.00211,0.0364,1205.96,709.0,-0.8115,3161,0,18300,1
4578,2566144,1182.8,2525,-1.5345,-0.012618,1.93857,0.601401,0.014201,0.0647,1205.27,726.9,-0.8191,3152,5,19150,1
4579,2566144,1249.24,554,-0.7318,-0.012618,1.93857,0.601401,0.014201,0.0647,1205.4,726.4,-0.8186,3155,1,20050,1
4580,2566144,1238.15,545,-0.7784,-0.012618,1.93857,0.601401,0.014201,0.0647,1203.59,725.2,-0.8189,3156,0,18050,1
4581,2568192,1237.48,561,-0.8305,-0.016591,2.208772,0.561363,0.01796,0.0464,1203.37,725.0,-0.8182,3153,0,17900,1
4582,2568192,1250.34,552,-0.893,-0.016591,2.208772,0.561363,0.01796,0.0464,1209.44,727.1,-0.8142,3156,0,18350,1
4583,2568192,1231.34,547,-0.9008,-0.016591,2.208772,0.561363,0.01796,0.0464,1209.27,727.2,-0.812,3150,0,18300,1
4584,2570240,1236.55,546,-0.8772,-0.007777,1.262596,0.698836,0.007469,0.0449,1209.24,727.2,-0.8085,3161,0,18250,1
4585,2572288,1304.56,560,-0.7802,-0.009215,1.27354,0.813582,0.004891,0.0591,1210.0,727.0,-0.8032,3153,2,20350,1
4586,2572288,1268.63,561,-0.7669,-0.009215,1.27354,0.813582,0.004891,0.0591,1210.22,727.0,-0.7978,3154,1,18500,1
4587,2572288,1524.93,934,-0.8979,-0.009215,1.27354,0.813582,0.004891,0.0591,1212.97,730.9,-0.7947,3155,1,22250,1
4588,2574336,1252.21,552,-0.7322,-0.00842,0.96821,0.777922,0.016712,0.0798,1212.04,723.2,-0.7893,3161,1,18500,1
4589,2574336,1232.0,551,-0.7145,-0.00842,0.96821,0.777922,0.016712,0.0798,1211.74,723.3,-0.7856,3155,0,18450,1
4590,2574336,1241.06,530,-0.6811,-0.00842,0.96821,0.777922,0.016712,0.0798,1219.62,726.6,-0.7817,3161,1,18600,1
4591,2574336,1099.53,2466,-1.4659,-0.00842,0.96821,0.777922,0.016712,0.0798,1218.25,745.7,-0.7857,3161,4,19750,1
4592,2576384,1235.11,543,-0.7698,-0.014137,3.535041,0.41829,0.017325,0.0449,1218.18,745.5,-0.7824,3161,0,18950,1
4593,2576384,1233.23,543,-0.8203,-0.014137,3.535041,0.41829,0.017325,0.0449,1218.18,745.3,-0.7793,3157,0,18100,1
4594,2576384,1234.63,558,-0.8477,-0.014137,3.535041,0.41829,0.017325,0.0449,1216.99,744.8,-0.776,3157,0,19950,1
4595,2578432,1239.73,545,-0.8854,-0.012303,1.247528,0.730037,0.012785,0.0413,1216.9,744.8,-0.7727,3161,0,18150,1
4596,2578432,1260.22,554,-0.8732,-0.012303,1.247528,0.730037,0.012785,0.0413,1217.23,745.0,-0.7685,3155,1,18700,1
4597,2578432,1297.23,570,-0.8643,-0.012303,1.247528,0.730037,0.012785,0.0413,1217.72,745.3,-0.7629,3157,2,18300,1
4598,2580480,1228.67,524,-0.8202,-0.006102,1.300941,0.725039,0.00559,0.0488,1217.81,744.8,-0.7557,3153,0,17900,1
4599,2580480,1232.08,530,-0.8218,-0.006102,1.300941,0.725039,0.00559,0.0488,1217.66,744.5,-0.7479,3149,0,20050,1
4600,2580480,1339.2,605,-0.8371,-0.006102,1.300941,0.725039,0.00559,0.0488,1218.75,744.9,-0.7435,3156,2,18600,1
4601,2582528,1167.77,539,-0.8468,-0.008633,1.269714,0.773377,0.006247,0.0469,1218.58,744.7,-0.7422,3161,0,19300,1
4602,2582528,1120.35,2469,-1.4481,-0.008633,1.269714,0.773377,0.006247,0.0469,1217.31,763.8,-0.7515,3151,5,20950,1
4603,2582528,1223.41,566,-0.8612,-0.008633,1.269714,0.773377,0.006247,0.0469,1216.88,760.5,-0.7542,3156,0,18550,1
4604,2584576,1228.89,536,-0.8548,-0.008672,1.24557,0.751997,0.01166,0.0332,1216.74,760.3,-0.7607,3161,0,19350,1
4605,2584576,1230.21,532,-0.8595,-0.008672,1.24557,0.751997,0.01166,0.0332,1214.91,738.8,-0.7557,3151,0,21300,1
4606,2586624,1235.3,533,-0.8527,-0.012085,1.334514,0.711347,0.009926,0.0444,1214.72,738.6,-0.7638,3150,0,19850,1
4607,2586624,1224.58,587,-0.907,-0.012085,1.334514,0.711347,0.009926,0.0444,1213.95,738.8,-0.7723,3161,0,17800,1
4608,2588672,1234.15,530,-0.9045,-0.013464,1.268379,0.722795,0.013901,0.0679,1213.93,738.6,-0.7802,3161,0,18400,1
4609,2588672,1308.71,571,-0.8998,-0.013464,1.268379,0.722795,0.013901,0.0679,1214.52,738.9,-0.7879,3161,0,20150,1
4610,2588672,418.04,188,-0.8966,-0.013464,1.268379,0.722795,0.013901,0.0679,1207.66,716.0,-0.7869,1795,0,200,0
4611,2590720,1236.76,548,-0.8839,-0.006153,1.252808,0.719322,0.006786,0.0376,1206.99,715.8,-0.794,3149,0,18700,1
4612,2590720,1239.93,536,-0.8799,-0.006153,1.252808,0.719322,0.006786,0.0376,1207.09,715.9,-0.7997,3149,0,19550,1
4613,2590720,1232.18,563,-0.8913,-0.006153,1.252808,0.719322,0.006786,0.0376,1207.4,716.3,-0.8047,3161,0,18100,1
4614,2590720,423.59,189,-0.8991,-0.006153,1.252808,0.719322,0.006786,0.0376,1199.35,712.8,-0.8091,1795,0,200,0
4615,2590720,1103.93,2465,-1.3836,-0.006153,1.252808,0.719322,0.006786,0.0376,1197.84,732.0,-0.8179,3155,4,18600,1
4616,2592768,1231.03,559,-0.9393,-0.010361,2.196805,0.497291,0.014562,0.0449,1197.51,731.9,-0.8192,3161,0,18400,1
4617,2592768,1188.59,522,-0.9734,-0.010361,2.196805,0.497291,0.014562,0.0449,1197.16,731.6,-0.8198,3161,0,18650,1
4618,2592768,1294.45,628,-1.0402,-0.010361,2.196805,0.497291,0.014562,0.0449,1197.8,732.2,-0.8206,3152,3,20050,1
4619,2594816,1227.86,533,-1.0772,-0.015565,1.538778,0.70847,0.012508,0.0557,1197.79,731.7,-0.8208,3151,0,18650,1
4620,2594816,1236.61,545,-1.0815,-0.015565,1.538778,0.70847,0.012508,0.0557,1197.26,731.5,-0.8196,3154,0,17800,1
4621,2594816,1237.63,555,-1.0753,-0.015565,1.538778,0.70847,0.012508,0.0557,1197.14,731.4,-0.817,3161,0,18000,1
4622,2596864,1240.2,549,-1.0144,-0.007438,1.268356,0.730195,0.009461,0.0354,1197.13,731.3,-0.8139,3153,0,17750,1
4623,2596864,1370.73,612,-0.975,-0.007438,1.268356,0.730195,0.009461,0.0354,1198.53,731.7,-0.8184,3154,4,20550,1
4624,2598912,1235.86,557,-0.8862,-0.010243,1.261332,0.78436,0.009726,0.062,1199.96,712.5,-0.8147,3161,0,18150,1
4625,2598912,1244.5,580,-0.8862,-0.010243,1.261332,0.78436,0.009726,0.062,1201.27,693.6,-0.8122,3157,0,17850,1
4626,2598912,1246.79,558,-0.8849,-0.010243,1.261332,0.78436,0.009726,0.062,1202.48,674.2,-0.8138,3157,0,20250,1
4627,2600960,1264.37,565,-0.8727,-0.009294,1.241312,0.736743,0.011171,0.0476,1202.79,674.6,-0.8295,3161,0,20250,1
4628,2600960,1196.89,2508,-1.5116,-0.009294,1.241312,0.736743,0.011171,0.0476,1202.04,694.3,-0.8504,3161,6,21550,1
4629,2600960,1349.0,592,-0.8737,-0.009294,1.241312,0.736743,0.011171,0.0476,1203.06,694.8,-0.865,3161,2,20450,1
4630,2603008,1231.4,533,-0.9283,-0.018179,3.239058,0.487271,0.016401,0.0535,1204.01,675.5,-0.8706,3156,0,18550,1
4631,2603008,1292.92,568,-0.9463,-0.018179,3.239058,0.487271,0.016401,0.0535,1204.54,675.7,-0.8835,3154,1,18400,1
4632,2603008,1288.46,542,-1.059,-0.018179,3.239058,0.487271,0.016401,0.0535,1204.87,675.7,-0.8975,3150,1,21800,1
4633,2605056,1223.5,554,-1.0526,-0.008825,1.281358,0.744354,0.00781,0.0378,1204.65,675.7,-0.9104,3151,0,19850,1
4634,2605056,1311.18,618,-1.0588,-0.008825,1.281358,0.744354,0.00781,0.0378,1205.39,676.5,-0.9224,3156,1,20900,1
4635,2605056,1232.47,547,-0.9284,-0.008825,1.281358,0.744354,0.00781,0.0378,1205.39,676.7,-0.933,3152,0,18550,1
4636,2607104,1233.34,543,-0.8321,-0.011525,1.191261,0.751683,0.013745,0.0625,1206.62,657.3,-0.9351,3156,0,18250,1
4637,2607104,1364.13,638,-0.8642,-0.011525,1.191261,0.751683,0.013745,0.0625,1208.41,658.7,-0.9435,3156,3,21600,1
4638,2607104,1238.27,555,-0.8297,-0.011525,1.191261,0.751683,0.013745,0.0625,1208.34,658.9,-0.9494,3157,0,18550,1
4639,2609152,1231.12,530,-0.8172,-0.01176,1.250466,0.742346,0.014368,0.085,1207.36,658.0,-0.954,3153,0,18200,1
4640,2609152,1083.17,2458,-1.4178,-0.01176,1.250466,0.742346,0.014368,0.085,1205.69,677.1,-0.9638,3156,4,19550,1
4641,2611200,1292.77,590,-0.85,-0.013152,1.35434,0.690123,0.014309,0.0464,1206.33,677.5,-0.9671,3151,3,21350,1
4642,2611200,1244.96,539,-0.8258,-0.013152,1.35434,0.690123,0.014309,0.0464,1206.39,677.6,-0.9669,3161,1,18750,1
4643,2611200,1247.85,585,-0.857,-0.013152,1.35434,0.690123,0.014309,0.0464,1206.52,678.1,-0.9666,3161,1,18000,1
4644,2613248,1382.74,659,-0.8687,-0.006557,1.229092,0.734049,0.008143,0.0388,1216.14,682.9,-0.9641,3152,2,20550,1
4645,2613248,1229.51,539,-0.8585,-0.006557,1.229092,0.734049,0.008143,0.0388,1216.09,682.9,-0.9633,3156,0,18200,1
4646,2613248,1233.1,529,-0.8559,-0.006557,1.229092,0.734049,0.008143,0.0388,1224.03,686.3,-0.9608,3149,0,19650,1
4647,2615296,1407.79,623,-0.8942,-0.007663,1.27111,0.699982,0.009863,0.0679,1226.52,687.2,-0.9593,3151,1,19450,1
4648,2615296,1231.68,507,-0.8828,-0.007663,1.27111,0.699982,0.009863,0.0679,1226.4,686.5,-0.9578,3156,0,18150,1
4649,2615296,1254.64,554,-0.9004,-0.007663,1.27111,0.699982,0.009863,0.0679,1226.62,686.2,-0.9566,3150,1,18950,1
4650,2617344,1051.2,2430,-1.3941,-0.008169,1.327953,0.691051,0.004184,0.062,1224.85,705.1,-0.962,3161,4,19100,1
4651,2617344,1358.95,605,-0.9174,-0.008169,1.327953,0.691051,0.004184,0.062,1226.01,705.6,-0.9629,3157,1,19050,1
4652,2617344,1226.1,547,-0.9273,-0.008169,1.327953,0.691051,0.004184,0.062,1225.12,705.0,-0.9642,3154,0,18200,1
4653,2619392,1229.72,563,-0.9663,-0.01142,1.731309,0.641442,0.012554,0.0422,1224.78,705.0,-0.9659,3153,0,17600,1
4654,2619392,1271.85,549,-0.9787,-0.01142,1.731309,0.641442,0.012554,0.0422,1226.53,685.8,-0.9609,3152,2,18900,1
4655,2621440,1284.74,568,-1.0011,-0.00815,1.268695,0.701713,0.009314,0.0652,1226.83,685.8,-0.9629,3149,1,18800,1
4656,2621440,1239.52,547,-0.9734,-0.00815,1.268695,0.701713,0.009314,0.0652,1226.81,685.9,-0.9645,3151,0,19750,1
4657,2623488,1423.05,656,-0.9538,-0.005606,1.285503,0.717525,0.006881,0.0444,1228.67,686.9,-0.9657,3156,3,19450,1
4658,2623488,1234.99,543,-0.945,-0.005606,1.285503,0.717525,0.006881,0.0444,1228.54,686.8,-0.9667,3154,0,18250,1
4659,2623488,1297.72,546,-0.9441,-0.005606,1.285503,0.717525,0.006881,0.0444,1229.06,686.6,-0.9673,3161,1,21600,1
4660,2625536,1253.67,538,-0.9508,-0.006634,1.285444,0.683722,0.006578,0.0483,1229.3,686.6,-0.9673,3161,1,20250,1
4661,2625536,1291.82,589,-0.9577,-0.006634,1.285444,0.683722,0.006578,0.0483,1229.78,687.2,-0.9648,3161,2,18800,1
4662,2625536,1148.86,2476,-1.4449,-0.006634,1.285444,0.683722,0.006578,0.0483,1228.29,706.2,-0.9668,3151,5,19650,1
4663,2625536,1255.28,552,-0.9676,-0.006634,1.285444,0.683722,0.006578,0.0483,1228.17,706.2,-0.9638,3151,0,19850,1
4664,2627584,1242.42,551,-1.0465,-0.012691,3.607981,0.458174,0.017123,0.054,1228.09,706.3,-0.9611,3154,1,18400,1
4665,2627584,1299.64,565,-1.0658,-0.012691,3.607981,0.458174,0.017123,0.054,1227.9,706.1,-0.9566,3161,1,19350,1
4666,2627584,1237.9,567,-1.1629,-0.012691,3.607981,0.458174,0.017123,0.054,1227.88,705.8,-0.9526,3154,0,17550,1
4667,2627584,1230.62,542,-1.2184,-0.012691,3.607981,0.458174,0.017123,0.054,1227.7,705.8,-0.9491,3151,0,18500,1
4668,2629632,1256.48,560,-1.485,-0.013616,7.045552,0.328244,0.020678,0.0635,1235.18,709.0,-0.9478,3156,1,19850,1
4669,2629632,1322.78,603,-1.5401,-0.013616,7.045552,0.328244,0.020678,0.0635,1236.04,709.7,-0.9499,3151,2,19050,1
4670,2629632,1256.54,566,-1.6109,-0.013616,7.045552,0.328244,0.020678,0.0635,1236.24,709.7,-0.9547,3152,1,19850,1
4671,2629632,1230.4,545,-1.6693,-0.013616,7.045552,0.328244,0.020678,0.0635,1234.52,708.6,-0.959,3151,0,19850,1
4672,2631680,1225.06,565,-1.9076,-0.015077,6.833272,0.406109,0.020392,0.0613,1234.35,708.8,-0.9717,3157,0,18100,1
4673,2631680,1231.11,527,-1.914,-0.015077,6.833272,0.406109,0.020392,0.0613,1234.24,708.7,-0.9847,3161,0,18400,1
4674,2631680,1240.52,553,-1.9779,-0.015077,6.833272,0.406109,0.020392,0.0613,1233.64,708.7,-0.9981,3150,0,17950,1
4675,2631680,1262.2,575,-2.012,-0.015077,6.833272,0.406109,0.020392,0.0613,1233.91,708.9,-1.0119,3149,1,18700,1
4676,2633728,1234.41,540,-2.1066,-0.01513,6.335291,0.40892,0.019105,0.0522,1233.79,708.8,-1.0267,3152,0,19650,1
4677,2633728,1258.36,582,-2.1145,-0.01513,6.335291,0.40892,0.019105,0.0522,1233.92,709.3,-1.0417,3154,0,18300,1
4678,2633728,1244.73,548,-2.1247,-0.01513,6.335291,0.40892,0.019105,0.0522,1234.54,689.5,-1.0476,3161,0,18100,1
4679,2635776,1367.03,612,-2.12,-0.01457,7.334625,0.431312,0.02021,0.0552,1235.72,690.1,-1.0614,3151,1,18300,1
4680,2635776,1226.35,561,-2.2571,-0.01457,7.334625,0.431312,0.02021,0.0552,1235.6,690.3,-1.0762,3155,0,18300,1
4681,2635776,1220.37,578,-2.3109,-0.01457,7.334625,0.431312,0.02021,0.0552,1235.43,690.5,-1.091,3161,0,18200,1
4682,2635776,1235.82,565,-2.3261,-0.01457,7.334625,0.431312,0.02021,0.0552,1235.28,690.6,-1.1054,3161,0,18150,1
4683,2637824,1236.32,531,-2.3004,-0.014344,4.840528,0.423455,0.016389,0.0564,1235.33,690.4,-1.1194,3161,0,19850,1
4684,2637824,1302.42,576,-2.2059,-0.014344,4.840528,0.423455,0.016389,0.0564,1235.99,690.7,-1.1327,3154,1,18300,1
4685,2639872,1230.61,568,-2.1649,-0.018527,6.772922,0.474979,0.021247,0.0613,1235.25,690.8,-1.1465,3152,0,17800,1
4686,2639872,1347.62,633,-2.1696,-0.018527,6.772922,0.474979,0.021247,0.0613,1236.04,691.5,-1.1605,3161,1,20800,1
4687,2639872,1244.9,554,-2.1775,-0.018527,6.772922,0.474979,0.021247,0.0613,1233.24,687.7,-1.1733,3157,1,19950,1
4688,2639872,1239.98,559,-2.2134,-0.018527,6.772922,0.474979,0.021247,0.0613,1233.12,687.8,-1.1881,3150,0,18250,1
4689,2641920,1335.39,569,-2.2501,-0.017332,7.327644,0.427708,0.018844,0.0593,1234.15,688.0,-1.2035,3156,0,18650,1
4690,2641920,1330.45,558,-2.2109,-0.017332,7.327644,0.427708,0.018844,0.0593,1235.05,688.3,-1.2188,3161,1,19200,1
4691,2641920,1237.24,541,-2.2607,-0.017332,7.327644,0.427708,0.018844,0.0593,1236.43,669.0,-1.2267,3153,0,18100,1
4692,2641920,421.75,197,-2.1389,-0.017332,7.327644,0.427708,0.018844,0.0593,1228.29,665.5,-1.2404,1795,0,200,0
4693,2641920,647.71,280,-2.1674,-0.017332,7.327644,0.427708,0.018844,0.0593,1222.44,662.9,-1.2539,2760,1,300,0
4694,2641920,633.38,286,-2.1308,-0.017332,7.327644,0.427708,0.018844,0.0593,1216.42,660.2,-1.2667,2751,0,300,0
4695,2641920,1229.44,560,-2.3069,-0.017332,7.327644,0.427708,0.018844,0.0593,1216.32,660.4,-1.2809,3161,0,18300,1
4696,2643968,1245.0,560,-2.3569,-0.011983,6.317905,0.328692,0.013912,0.0488,1216.17,660.4,-1.2958,3154,1,18500,1
4697,2643968,1240.58,580,-2.3494,-0.011983,6.317905,0.328692,0.013912,0.0488,1215.6,660.5,-1.3106,3156,0,18050,1
4698,2643968,1243.14,610,-2.3308,-0.011983,6.317905,0.328692,0.013912,0.0488,1215.75,661.4,-1.3257,3157,0,18950,1
4699,2646016,1233.33,565,-2.373,-0.016485,4.789636,0.560859,0.017957,0.063,1215.76,661.7,-1.3412,3161,0,18100,1
4700,2646016,583.63,283,-2.087,-0.016485,4.789636,0.560859,0.017957,0.063,1208.2,658.5,-1.3537,2468,0,100,0
4701,2646016,625.88,271,-2.0536,-0.016485,4.789636,0.560859,0.017957,0.063,1202.79,655.8,-1.3658,2749,0,0,0
4702,2646016,1256.26,571,-2.1652,-0.016485,4.789636,0.560859,0.017957,0.063,1204.14,636.8,-1.373,3161,1,21500,1
4703,2646016,1238.87,578,-2.1825,-0.016485,4.789636,0.560859,0.017957,0.063,1204.3,637.0,-1.3862,3156,0,17550,1
4704,2648064,1249.06,540,-2.1787,-0.012556,5.144887,0.490076,0.014908,0.054,1204.5,637.0,-1.3994,3161,2,19250,1
4705,2648064,711.17,309,-2.1625,-0.012556,5.144887,0.490076,0.014908,0.054,1199.31,634.8,-1.4125,2760,1,400,0
4706,2648064,687.16,301,-2.1579,-0.012556,5.144887,0.490076,0.014908,0.054,1193.83,632.5,-1.4255,2760,2,500,0
4707,2650112,1175.46,850,-2.1539,-0.009938,2.67684,0.512412,0.01175,0.053,1193.34,635.1,-1.438,3157,1,18550,1
4708,2650112,1291.31,589,-1.9617,-0.009938,2.67684,0.512412,0.01175,0.053,1193.91,635.7,-1.4486,3151,1,18500,1
4709,2650112,1244.37,547,-1.8186,-0.009938,2.67684,0.512412,0.01175,0.053,1193.27,635.4,-1.4578,3161,0,18250,1
4710,2650112,1247.65,600,-1.8181,-0.009938,2.67684,0.512412,0.01175,0.053,1201.56,639.5,-1.467,3156,0,17650,1
4711,2652160,426.9,199,-1.3673,-0.006507,1.869424,0.740737,0.00833,0.0249,1193.46,636.1,-1.4718,1786,0,200,0
4712,2652160,1356.26,611,-1.3,-0.006507,1.869424,0.740737,0.00833,0.0249,1194.63,636.8,-1.476,3151,1,19000,1
4713,2652160,1251.1,534,-1.2661,-0.006507,1.869424,0.740737,0.00833,0.0249,1194.82,636.5,-1.4797,3150,0,18500,1
4714,2654208,1186.34,540,-1.2408,-0.003148,1.871011,0.714754,0.006025,0.0569,1202.44,640.0,-1.4832,3156,0,19450,1
4715,2654208,1158.66,1210,-1.5623,-0.003148,1.871011,0.714754,0.006025,0.0569,1202.99,627.5,-1.485,3157,0,11600,1
4716,2654208,1227.03,540,-1.2025,-0.003148,1.871011,0.714754,0.006025,0.0569,1202.95,627.3,-1.4876,3152,0,18400,1
4717,2654208,1248.92,580,-1.2202,-0.003148,1.871011,0.714754,0.006025,0.0569,1203.55,627.9,-1.4901,3161,2,18350,1
4718,2656256,1152.04,555,-1.2807,-0.013014,5.551758,0.460085,0.014928,0.0325,1202.13,627.1,-1.4925,3153,2,20750,1
4719,2656256,452.82,248,-1.3825,-0.013014,5.551758,0.460085,0.014928,0.0325,1194.38,624.3,-1.4955,1798,0,400,0
4720,2656256,1240.78,589,-1.3659,-0.013014,5.551758,0.460085,0.014928,0.0325,1194.42,624.7,-1.4984,3161,0,18250,1
4721,2656256,1300.03,620,-1.4127,-0.013014,5.551758,0.460085,0.014928,0.0325,1195.04,625.4,-1.5017,3161,1,18100,1
4722,2658304,1229.94,546,-1.4673,-0.014397,3.418753,0.5773,0.016005,0.0605,1194.94,625.4,-1.5063,3152,0,18200,1
4723,2658304,1249.36,577,-1.5272,-0.014397,3.418753,0.5773,0.016005,0.0605,1193.73,625.0,-1.5118,3157,0,18050,1
4724,2658304,1247.14,534,-1.5329,-0.014397,3.418753,0.5773,0.016005,0.0605,1193.84,624.8,-1.5182,3154,0,18100,1
4725,2658304,593.46,265,-1.6197,-0.014397,3.418753,0.5773,0.016005,0.0605,1187.33,621.6,-1.5256,1805,1,700,0
4726,2660352,1231.05,567,-1.6325,-0.013069,7.59176,0.391208,0.014095,0.054,1187.17,621.7,-1.5331,3161,0,17700,1
4727,2660352,1239.65,573,-1.7531,-0.013069,7.59176,0.391208,0.014095,0.054,1186.93,621.8,-1.5419,3153,0,18250,1
4728,2660352,1245.99,544,-1.802,-0.013069,7.59176,0.391208,0.014095,0.054,1187.42,602.1,-1.5448,3161,0,18550,1
4729,2660352,1233.32,557,-1.8279,-0.013069,7.59176,0.391208,0.014095,0.054,1186.26,601.8,-1.5543,3155,0,17700,1
4730,2662400,421.21,192,-1.9308,-0.016698,5.201704,0.514522,0.015743,0.0532,1178.16,598.4,-1.5643,1782,0,100,0
4731,2662400,1240.92,562,-1.9112,-0.016698,5.201704,0.514522,0.015743,0.0532,1177.64,598.3,-1.574,3155,0,17850,1
4732,2662400,566.01,258,-2.064,-0.016698,5.201704,0.514522,0.015743,0.0532,1170.41,595.5,-1.584,2468,0,100,0
4733,2662400,563.82,275,-2.099,-0.016698,5.201704,0.514522,0.015743,0.0532,1163.82,592.7,-1.5945,2466,0,100,0
4734,2662400,1317.4,588,-2.0079,-0.016698,5.201704,0.514522,0.015743,0.0532,1163.88,592.4,-1.604,3155,1,18700,1
4735,2664448,1242.56,560,-2.0348,-0.012014,5.7854,0.446822,0.013585,0.0588,1163.98,592.5,-1.6151,3152,0,17600,1
4736,2664448,1198.06,506,-2.0744,-0.012014,5.7854,0.446822,0.013585,0.0588,1163.63,592.2,-1.6275,3156,1,22300,1
4737,2664448,575.01,382,-2.4524,-0.012014,5.7854,0.446822,0.013585,0.0588,1155.74,589.6,-1.6434,1949,0,200,0
4738,2664448,1230.51,551,-2.1734,-0.012014,5.7854,0.446822,0.013585,0.0588,1155.66,589.6,-1.6568,3156,0,18250,1
4739,2666496,1250.64,576,-2.1232,0.000873,1.875498,0.665933,0.005948,0.0896,1155.85,590.0,-1.6699,3154,0,18050,1
4740,2666496,652.73,302,-1.0823,0.000873,1.875498,0.665933,0.005948,0.0896,1151.55,568.5,-1.6665,2469,0,200,0
4741,2668544,1330.17,605,-1.2037,-0.003732,1.037324,0.910484,0.004318,0.0676,1151.92,568.6,-1.67,3156,1,19050,1
4742,2668544,1195.27,542,-0.9667,-0.003732,1.037324,0.910484,0.004318,0.0676,1151.43,568.6,-1.6714,3161,0,17850,1
4743,2668544,734.72,1089,-1.7664,-0.003732,1.037324,0.910484,0.004318,0.0676,1146.3,573.7,-1.6805,1797,0,400,0
4744,2670592,1243.65,581,-0.7324,-0.006818,1.248745,0.739421,0.009151,0.1069,1144.9,572.9,-1.6792,3157,0,17500,1
4745,2670592,1279.32,572,-0.7397,-0.006818,1.248745,0.739421,0.009151,0.1069,1145.4,573.2,-1.678,3151,1,19050,1
4746,2670592,1295.64,580,-0.7284,-0.006818,1.248745,0.739421,0.009151,0.1069,1146.03,573.7,-1.6767,3156,2,19450,1
4747,2670592,309.87,1118,-1.2832,-0.006818,1.248745,0.739421,0.009151,0.1069,1135.05,578.7,-1.6806,1516,0,200,0
4748,2672640,1246.03,562,-0.7688,-0.006293,2.203836,0.605449,0.00861,0.0422,1135.19,579.2,-1.6795,3151,0,18300,1
4749,2672640,1251.4,594,-0.8037,-0.006293,2.203836,0.605449,0.00861,0.0422,1135.16,579.6,-1.6785,3151,0,21200,1
4750,2672640,1303.69,565,-0.7892,-0.006293,2.203836,0.605449,0.00861,0.0422,1137.68,561.0,-1.6724,3161,1,18700,1
4751,2672640,1297.72,569,-0.832,-0.006293,2.203836,0.605449,0.00861,0.0422,1137.07,560.6,-1.6716,3161,2,19100,1
4752,2674688,1306.03,650,-1.0559,-0.014834,5.1057,0.525044,0.0177,0.0383,1137.87,561.7,-1.6729,3161,0,18200,1
4753,2674688,1238.45,540,-1.0029,-0.014834,5.1057,0.525044,0.0177,0.0383,1137.96,561.4,-1.6732,3151,0,20350,1
4754,2674688,1333.41,601,-1.0055,-0.014834,5.1057,0.525044,0.0177,0.0383,1138.57,562.0,-1.6735,3155,1,20150,1
4755,2676736,1343.78,638,-1.1484,-0.017648,5.747451,0.497871,0.018463,0.0601,1139.16,562.6,-1.675,3161,1,20100,1
4756,2676736,1238.86,547,-1.2915,-0.017648,5.747451,0.497871,0.018463,0.0601,1139.16,562.6,-1.6782,3150,0,18850,1
4757,2676736,1233.7,528,-1.3142,-0.017648,5.747451,0.497871,0.018463,0.0601,1137.26,561.4,-1.6818,3156,0,18150,1
4758,2676736,1361.36,608,-1.3459,-0.017648,5.747451,0.497871,0.018463,0.0601,1138.53,562.0,-1.6858,3157,1,19300,1
4759,2678784,604.29,549,-1.9971,-0.001193,1.558665,0.738284,0.006284,0.0798,1131.59,562.0,-1.6963,1798,0,400,0
4760,2678784,1249.99,573,-1.0945,-0.001193,1.558665,0.738284,0.006284,0.0798,1131.56,562.4,-1.6978,3161,0,17900,1
4761,2680832,1234.03,541,-0.9526,-0.008256,1.150741,0.859695,0.00747,0.0718,1130.98,561.9,-1.6977,3161,0,18200,1
4762,2682880,1195.78,1233,-1.4422,-0.009188,1.03035,0.963626,0.006417,0.0735,1131.45,549.5,-1.6977,3157,0,11100,1
4763,2682880,1341.13,643,-0.8455,-0.009188,1.03035,0.963626,0.006417,0.0735,1132.31,550.4,-1.6965,3156,2,21400,1
4764,2682880,1190.03,511,-0.7845,-0.009188,1.03035,0.963626,0.006417,0.0735,1131.78,550.0,-1.6938,3156,0,19050,1
4765,2684928,1231.09,560,-0.7313,-0.005756,1.204789,0.780754,0.005734,0.0718,1131.1,550.0,-1.6905,3157,0,18000,1
4766,2684928,1234.33,541,-0.728,-0.005756,1.204789,0.780754,0.005734,0.0718,1131.06,549.7,-1.6861,3161,0,19750,1
4767,2684928,1256.25,661,-0.7782,-0.005756,1.204789,0.780754,0.005734,0.0718,1131.32,550.9,-1.6817,3152,1,17600,1
4768,2686976,1248.28,538,-0.7601,-0.005023,1.231303,0.747508,0.006723,0.0662,1131.24,550.7,-1.6745,3161,0,19850,1
4769,2686976,1333.33,587,-0.7769,-0.005023,1.231303,0.747508,0.006723,0.0662,1131.34,550.5,-1.6669,3150,1,19050,1
4770,2686976,1097.88,2462,-1.4497,-0.005023,1.231303,0.747508,0.006723,0.0662,1129.76,569.5,-1.6652,3152,4,18700,1
4771,2686976,1243.09,575,-0.7918,-0.005023,1.231303,0.747508,0.006723,0.0662,1129.88,569.8,-1.6565,3161,0,17950,1
4772,2686976,707.25,305,-0.8265,-0.005023,1.231303,0.747508,0.006723,0.0662,1124.7,567.2,-1.6457,2760,1,300,0
4773,2689024,1236.19,562,-0.9137,-0.017181,3.106959,0.486479,0.019543,0.0645,1124.75,567.5,-1.6357,3151,0,18050,1
4774,2689024,1245.61,550,-0.9285,-0.017181,3.106959,0.486479,0.019543,0.0645,1124.81,567.5,-1.6252,3161,1,20050,1
4775,2689024,1225.83,552,-0.9954,-0.017181,3.106959,0.486479,0.019543,0.0645,1124.44,567.2,-1.615,3161,0,19650,1
4776,2689024,1408.23,613,-1.0134,-0.017181,3.106959,0.486479,0.019543,0.0645,1126.18,568.0,-1.6041,3161,2,19250,1
4777,2691072,1194.26,507,-1.2388,-0.016917,7.432513,0.455518,0.016836,0.0635,1125.54,567.2,-1.5953,3151,0,18000,1
4778,2691072,1207.94,537,-1.2497,-0.016917,7.432513,0.455518,0.016836,0.0635,1125.17,567.1,-1.5866,3161,1,18150,1
4779,2691072,1235.09,531,-1.3141,-0.016917,7.432513,0.455518,0.016836,0.0635,1123.85,566.3,-1.5785,3157,0,19450,1
4780,2693120,1233.5,568,-1.4058,-0.012449,7.365995,0.387322,0.014172,0.0488,1123.92,566.4,-1.57,3156,0,17900,1
4781,2693120,1258.42,566,-1.5046,-0.012449,7.365995,0.387322,0.014172,0.0488,1124.3,566.3,-1.5619,3161,2,18450,1
4782,2693120,811.45,413,-1.5014,-0.012449,7.365995,0.387322,0.014172,0.0488,1120.06,564.7,-1.5537,2474,0,100,0
4783,2693120,1352.93,596,-1.535,-0.012449,7.365995,0.387322,0.014172,0.0488,1121.23,565.4,-1.546,3156,1,20450,1
4784,2695168,1246.97,556,-1.6445,-0.015707,5.483196,0.473918,0.012821,0.04,1120.67,565.2,-1.5404,3157,0,17700,1
4785,2695168,1244.67,563,-1.7649,-0.015707,5.483196,0.473918,0.012821,0.04,1120.81,565.1,-1.5364,3157,0,17650,1
4786,2697216,1187.35,829,-1.6468,-0.010391,1.611564,0.942531,0.016889,0.0786,1119.21,567.1,-1.5312,3157,1,18750,1
4787,2697216,1260.96,658,-1.5291,-0.010391,1.611564,0.942531,0.016889,0.0786,1119.37,568.1,-1.5247,3156,0,17150,1
4788,2697216,1074.05,504,-1.1519,-0.010391,1.611564,0.942531,0.016889,0.0786,1117.71,567.6,-1.5141,3157,0,18250,1
4789,2699264,1252.63,528,-0.9219,-0.008234,1.129092,0.820881,0.008868,0.0352,1116.88,567.2,-1.5008,3153,2,18500,1
4790,2699264,1247.33,570,-0.8843,-0.008234,1.129092,0.820881,0.008868,0.0352,1116.05,567.3,-1.4875,3157,0,18050,1
4791,2699264,1252.83,543,-0.803,-0.008234,1.129092,0.820881,0.008868,0.0352,1116.21,567.3,-1.4729,3161,1,19450,1
4792,2701312,1237.41,575,-0.7955,-0.005069,1.291589,0.756045,0.004597,0.0356,1124.36,571.1,-1.4595,3152,0,17450,1
4793,2701312,1181.79,532,-0.7845,-0.005069,1.291589,0.756045,0.004597,0.0356,1129.71,573.6,-1.4457,3156,1,19150,1
4794,2701312,1228.82,538,-0.8081,-0.005069,1.291589,0.756045,0.004597,0.0356,1135.66,576.1,-1.4325,3153,0,18450,1
4795,2703360,1102.63,2461,-1.72,-0.008561,1.214532,0.780424,0.006839,0.0425,1134.39,595.1,-1.4266,3151,4,18900,1
4796,2703360,1250.59,591,-0.8159,-0.008561,1.214532,0.780424,0.006839,0.0425,1134.45,595.5,-1.4112,3161,1,18200,1
4797,2703360,1233.15,526,-0.8069,-0.008561,1.214532,0.780424,0.006839,0.0425,1134.37,594.9,-1.3958,3161,0,18200,1
4798,2703360,1240.28,539,-0.8179,-0.008561,1.214532,0.780424,0.006839,0.0425,1134.34,594.2,-1.3806,3157,0,19650,1
4799,2703360,569.46,261,-0.8723,-0.008561,1.214532,0.780424,0.006839,0.0425,1127.71,591.2,-1.3656,2472,0,300,0
4800,2705408,1197.0,548,-0.9006,-0.012406,2.590815,0.559922,0.01083,0.0415,1133.84,593.8,-1.3538,3156,1,18000,1
4801,2705408,1217.52,580,-0.9261,-0.012406,2.590815,0.559922,0.01083,0.0415,1139.76,596.9,-1.3425,3161,2,18650,1
4802,2707456,1245.6,579,-1.0162,-0.01793,4.740088,0.499717,0.019305,0.051,1139.65,597.0,-1.331,3161,1,18950,1
4803,2707456,1267.22,614,-1.0407,-0.01793,4.740088,0.499717,0.019305,0.051,1139.93,597.4,-1.3196,3151,2,20500,1
4804,2707456,1246.1,564,-1.1106,-0.01793,4.740088,0.499717,0.019305,0.051,1139.9,597.6,-1.3089,3161,0,18350,1
4805,2707456,1230.52,557,-1.1652,-0.01793,4.740088,0.499717,0.019305,0.051,1145.1,600.1,-1.2989,3156,0,18200,1
4806,2709504,1237.59,552,-1.2504,-0.019042,4.362924,0.480944,0.017911,0.0527,1150.6,602.6,-1.2898,3157,0,18100,1
4807,2709504,1251.07,599,-1.34,-0.019042,4.362924,0.480944,0.017911,0.0527,1151.36,600.1,-1.2817,3151,0,18100,1
4808,2711552,1313.34,611,-1.3818,-0.010234,1.248111,0.878285,0.013452,0.0618,1151.58,600.3,-1.2759,3161,1,23250,1
4809,2711552,1252.86,536,-1.1893,-0.010234,1.248111,0.878285,0.013452,0.0618,1151.66,600.2,-1.2696,3157,1,18500,1
4810,2711552,1251.9,561,-0.9216,-0.010234,1.248111,0.878285,0.013452,0.0618,1151.7,599.8,-1.2606,3156,0,18450,1
4811,2713600,1237.25,537,-0.7013,-0.008861,1.281721,0.743958,0.009152,0.0605,1159.81,603.2,-1.254,3154,0,19650,1
4812,2713600,1232.63,545,-0.7032,-0.008861,1.281721,0.743958,0.009152,0.0605,1158.57,602.5,-1.248,3157,0,18100,1
4813,2713600,1333.67,583,-0.695,-0.008861,1.281721,0.743958,0.009152,0.0605,1159.4,603.0,-1.2423,3161,1,19150,1
4814,2715648,1231.33,501,-0.655,-0.009084,1.223009,0.780018,0.005195,0.052,1159.85,602.6,-1.2365,3156,0,18250,1
4815,2715648,1233.84,571,-0.699,-0.009084,1.223009,0.780018,0.005195,0.052,1160.6,596.2,-1.2278,3151,0,21000,1
4816,2715648,1101.27,2468,-1.6621,-0.009084,1.223009,0.780018,0.005195,0.052,1159.34,615.5,-1.2324,3155,4,18950,1
4817,2717696,1258.0,566,-0.7077,-0.006933,2.034441,0.617085,0.008631,0.0327,1159.43,615.4,-1.2273,3152,1,18750,1
4818,2717696,1262.79,554,-0.7127,-0.006933,2.034441,0.617085,0.008631,0.0327,1160.54,615.4,-1.2216,3151,1,18800,1
4819,2717696,1237.27,544,-0.8316,-0.006933,2.034441,0.617085,0.008631,0.0327,1168.38,618.3,-1.2161,3157,0,17900,1
4820,2719744,1244.58,528,-0.8306,-0.014299,1.927582,0.627933,0.013727,0.043,1168.42,617.7,-1.2107,3153,0,19950,1
4821,2719744,1239.59,539,-0.8448,-0.014299,1.927582,0.627933,0.013727,0.043,1167.82,616.9,-1.2051,3157,0,18200,1
4822,2719744,427.0,200,-0.9392,-0.014299,1.927582,0.627933,0.013727,0.043,1159.79,613.4,-1.1998,1796,0,200,0
4823,2721792,1227.29,570,-0.9267,-0.007405,1.234574,0.707596,0.00781,0.0396,1159.57,613.4,-1.1938,3157,0,18400,1
4824,2721792,1248.97,543,-0.8938,-0.007405,1.234574,0.707596,0.00781,0.0396,1159.59,613.5,-1.1874,3161,0,18550,1
4825,2721792,1320.16,604,-0.9034,-0.007405,1.234574,0.707596,0.00781,0.0396,1166.85,616.8,-1.1802,3156,0,18900,1
4826,2723840,1230.31,513,-0.8215,-0.008178,1.261898,0.733461,0.006075,0.0444,1166.85,616.3,-1.1721,3151,0,18150,1
4827,2723840,1248.94,558,-0.8447,-0.008178,1.261898,0.733461,0.006075,0.0444,1166.94,616.1,-1.163,3161,1,19650,1
4828,2723840,1241.19,543,-0.8287,-0.008178,1.261898,0.733461,0.006075,0.0444,1166.89,616.1,-1.1533,3156,0,18400,1
4829,2725888,1097.21,2457,-1.5194,-0.006976,1.250088,0.743042,0.004746,0.0403,1165.53,635.1,-1.1502,3155,4,20450,1
4830,2725888,1337.12,600,-0.8452,-0.006976,1.250088,0.743042,0.004746,0.0403,1174.69,639.2,-1.1394,3161,0,21700,1
4831,2725888,1304.78,583,-0.8349,-0.006976,1.250088,0.743042,0.004746,0.0403,1175.33,639.4,-1.1286,3157,1,18500,1
4832,2725888,1340.24,571,-0.8226,-0.006976,1.250088,0.743042,0.004746,0.0403,1183.07,642.6,-1.1162,3161,2,19250,1
4833,2727936,1237.5,548,-0.9121,-0.014377,5.486043,0.466956,0.01618,0.0413,1189.81,645.3,-1.1043,3157,0,17900,1
4834,2727936,1258.45,531,-0.9451,-0.014377,5.486043,0.466956,0.01618,0.0413,1189.22,644.7,-1.0937,3156,1,19050,1
4835,2727936,1233.52,537,-0.9601,-0.014377,5.486043,0.466956,0.01618,0.0413,1189.13,644.5,-1.0829,3149,0,18100,1
4836,2727936,1232.44,552,-1.0429,-0.014377,5.486043,0.466956,0.01618,0.0413,1189.47,645.0,-1.0726,3157,0,18150,1
4837,2729984,1246.31,546,-1.2498,-0.016201,6.522121,0.396281,0.019651,0.0552,1196.18,646.6,-1.0606,3150,1,18100,1
4838,2729984,1199.61,519,-1.2506,-0.016201,6.522121,0.396281,0.019651,0.0552,1195.88,646.3,-1.0514,3157,0,18000,1
4839,2729984,1236.16,564,-1.2851,-0.016201,6.522121,0.396281,0.019651,0.0552,1195.73,646.1,-1.043,3157,0,17900,1
4840,2729984,1251.61,570,-1.3764,-0.016201,6.522121,0.396281,0.019651,0.0552,1201.72,648.8,-1.0459,3156,1,18200,1
4841,2732032,1246.13,566,-1.535,-0.017209,6.167036,0.417795,0.015724,0.0598,1200.88,648.4,-1.0492,3153,0,21100,1
4842,2732032,1249.17,551,-1.5419,-0.017209,6.167036,0.417795,0.015724,0.0598,1201.42,648.5,-1.055,3161,0,18500,1
4843,2732032,1243.74,584,-1.5658,-0.017209,6.167036,0.417795,0.015724,0.0598,1206.51,643.5,-1.053,3157,0,17600,1
4844,2734080,1259.24,548,-1.6585,-0.01418,8.179322,0.410545,0.016231,0.0559,1206.66,643.1,-1.0622,3151,1,18850,1
4845,2734080,1241.77,526,-1.7275,-0.01418,8.179322,0.410545,0.016231,0.0559,1206.29,642.7,-1.0721,3152,0,21200,1
4846,2734080,1244.63,564,-1.773,-0.01418,8.179322,0.410545,0.016231,0.0559,1205.78,642.5,-1.0826,3161,1,18700,1
4847,2736128,1251.81,543,-1.791,-0.011308,2.403349,0.607576,0.011396,0.0405,1215.2,636.8,-1.0877,3152,1,18600,1
4848,2736128,1266.09,579,-1.5103,-0.011308,2.403349,0.607576,0.011396,0.0405,1215.4,637.0,-1.0951,3156,1,18250,1
4849,2738176,1234.44,543,-1.2937,-0.001656,0.979539,1.07059,0.004968,0.0693,1215.23,636.4,-1.1,3161,0,20050,1
4850,2738176,1321.4,579,-0.4259,-0.001656,0.979539,1.07059,0.004968,0.0693,1215.41,636.6,-1.0963,3161,2,18150,1
4851,2740224,1234.77,546,-0.2234,-0.010734,0.691279,1.117,0.006101,0.106,1214.78,636.4,-1.0902,3152,0,17800,1
4852,2742272,1259.26,559,-0.1122,-0.008978,0.688438,1.089392,0.007533,0.0818,1214.31,635.4,-1.0808,3161,1,18300,1
4853,2742272,1243.72,553,-0.1141,-0.008978,0.688438,1.089392,0.007533,0.0818,1214.36,635.6,-1.0719,3156,0,17800,1
4854,2742272,1099.0,2446,-1.4715,-0.008978,0.688438,1.089392,0.007533,0.0818,1212.02,654.0,-1.0766,3156,4,19000,1
4855,2744320,1236.55,541,-0.1033,-0.009473,1.045758,0.819024,0.008869,0.0627,1210.95,653.0,-1.0661,3149,1,18750,1
4856,2744320,1074.88,2494,-1.2135,-0.009473,1.045758,0.819024,0.008869,0.0627,1209.31,672.5,-1.0654,3161,4,18650,1
4857,2744320,1405.99,668,-0.2185,-0.009473,1.045758,0.819024,0.008869,0.0627,1211.03,673.9,-1.0544,3161,1,19800,1
4858,2744320,1437.31,665,-0.2277,-0.009473,1.045758,0.819024,0.008869,0.0627,1211.79,674.5,-1.0432,3154,5,19300,1
4859,2746368,1249.16,541,-0.3312,-0.01617,4.561637,0.50659,0.016289,0.0435,1218.24,674.4,-1.0266,3157,0,18000,1
4860,2748416,1240.13,562,-0.4899,-0.013419,0.935508,0.978439,0.009017,0.061,1218.14,674.3,-1.0205,3161,0,18100,1
4861,2750464,1228.54,559,-0.0109,-0.007058,0.566167,1.45423,0.005164,0.054,1218.08,674.5,-1.0111,3157,0,18650,1
4862,2752512,1232.49,535,0.5149,-0.005908,0.485813,1.476949,0.003024,0.0654,1218.45,667.5,-0.9915,3157,0,18550,1
4863,2752512,1105.15,2476,-0.8007,-0.005908,0.485813,1.476949,0.003024,0.0654,1216.09,685.8,-0.9911,3161,4,18500,1
4864,2754560,422.43,193,0.4718,-0.005345,0.484548,1.443356,0.000503,0.0393,1208.41,682.6,-0.9785,1783,0,100,0
4865,2754560,1101.35,2477,-0.7227,-0.005345,0.484548,1.443356,0.000503,0.0393,1207.12,701.8,-0.9784,3149,4,18750,1
4866,2754560,1129.66,2482,-0.6878,-0.005345,0.484548,1.443356,0.000503,0.0393,1206.07,721.2,-0.978,3161,6,19900,1
4867,2754560,1233.27,528,0.573,-0.005345,0.484548,1.443356,0.000503,0.0393,1205.84,719.9,-0.9645,3161,0,19850,1
4868,2756608,1237.7,558,0.2656,-0.007525,1.479087,0.562522,0.012752,0.0623,1205.73,720.1,-0.9543,3156,0,17550,1
4869,2756608,1241.73,562,0.2235,-0.007525,1.479087,0.562522,0.012752,0.0623,1204.82,719.9,-0.9442,3157,0,17850,1
4870,2756608,1256.47,553,0.174,-0.007525,1.479087,0.562522,0.012752,0.0623,1206.4,700.8,-0.928,3161,1,18100,1
4871,2756608,1237.58,529,0.076,-0.007525,1.479087,0.562522,0.012752,0.0623,1206.35,700.3,-0.9193,3157,0,18550,1
4872,2758656,1080.59,498,-0.3389,-0.010321,6.983725,0.303361,0.014386,0.054,1210.08,702.2,-0.9145,3157,0,17300,1
4873,2758656,1235.6,564,-0.3267,-0.010321,6.983725,0.303361,0.014386,0.054,1210.08,702.2,-0.9086,3149,0,17850,1
4874,2758656,1233.01,532,-0.3658,-0.010321,6.983725,0.303361,0.014386,0.054,1209.95,702.1,-0.903,3161,0,18300,1
4875,2758656,1234.64,564,-0.461,-0.010321,6.983725,0.303361,0.014386,0.054,1210.04,702.2,-0.8976,3151,0,18400,1
4876,2760704,1236.8,567,-0.7172,-0.011309,6.206948,0.33837,0.012051,0.0483,1208.32,701.7,-0.8947,3161,0,18050,1
4877,2760704,1300.5,560,-0.6792,-0.011309,6.206948,0.33837,0.012051,0.0483,1209.39,702.3,-0.8891,3156,0,18750,1
4878,2760704,1301.19,559,-0.7409,-0.011309,6.206948,0.33837,0.012051,0.0483,1210.32,702.5,-0.884,3156,1,20250,1
4879,2760704,1231.01,540,-0.8243,-0.011309,6.206948,0.33837,0.012051,0.0483,1210.28,702.6,-0.8791,3149,0,18100,1
4880,2762752,1232.87,526,-0.9951,-0.014152,8.565616,0.386508,0.016989,0.0537,1210.27,702.1,-0.875,3152,0,19650,1
4881,2762752,1239.93,548,-1.0231,-0.014152,8.565616,0.386508,0.016989,0.0537,1210.09,702.0,-0.8701,3157,0,18750,1
4882,2762752,1234.26,553,-1.0897,-0.014152,8.565616,0.386508,0.016989,0.0537,1214.32,703.4,-0.866,3157,0,17800,1
4883,2764800,1262.44,616,-1.1747,-0.012496,5.782678,0.432595,0.012867,0.0481,1213.41,703.6,-0.8624,3157,1,17600,1
4884,2764800,1239.31,551,-1.269,-0.012496,5.782678,0.432595,0.012867,0.0481,1213.33,703.5,-0.8587,3157,0,18700,1
4885,2764800,1233.52,543,-1.3011,-0.012496,5.782678,0.432595,0.012867,0.0481,1213.22,703.3,-0.854,3161,0,17950,1
4886,2764800,1240.89,556,-1.3493,-0.012496,5.782678,0.432595,0.012867,0.0481,1213.76,700.6,-0.8511,3157,0,20900,1
4887,2766848,420.8,237,-1.4076,-0.012456,5.13065,0.418607,0.01678,0.0522,1205.36,696.4,-0.8498,1797,0,100,0
4888,2766848,1258.58,570,-1.3866,-0.012456,5.13065,0.418607,0.01678,0.0522,1207.2,697.0,-0.8522,3149,1,17750,1
4889,2766848,420.18,191,-1.5469,-0.012456,5.13065,0.418607,0.01678,0.0522,1198.88,693.7,-0.8584,1795,0,200,0
4890,2766848,1246.31,557,-1.4413,-0.012456,5.13065,0.418607,0.01678,0.0522,1198.87,693.5,-0.864,3161,0,18100,1
4891,2768896,1228.0,540,-1.5079,-0.013929,6.112573,0.400334,0.01396,0.0449,1198.62,693.5,-0.8711,3153,0,18000,1
4892,2768896,1257.79,579,-1.5235,-0.013929,6.112573,0.400334,0.01396,0.0449,1198.82,693.5,-0.8783,3151,0,21400,1
4893,2768896,1416.17,644,-1.4912,-0.013929,6.112573,0.400334,0.01396,0.0449,1201.17,694.7,-0.8854,3152,1,18300,1
4894,2770944,1322.31,601,-1.6144,-0.014218,4.867212,0.525081,0.01882,0.0435,1202.1,695.3,-0.8935,3157,3,18600,1
4895,2770944,1364.89,822,-1.5766,-0.014218,4.867212,0.525081,0.01882,0.0435,1204.72,678.9,-0.892,3153,2,18600,1
4896,2770944,1228.94,560,-1.662,-0.014218,4.867212,0.525081,0.01882,0.0435,1204.51,678.6,-0.9005,3157,0,18550,1
4897,2770944,1331.2,644,-1.6876,-0.014218,4.867212,0.525081,0.01882,0.0435,1205.49,679.8,-0.9093,3157,2,20050,1
4898,2772992,1234.75,518,-1.6994,-0.019538,3.01887,0.572843,0.022106,0.0605,1205.43,679.6,-0.9181,3153,0,18000,1
4899,2772992,1306.46,610,-1.7217,-0.019538,3.01887,0.572843,0.022106,0.0605,1212.8,683.1,-0.9266,3153,0,17950,1
4900,2772992,1257.57,573,-1.6433,-0.019538,3.01887,0.572843,0.022106,0.0605,1213.41,683.3,-0.934,3161,1,18550,1
4901,2772992,1198.39,555,-1.7021,-0.019538,3.01887,0.572843,0.022106,0.0605,1213.22,683.1,-0.9418,3154,0,17650,1
4902,2775040,1231.63,557,-1.6353,-0.01465,6.305174,0.434155,0.015343,0.0491,1213.08,682.8,-0.948,3152,0,18000,1
4903,2775040,1233.09,550,-1.6506,-0.01465,6.305174,0.434155,0.015343,0.0491,1212.74,682.2,-0.9541,3153,0,18350,1
4904,2775040,1256.12,541,-1.6415,-0.01465,6.305174,0.434155,0.015343,0.0491,1212.84,682.0,-0.9594,3161,1,18600,1
4905,2775040,1303.25,619,-1.6807,-0.01465,6.305174,0.434155,0.015343,0.0491,1213.56,682.6,-0.9646,3156,1,21600,1
4906,2777088,1233.36,527,-1.7548,-0.018551,5.9399,0.477935,0.016586,0.0481,1213.52,682.3,-0.9696,3156,0,18400,1
4907,2777088,1350.48,605,-1.7228,-0.018551,5.9399,0.477935,0.016586,0.0481,1214.52,682.4,-0.9734,3161,2,18400,1
4908,2777088,1225.79,548,-1.7695,-0.018551,5.9399,0.477935,0.016586,0.0481,1213.64,681.8,-0.9773,3161,0,18400,1
4909,2779136,1243.56,583,-1.8174,-0.015854,7.143066,0.459707,0.015632,0.0479,1213.55,682.2,-0.9836,3153,0,17850,1
4910,2779136,1237.57,525,-1.9247,-0.015854,7.143066,0.459707,0.015632,0.0479,1213.4,681.9,-0.9936,3156,0,18100,1
4911,2779136,1324.86,589,-1.9514,-0.015854,7.143066,0.459707,0.015632,0.0479,1214.28,682.4,-1.0061,3156,2,19100,1
4912,2779136,1247.43,560,-1.9672,-0.015854,7.143066,0.459707,0.015632,0.0479,1214.43,682.5,-1.0188,3149,0,18300,1
4913,2781184,1258.91,558,-2.0257,-0.016403,7.136583,0.463253,0.01627,0.0535,1213.68,682.3,-1.0321,3161,1,18850,1
4914,2781184,1241.3,525,-2.0462,-0.016403,7.136583,0.463253,0.01627,0.0535,1213.78,682.5,-1.046,3161,0,21400,1
4915,2781184,937.0,389,-2.216,-0.016403,7.136583,0.463253,0.01627,0.0535,1210.81,680.7,-1.0611,2760,1,300,0
4916,2781184,1233.11,533,-2.1031,-0.016403,7.136583,0.463253,0.01627,0.0535,1212.13,661.4,-1.0656,3156,0,19350,1
4917,2783232,1247.76,581,-2.1585,-0.013445,7.145639,0.379767,0.010325,0.0391,1212.03,661.5,-1.0801,3157,0,18250,1
4918,2783232,1244.37,556,-2.162,-0.013445,7.145639,0.379767,0.010325,0.0391,1211.84,661.5,-1.0946,3151,0,20650,1
4919,2783232,1199.09,536,-2.207,-0.013445,7.145639,0.379767,0.010325,0.0391,1211.46,661.5,-1.1083,3161,0,17900,1
4920,2785280,1233.95,552,-2.1732,-0.018067,7.426146,0.428376,0.018422,0.054,1211.35,661.7,-1.1217,3150,0,19850,1
4921,2785280,1259.24,541,-2.2026,-0.018067,7.426146,0.428376,0.018422,0.054,1211.55,661.7,-1.1353,3156,0,18550,1
4922,2785280,653.8,282,-2.3609,-0.018067,7.426146,0.428376,0.018422,0.054,1213.82,662.5,-1.1495,2757,0,100,0
4923,2787328,1184.23,534,-2.3132,-0.014504,4.529402,0.46483,0.012517,0.0342,1213.39,662.2,-1.1634,3157,0,18200,1
4924,2787328,1294.29,607,-2.3226,-0.014504,4.529402,0.46483,0.012517,0.0342,1213.84,662.8,-1.1777,3156,2,21200,1
4925,2787328,1259.65,549,-2.2438,-0.014504,4.529402,0.46483,0.012517,0.0342,1213.24,662.3,-1.1911,3154,1,19050,1
4926,2789376,1257.01,551,-2.0676,-0.003853,1.579232,0.837802,0.013659,0.0715,1213.5,662.6,-1.2036,3153,2,20250,1
4927,2789376,1231.71,563,-1.2979,-0.003853,1.579232,0.837802,0.013659,0.0715,1213.33,662.7,-1.2081,3150,0,18200,1
4928,2791424,1241.19,548,-0.7238,-0.009606,0.811687,1.115754,0.003751,0.0347,1213.33,662.8,-1.207,3161,0,18600,1
4929,2791424,1239.52,552,-0.5046,-0.009606,0.811687,1.115754,0.003751,0.0347,1214.76,643.7,-1.1969,3153,0,17700,1
4930,2793472,1238.99,559,-0.3931,-0.006835,0.699511,1.152298,0.000371,0.0552,1213.77,643.3,-1.1924,3157,0,18650,1
4931,2793472,1175.23,2523,-1.5943,-0.006835,0.699511,1.152298,0.000371,0.0552,1212.48,662.7,-1.2,3156,5,21200,1
4932,2793472,1290.77,594,-0.3326,-0.006835,0.699511,1.152298,0.000371,0.0552,1211.98,662.9,-1.1951,3150,0,18500,1
4933,2795520,1229.74,546,-0.2762,-0.006721,0.834383,1.045781,0.003935,0.054,1211.91,662.9,-1.1887,3157,0,19650,1
4934,2795520,1314.62,615,-0.3323,-0.006721,0.834383,1.045781,0.003935,0.054,1212.47,663.7,-1.1826,3157,1,18700,1
4935,2797568,1233.65,534,-0.2761,-0.006977,1.250987,0.815079,0.003767,0.0339,1212.47,663.7,-1.1757,3161,0,19350,1
4936,2797568,1051.68,2465,-1.2036,-0.006977,1.250987,0.815079,0.003767,0.0339,1210.66,682.8,-1.1773,3154,4,18700,1
4937,2797568,1238.19,547,-0.316,-0.006977,1.250987,0.815079,0.003767,0.0339,1210.58,682.9,-1.168,3157,0,18750,1
4938,2797568,1246.02,531,-0.3535,-0.006977,1.250987,0.815079,0.003767,0.0339,1211.04,683.0,-1.159,3161,0,20150,1
4939,2799616,1289.5,600,-0.4598,-0.008221,1.95526,0.592026,0.009596,0.0464,1211.58,683.3,-1.1508,3155,2,18050,1
4940,2799616,1342.07,579,-0.4564,-0.008221,1.95526,0.592026,0.009596,0.0464,1212.48,683.4,-1.1416,3150,3,20650,1
4941,2801664,1202.44,547,-0.608,-0.013359,3.298631,0.601819,0.009955,0.0432,1212.05,683.2,-1.1323,3161,0,18450,1
4942,2801664,1370.12,1126,-0.933,-0.013359,3.298631,0.601819,0.009955,0.0432,1213.25,689.0,-1.1262,3155,1,18700,1
4943,2801664,1237.11,551,-0.5993,-0.013359,3.298631,0.601819,0.009955,0.0432,1213.19,688.6,-1.1166,3156,0,18950,1
4944,2801664,1236.26,544,-0.6288,-0.013359,3.298631,0.601819,0.009955,0.0432,1212.96,688.6,-1.1063,3154,0,19450,1
4945,2803712,1249.36,544,-0.7376,-0.015919,7.296652,0.409142,0.014491,0.0425,1213.03,688.8,-1.0964,3150,1,18850,1
4946,2803712,1243.45,562,-0.7972,-0.015919,7.296652,0.409142,0.014491,0.0425,1213.02,688.8,-1.0866,3157,1,18200,1
4947,2803712,1318.15,573,-0.8652,-0.015919,7.296652,0.409142,0.014491,0.0425,1213.69,689.1,-1.0773,3154,2,19050,1
4948,2805760,1239.94,517,-1.0266,-0.015473,2.687419,0.56538,0.013076,0.0339,1213.42,688.5,-1.0725,3161,0,21500,1
4949,2805760,1240.19,578,-1.1451,-0.015473,2.687419,0.56538,0.013076,0.0339,1213.48,688.8,-1.071,3161,0,17800,1
4950,2805760,1238.87,535,-1.1443,-0.015473,2.687419,0.56538,0.013076,0.0339,1212.66,688.4,-1.0782,3157,0,18300,1
4951,2807808,1233.0,551,-1.207,-0.007459,1.294222,0.764032,0.003614,0.0425,1212.64,688.4,-1.088,3161,0,18200,1
4952,2807808,1248.88,572,-1.1079,-0.007459,1.294222,0.764032,0.003614,0.0425,1212.54,688.5,-1.098,3152,1,19450,1
4953,2807808,1244.68,542,-1.0303,-0.007459,1.294222,0.764032,0.003614,0.0425,1212.55,688.4,-1.1072,3155,0,18400,1
4954,2809856,1236.29,569,-0.877,-0.006835,1.2456,0.79319,0.001242,0.0273,1213.92,669.7,-1.1012,3150,0,18100,1
4955,2809856,1236.55,578,-0.8677,-0.006835,1.2456,0.79319,0.001242,0.0273,1213.92,670.0,-1.1089,3157,0,18350,1
4956,2809856,1241.42,572,-0.8541,-0.006835,1.2456,0.79319,0.001242,0.0273,1215.58,650.8,-1.1053,3151,0,18200,1
4957,2811904,1240.09,550,-0.8408,-0.01003,1.203361,0.821228,0.007075,0.0422,1213.92,649.6,-1.1115,3151,0,18000,1
4958,2811904,729.51,320,-0.8365,-0.01003,1.203361,0.821228,0.007075,0.0422,1206.85,646.2,-1.1176,2753,1,300,0
4959,2811904,1116.44,2476,-1.4542,-0.01003,1.203361,0.821228,0.007075,0.0422,1205.52,665.5,-1.1288,3161,4,20150,1
4960,2811904,1230.17,565,-0.8411,-0.01003,1.203361,0.821228,0.007075,0.0422,1205.42,665.6,-1.1323,3161,0,17950,1
4961,2813952,1245.73,534,-0.8973,-0.007163,2.468049,0.511862,0.008733,0.0254,1205.59,665.3,-1.1412,3149,0,18700,1
4962,2813952,1235.31,529,-0.8983,-0.007163,2.468049,0.511862,0.008733,0.0254,1205.62,665.2,-1.1553,3157,0,19850,1
4963,2813952,1350.29,586,-0.924,-0.007163,2.468049,0.511862,0.008733,0.0254,1208.07,646.4,-1.1565,3161,2,19250,1
4964,2816000,1226.65,550,-1.1141,-0.014378,5.083965,0.442358,0.014887,0.0408,1216.11,649.9,-1.1724,3154,0,18300,1
4965,2816000,1248.55,558,-1.1044,-0.014378,5.083965,0.442358,0.014887,0.0408,1217.59,630.7,-1.1762,3161,1,18650,1
4966,2816000,1237.29,571,-1.144,-0.014378,5.083965,0.442358,0.014887,0.0408,1218.66,611.6,-1.1808,3154,0,17900,1
4967,2818048,1251.45,575,-1.0448,-0.010376,1.289478,0.713484,0.01118,0.0464,1218.84,612.1,-1.197,3154,0,17950,1
4968,2818048,1222.2,561,-0.9978,-0.010376,1.289478,0.713484,0.01118,0.0464,1218.69,612.1,-1.2096,3161,0,19350,1
4969,2818048,1426.58,642,-1.0427,-0.010376,1.289478,0.713484,0.01118,0.0464,1220.54,612.9,-1.2223,3161,2,19050,1
4970,2820096,1230.68,544,-0.8065,-0.009521,1.214658,0.86247,0.006404,0.0486,1220.28,612.8,-1.2321,3150,0,18100,1
4971,2820096,1228.65,544,-0.7932,-0.009521,1.214658,0.86247,0.006404,0.0486,1220.19,613.0,-1.2408,3153,0,19750,1
4972,2820096,1236.6,561,-0.8112,-0.009521,1.214658,0.86247,0.006404,0.0486,1221.75,613.6,-1.2455,3156,0,21000,1
4973,2822144,1112.89,2498,-1.5734,-0.009463,1.237174,0.769909,0.006188,0.0427,1220.52,633.0,-1.2579,3161,4,21700,1
4974,2822144,1233.09,525,-0.7862,-0.009463,1.237174,0.769909,0.006188,0.0427,1220.52,632.9,-1.2621,3149,0,18650,1
4975,2822144,1262.21,548,-0.7942,-0.009463,1.237174,0.769909,0.006188,0.0427,1220.8,632.7,-1.2655,3161,1,18600,1
4976,2824192,1288.17,598,-0.8307,-0.00963,1.816143,0.625646,0.007495,0.041,1221.31,633.0,-1.2666,3150,2,18450,1
4977,2824192,1234.21,531,-0.8665,-0.00963,1.816143,0.625646,0.007495,0.041,1220.65,632.7,-1.2685,3151,0,19850,1
4978,2824192,1238.69,556,-0.8809,-0.00963,1.816143,0.625646,0.007495,0.041,1220.02,632.7,-1.2699,3157,0,18200,1
4979,2826240,1247.4,569,-0.9019,-0.015965,8.401861,0.395514,0.017101,0.0564,1220.19,633.0,-1.2707,3155,0,18000,1
4980,2826240,1236.94,528,-0.9033,-0.015965,8.401861,0.395514,0.017101,0.0564,1220.23,633.0,-1.2697,3156,0,18400,1
4981,2826240,1230.18,546,-1.051,-0.015965,8.401861,0.395514,0.017101,0.0564,1220.13,633.0,-1.27,3161,0,19850,1
4982,2828288,1281.22,547,-1.0957,-0.013793,2.630625,0.554573,0.012534,0.0464,1220.6,632.9,-1.2701,3156,1,19050,1
4983,2828288,1239.0,559,-1.117,-0.013793,2.630625,0.554573,0.012534,0.0464,1220.37,632.4,-1.2695,3149,0,18550,1
4984,2828288,1234.51,557,-1.1931,-0.013793,2.630625,0.554573,0.012534,0.0464,1220.32,632.4,-1.2687,3150,0,17950,1
4985,2830336,1248.23,552,-1.1477,-0.00918,1.265827,0.767926,0.00951,0.0479,1220.47,632.5,-1.2672,3156,0,18200,1
4986,2830336,1344.98,600,-1.14,-0.00918,1.265827,0.767926,0.00951,0.0479,1221.51,633.0,-1.2651,3152,1,19250,1
4987,2832384,1228.97,549,-0.8865,-0.010663,1.273973,0.750614,0.009204,0.0383,1229.59,636.1,-1.2599,3156,0,17900,1
4988,2832384,1187.04,536,-0.876,-0.010663,1.273973,0.750614,0.009204,0.0383,1228.87,635.7,-1.2548,3156,0,17700,1
4989,2834432,1238.3,554,-0.6758,-0.007305,0.741455,1.087427,0.004546,0.0383,1237.05,639.4,-1.2461,3157,0,18750,1
4990,2834432,1242.77,533,-0.621,-0.007305,0.741455,1.087427,0.004546,0.0383,1237.02,639.1,-1.2379,3156,0,18750,1
4991,2834432,1096.08,2461,-1.4751,-0.007305,0.741455,1.087427,0.004546,0.0383,1235.7,658.3,-1.2376,3154,4,18600,1
4992,2836480,1236.7,539,-0.2033,-0.008356,0.990769,0.831357,0.007314,0.0554,1235.49,657.9,-1.2244,3157,0,18300,1
4993,2836480,1248.38,582,-0.2377,-0.008356,0.990769,0.831357,0.007314,0.0554,1233.81,657.3,-1.2118,3156,1,18650,1
4994,2836480,1232.19,573,-0.2447,-0.008356,0.990769,0.831357,0.007314,0.0554,1232.91,657.0,-1.1981,3155,0,17750,1
4995,2838528,1196.7,531,-0.2663,-0.011031,1.153051,0.802406,0.009626,0.0376,1231.23,654.1,-1.185,3161,0,17550,1
4996,2838528,1324.28,601,-0.3313,-0.011031,1.153051,0.802406,0.009626,0.0376,1232.18,654.5,-1.1717,3154,2,18600,1
4997,2838528,1308.75,594,-0.3343,-0.011031,1.153051,0.802406,0.009626,0.0376,1231.96,654.0,-1.1582,3161,1,21100,1
4998,2838528,1188.53,2518,-1.1805,-0.011031,1.153051,0.802406,0.009626,0.0376,1231.49,674.0,-1.153,3161,5,19800,1
4999,2840576,1335.59,617,-0.4412,-0.011433,1.572895,0.691317,0.009983,0.0515,1231.79,674.1,-1.1402,3155,2,18650,1
5000,2840576,1247.8,547,-0.4101,-0.011433,1.572895,0.691317,0.009983,0.0515,1231.69,673.9,-1.1279,3157,0,17900,1
5001,2840576,1247.86,563,-0.442,-0.011433,1.572895,0.691317,0.009983,0.0515,1232.18,673.9,-1.1153,3155,1,18200,1
5002,2842624,1336.46,584,-0.478,-0.016396,7.314048,0.480615,0.01535,0.0474,1233.23,674.2,-1.1037,3161,1,18750,1
5003,2842624,1238.84,531,-0.6279,-0.016396,7.314048,0.480615,0.01535,0.0474,1233.29,674.0,-1.0935,3153,0,18600,1
5004,2842624,1296.25,599,-0.6864,-0.016396,7.314048,0.480615,0.01535,0.0474,1233.69,674.6,-1.0839,3151,0,18800,1
5005,2842624,1242.38,563,-0.7201,-0.016396,7.314048,0.480615,0.01535,0.0474,1233.08,674.0,-1.0743,3161,0,21100,1
5006,2844672,1184.13,529,-0.7595,-0.015054,6.417049,0.467451,0.017411,0.0383,1232.59,674.0,-1.0643,3150,0,18200,1
5007,2844672,1298.85,558,-0.9017,-0.015054,6.417049,0.467451,0.017411,0.0383,1232.07,673.6,-1.0561,3161,2,20650,1
5008,2846720,1233.02,519,-0.9673,-0.016102,3.011305,0.526874,0.013588,0.0378,1232.15,673.3,-1.0481,3151,0,21500,1
5009,2846720,1233.18,538,-0.9967,-0.016102,3.011305,0.526874,0.013588,0.0378,1232.04,672.8,-1.0399,3157,0,19650,1
5010,2846720,586.0,260,-1.1635,-0.016102,3.011305,0.526874,0.013588,0.0378,1225.53,670.2,-1.0323,2471,0,0,0
5011,2848768,1406.54,630,-1.1593,-0.011396,1.252202,0.773435,0.010575,0.0454,1226.34,670.6,-1.0244,3156,1,19200,1
5012,2848768,1248.89,580,-1.1478,-0.011396,1.252202,0.773435,0.010575,0.0454,1226.36,670.8,-1.0162,3153,1,17850,1
5013,2848768,1249.14,545,-0.9494,-0.011396,1.252202,0.773435,0.010575,0.0454,1226.26,670.7,-1.0054,3157,0,18650,1
5014,2850816,1254.9,563,-0.8451,-0.013543,1.254358,0.745005,0.012359,0.084,1226.4,671.0,-0.9934,3153,1,19950,1
5015,2850816,1243.08,533,-0.8276,-0.013543,1.254358,0.745005,0.012359,0.084,1229.46,672.5,-0.9795,3157,0,19950,1
5016,2850816,1242.24,548,-0.8198,-0.013543,1.254358,0.745005,0.012359,0.084,1229.55,672.6,-0.9667,3150,0,18700,1
5017,2852864,1244.42,530,-0.8024,-0.011831,1.249934,0.725811,0.010674,0.0471,1229.51,672.1,-0.9531,3156,0,18500,1
5018,2852864,1228.78,566,-0.816,-0.011831,1.249934,0.725811,0.010674,0.0471,1229.36,672.2,-0.9397,3156,0,18150,1
5019,2852864,1102.46,2451,-1.4908,-0.011831,1.249934,0.725811,0.010674,0.0471,1228.39,691.4,-0.9325,3153,4,20550,1
5020,2852864,1248.17,560,-0.8002,-0.011831,1.249934,0.725811,0.010674,0.0471,1228.53,691.5,-0.9188,3161,1,18400,1
5021,2854912,1234.92,531,-0.8336,-0.01247,3.061629,0.488868,0.011751,0.0386,1228.29,691.4,-0.9051,3161,0,19650,1
5022,2854912,1351.85,600,-0.8885,-0.01247,3.061629,0.488868,0.011751,0.0386,1235.27,694.5,-0.8904,3157,0,18950,1
5023,2854912,1231.54,543,-0.9122,-0.01247,3.061629,0.488868,0.011751,0.0386,1235.74,694.6,-0.8763,3152,0,18450,1
5024,2854912,1231.27,546,-0.9587,-0.01247,3.061629,0.488868,0.011751,0.0386,1235.11,694.0,-0.8627,3155,0,18250,1
5025,2856960,1233.76,525,-1.0464,-0.013598,7.533329,0.395889,0.012889,0.0383,1234.86,693.8,-0.8507,3161,0,18400,1
5026,2856960,1236.26,528,-1.1008,-0.013598,7.533329,0.395889,0.012889,0.0383,1234.65,693.5,-0.8411,3149,0,18400,1
5027,2856960,1246.87,539,-1.1742,-0.013598,7.533329,0.395889,0.012889,0.0383,1234.8,693.3,-0.8398,3161,0,19750,1
5028,2856960,1239.53,522,-1.2301,-0.013598,7.533329,0.395889,0.012889,0.0383,1234.78,693.0,-0.8449,3157,0,17900,1
5029,2859008,1316.35,601,-1.3502,-0.01521,7.729742,0.392374,0.015679,0.051,1235.55,693.5,-0.8533,3161,2,18700,1
5030,2859008,1239.16,542,-1.34,-0.01521,7.729742,0.392374,0.015679,0.051,1235.55,693.4,-0.8628,3149,0,18200,1
5031,2859008,1227.66,562,-1.4266,-0.01521,7.729742,0.392374,0.015679,0.051,1236.08,673.8,-0.8611,3156,0,19100,1
5032,2861056,1403.09,684,-1.5132,-0.017706,4.943065,0.508363,0.015986,0.0435,1237.2,674.7,-0.8729,3151,1,20850,1
5033,2861056,1339.2,601,-1.567,-0.017706,4.943065,0.508363,0.015986,0.0435,1238.29,675.2,-0.8859,3161,1,18500,1
5034,2863104,1250.86,544,-1.343,0.000222,1.277845,0.846058,0.01146,0.0854,1237.66,674.5,-0.896,3154,1,18550,1
5035,2863104,1416.14,640,-1.0406,0.000222,1.277845,0.846058,0.01146,0.0854,1239.48,675.6,-0.9036,3161,2,19450,1
5036,2865152,1285.47,589,-0.5604,-0.009895,0.781805,1.142037,0.002618,0.0591,1241.82,656.8,-0.8972,3155,1,19850,1
5037,2865152,1135.71,1379,-1.4621,-0.009895,0.781805,1.142037,0.002618,0.0591,1240.8,665.1,-0.9086,3157,0,9300,1
5038,2865152,1233.41,563,-0.3812,-0.009895,0.781805,1.142037,0.002618,0.0591,1240.67,665.4,-0.9089,3161,0,20800,1
5039,2867200,1242.28,546,-0.3447,-0.010793,1.137115,0.768989,0.008573,0.0449,1240.2,664.9,-0.9078,3155,1,18500,1
5040,2867200,1308.26,630,-0.4215,-0.010793,1.137115,0.768989,0.008573,0.0449,1239.86,665.4,-0.9074,3156,2,18100,1
5041,2869248,627.07,275,-0.3741,-0.006247,1.290187,0.757348,0.002452,0.0305,1234.11,662.7,-0.9051,2753,0,300,0
5042,2869248,1330.24,583,-0.3832,-0.006247,1.290187,0.757348,0.002452,0.0305,1233.71,657.3,-0.8996,3155,2,18750,1
5043,2869248,1113.12,2467,-1.5699,-0.006247,1.290187,0.757348,0.002452,0.0305,1232.47,676.4,-0.9093,3152,4,18700,1
5044,2871296,1302.04,565,-0.4514,-0.013003,1.584691,0.665962,0.013575,0.0427,1233.12,676.6,-0.9075,3157,1,19950,1
5045,2873344,1251.8,530,-0.12,-0.007184,0.601082,1.407126,0.007058,0.0776,1233.15,676.5,-0.9013,3151,0,18550,1
5046,2877440,1102.75,2472,-0.7118,-0.007778,0.440276,1.588506,0.015663,0.1416,1231.74,695.6,-0.9005,3156,4,19200,1
5047,2877440,1063.36,2448,-0.6263,-0.007778,0.440276,1.588506,0.015663,0.1416,1229.19,714.3,-0.8981,3161,4,19250,1
5048,2877440,1101.7,2466,-0.6392,-0.007778,0.440276,1.588506,0.015663,0.1416,1227.81,733.8,-0.8942,3161,4,18800,1
5049,2879488,1233.5,557,0.5533,-0.004529,0.533807,1.272872,0.006459,0.0688,1227.74,733.6,-0.8772,3151,0,19650,1
5050,2879488,1232.66,547,0.5578,-0.004529,0.533807,1.272872,0.006459,0.0688,1227.68,733.7,-0.8602,3161,0,18100,1
5051,2883584,1300.12,574,0.2303,-0.005823,0.708864,1.00805,0.002663,0.0498,1228.35,734.0,-0.8458,3152,2,19000,1
5052,2883584,1303.62,583,0.2056,-0.005823,0.708864,1.00805,0.002663,0.0498,1228.9,734.1,-0.8327,3161,2,19150,1
5053,2883584,1107.19,2462,-0.3775,-0.005823,0.708864,1.00805,0.002663,0.0498,1227.53,753.3,-0.8262,3161,4,18600,1
5054,2885632,1239.28,541,0.1695,-0.008419,1.231779,0.700244,0.007177,0.052,1227.56,753.0,-0.8157,3156,0,18100,1
5055,2885632,1287.06,576,0.1369,-0.008419,1.231779,0.700244,0.007177,0.052,1228.06,753.0,-0.8057,3150,2,20450,1
5056,2885632,1258.07,555,0.131,-0.008419,1.231779,0.700244,0.007177,0.052,1228.23,752.8,-0.7958,3153,1,18050,1
5057,2887680,1051.72,2449,-0.7258,-0.011293,1.19468,0.704957,0.01367,0.0918,1226.34,771.8,-0.7947,3161,4,18850,1
5058,2887680,1227.67,538,-0.0195,-0.011293,1.19468,0.704957,0.01367,0.0918,1231.33,774.0,-0.7865,3149,0,19650,1
5059,2889728,1297.78,584,-0.1244,-0.011329,0.751267,0.965206,0.009946,0.0601,1233.14,755.1,-0.7732,3157,3,18600,1
5060,2891776,1249.73,548,0.0749,-0.009216,0.559698,1.20837,0.004152,0.0688,1233.33,754.9,-0.764,3151,1,19950,1
5061,2893824,1246.75,543,0.3305,-0.006517,0.492164,1.385413,0.00328,0.0911,1233.34,755.0,-0.7518,3161,0,17900,1
5062,2895872,1107.29,2461,-0.7268,-0.009542,0.537195,1.23893,0.014058,0.1611,1232.06,774.3,-0.75,3156,5,19050,1
5063,2895872,1168.93,2488,-0.6834,-0.009542,0.537195,1.23893,0.014058,0.1611,1230.25,793.3,-0.7476,3161,6,19750,1
5064,2897920,1236.98,528,0.4336,-0.009408,0.806527,0.858128,0.012485,0.0647,1230.35,793.1,-0.7322,3157,0,18300,1
5065,2897920,1097.76,2445,-0.5697,-0.009408,0.806527,0.858128,0.012485,0.0647,1228.85,812.0,-0.7268,3152,4,18850,1
5066,2899968,1236.04,533,0.1517,-0.008548,0.638295,1.037784,0.010821,0.054,1228.83,811.6,-0.7139,3156,0,18550,1
5067,2899968,1240.25,518,0.1667,-0.008548,0.638295,1.037784,0.010821,0.054,1228.72,811.0,-0.7017,3161,0,21500,1
5068,2902016,1304.41,559,0.0852,-0.006496,0.673928,1.037656,0.005966,0.0366,1229.54,811.0,-0.6909,3156,2,19100,1
5069,2902016,1404.91,642,0.0058,-0.006496,0.673928,1.037656,0.005966,0.0366,1229.33,811.0,-0.6804,3157,2,20450,1
5070,2904064,1241.34,526,0.0762,-0.008503,0.682415,1.046188,0.004849,0.1001,1229.43,810.8,-0.6716,3154,0,18400,1
5071,2904064,1235.83,527,0.064,-0.008503,0.682415,1.046188,0.004849,0.1001,1229.51,810.6,-0.663,3161,0,18100,1
5072,2904064,1100.24,2483,-0.642,-0.008503,0.682415,1.046188,0.004849,0.1001,1228.14,829.9,-0.6613,3150,4,18700,1
5073,2904064,1051.0,2420,-0.6443,-0.008503,0.682415,1.046188,0.004849,0.1001,1227.52,829.1,-0.652,3161,4,19150,1
5074,2906112,1231.15,517,-0.0428,-0.005015,1.666119,0.500119,0.006187,0.0281,1227.5,829.0,-0.6446,3152,0,21300,1
5075,2906112,1359.48,608,-0.2629,-0.005015,1.666119,0.500119,0.006187,0.0281,1228.48,829.6,-0.6393,3157,4,19400,1
5076,2906112,1249.43,534,-0.3249,-0.005015,1.666119,0.500119,0.006187,0.0281,1228.09,829.0,-0.6342,3151,0,18350,1
5077,2908160,1242.68,524,-0.4996,-0.014583,1.647709,0.55251,0.012658,0.0464,1228.17,828.9,-0.6306,3161,1,18100,1
5078,2908160,1234.64,511,-0.5753,-0.014583,1.647709,0.55251,0.012658,0.0464,1228.13,828.5,-0.6275,3153,0,21300,1
5079,2908160,1238.27,530,-0.6336,-0.014583,1.647709,0.55251,0.012658,0.0464,1228.04,828.1,-0.6248,3151,0,18550,1
5080,2910208,1232.63,530,-0.6677,-0.009481,1.28687,0.612282,0.010724,0.0496,1228.0,828.1,-0.6225,3161,0,18550,1
5081,2910208,1261.65,532,-0.6614,-0.009481,1.28687,0.612282,0.010724,0.0496,1228.31,827.9,-0.6186,3154,1,18350,1
5082,2910208,1330.18,558,-0.6687,-0.009481,1.28687,0.612282,0.010724,0.0496,1228.8,828.0,-0.6143,3156,1,21700,1
5083,2912256,1255.25,558,-0.6888,-0.007888,1.323086,0.642151,0.010443,0.0642,1228.97,828.0,-0.61,3149,0,18400,1
5084,2912256,1430.8,617,-0.7186,-0.007888,1.323086,0.642151,0.010443,0.0642,1230.93,828.6,-0.6053,3153,3,20350,1
5085,2914304,1317.23,568,-0.716,-0.006948,1.317691,0.724192,0.004922,0.0432,1231.62,828.8,-0.601,3152,1,18700,1
5086,2914304,1159.47,2485,-1.3621,-0.006948,1.317691,0.724192,0.004922,0.0432,1229.76,847.6,-0.6032,3150,5,19350,1
5087,2914304,1327.67,589,-0.7475,-0.006948,1.317691,0.724192,0.004922,0.0432,1230.75,848.0,-0.6018,3154,2,18900,1
5088,2914304,1229.4,563,-0.7826,-0.006948,1.317691,0.724192,0.004922,0.0432,1231.17,848.3,-0.6009,3150,0,18100,1
5089,2916352,1234.14,524,-0.9282,-0.019703,5.572945,0.327112,0.021811,0.0596,1231.13,848.0,-0.6034,3161,0,19850,1
5090,2916352,1242.06,539,-0.9918,-0.019703,5.572945,0.327112,0.021811,0.0596,1231.13,848.1,-0.6071,3154,0,18000,1
5091,2918400,1334.82,561,-0.8927,-0.009767,1.232049,0.662878,0.009283,0.0469,1233.51,829.1,-0.6013,3161,1,18950,1
5092,2920448,1236.09,529,0.0584,-0.008522,0.607764,1.335831,0.006734,0.0828,1233.51,829.0,-0.5987,3155,0,18100,1
5093,2922496,1240.13,538,0.4157,-0.005876,0.485809,1.439765,0.005385,0.0449,1233.42,828.5,-0.5921,3161,0,18200,1
5094,2922496,1108.48,2444,-1.0747,-0.005876,0.485809,1.439765,0.005385,0.0449,1232.19,847.2,-0.6004,3149,4,19050,1
5095,2924544,1101.67,2440,-0.9291,-0.006275,0.542562,1.298317,0.006957,0.0728,1231.24,866.3,-0.607,3154,4,18950,1
5096,2924544,1230.24,506,0.4182,-0.006275,0.542562,1.298317,0.006957,0.0728,1230.3,865.4,-0.5996,3154,0,18550,1
5097,2924544,1244.58,542,0.3693,-0.006275,0.542562,1.298317,0.006957,0.0728,1229.65,864.9,-0.5925,3157,0,18850,1
5098,2926592,1098.65,2439,-0.8222,-0.006955,0.875717,0.832913,0.01,0.0779,1228.76,864.1,-0.5889,3161,4,19250,1
5099,2926592,1242.99,518,0.1229,-0.006955,0.875717,0.832913,0.01,0.0779,1227.83,863.1,-0.5833,3153,0,18250,1
5100,2926592,1233.07,518,0.1082,-0.006955,0.875717,0.832913,0.01,0.0779,1227.68,862.8,-0.5781,3156,0,18400,1
5101,2926592,1248.16,528,0.0835,-0.006955,0.875717,0.832913,0.01,0.0779,1227.69,862.5,-0.5729,3161,0,18500,1
5102,2928640,1236.47,536,-0.157,-0.006168,10.071683,0.199247,0.0137,0.042,1226.69,862.0,-0.5696,3161,0,18000,1
5103,2928640,1331.34,553,-0.6625,-0.006168,10.071683,0.199247,0.0137,0.042,1227.61,862.2,-0.57,3161,1,18850,1
5104,2928640,1240.98,511,-0.7374,-0.006168,10.071683,0.199247,0.0137,0.042,1227.06,861.3,-0.5705,3154,0,18350,1
5105,2930688,1473.36,661,-0.7497,-0.015017,11.239469,0.277244,0.023718,0.0649,1229.37,862.3,-0.5708,3154,4,19950,1
5106,2930688,1231.32,527,-0.9765,-0.015017,11.239469,0.277244,0.023718,0.0649,1229.84,862.3,-0.573,3150,0,19850,1
5107,2930688,1240.13,534,-1.2844,-0.015017,11.239469,0.277244,0.023718,0.0649,1229.25,862.0,-0.5768,3156,0,20150,1
5108,2930688,1328.68,584,-1.2723,-0.015017,11.239469,0.277244,0.023718,0.0649,1230.21,862.7,-0.5798,3161,1,18600,1
5109,2932736,1233.88,512,-1.4078,-0.014229,7.264761,0.309149,0.020049,0.0623,1230.22,862.4,-0.584,3157,0,18050,1
5110,2932736,1253.76,537,-1.4725,-0.014229,7.264761,0.309149,0.020049,0.0623,1236.89,865.2,-0.587,3161,1,20150,1
5111,2932736,1233.26,537,-1.736,-0.014229,7.264761,0.309149,0.020049,0.0623,1235.16,864.3,-0.5928,3156,0,18300,1
5112,2934784,1233.74,538,-1.7846,-0.01121,10.249075,0.250709,0.014468,0.053,1235.01,863.8,-0.5992,3149,0,18300,1
5113,2934784,1302.21,565,-1.7831,-0.01121,10.249075,0.250709,0.014468,0.053,1235.54,864.0,-0.6075,3161,0,20150,1
5114,2934784,1256.95,537,-1.8457,-0.01121,10.249075,0.250709,0.014468,0.053,1235.56,863.8,-0.6175,3152,1,19350,1
5115,2936832,1231.23,547,-1.9331,-0.017231,7.715525,0.318119,0.02152,0.0635,1235.44,863.9,-0.6286,3153,0,18250,1
5116,2936832,1256.8,556,-1.955,-0.017231,7.715525,0.318119,0.02152,0.0635,1235.59,864.0,-0.6399,3161,0,18250,1
5117,2936832,1276.89,554,-2.0074,-0.017231,7.715525,0.318119,0.02152,0.0635,1235.91,864.2,-0.652,3153,2,19050,1
5118,2938880,1233.89,528,-2.0849,-0.005699,1.698966,0.658625,0.014762,0.0583,1235.96,863.9,-0.6647,3153,0,18400,1
5119,2938880,1238.65,527,-1.9199,-0.005699,1.698966,0.658625,0.014762,0.0583,1237.33,844.6,-0.669,3161,0,20050,1
5120,2938880,1290.83,537,-1.7819,-0.005699,1.698966,0.658625,0.014762,0.0583,1237.75,844.4,-0.6788,3152,1,19050,1
5121,2940928,1232.87,534,-0.8244,-0.008833,1.249796,0.722348,0.009474,0.0461,1237.73,844.4,-0.6787,3156,0,19450,1
5122,2940928,1253.34,534,-0.8134,-0.008833,1.249796,0.722348,0.009474,0.0461,1236.75,843.8,-0.6779,3152,2,19850,1
5123,2942976,1229.14,528,-0.6561,-0.005158,0.738325,1.052732,0.004404,0.0366,1236.72,843.6,-0.6754,3153,0,18400,1
5124,2942976,1246.37,551,-0.5822,-0.005158,0.738325,1.052732,0.004404,0.0366,1236.87,843.7,-0.6716,3149,1,18700,1
5125,2945024,1046.95,2414,-1.4065,-0.006313,0.751059,1.002308,0.006292,0.0342,1235.01,862.5,-0.6752,3161,4,22000,1
5126,2945024,1230.61,560,-0.2636,-0.006313,0.751059,1.002308,0.006292,0.0342,1234.95,862.9,-0.6668,3150,0,18300,1
5127,2947072,1232.0,543,-0.2374,-0.009609,0.855785,0.9237,0.007577,0.0364,1234.8,862.9,-0.6575,3150,0,18550,1
5128,2947072,1237.9,526,-0.2449,-0.009609,0.855785,0.9237,0.007577,0.0364,1234.78,863.0,-0.6476,3151,0,19850,1
5129,2947072,1050.17,2424,-1.0666,-0.009609,0.855785,0.9237,0.007577,0.0364,1232.12,881.2,-0.6448,3152,4,18950,1
5130,2949120,1237.16,547,-0.2838,-0.006265,0.823391,0.907461,0.005523,0.0208,1232.1,881.2,-0.6342,3153,0,18050,1
5131,2949120,1239.7,536,-0.2917,-0.006265,0.823391,0.907461,0.005523,0.0208,1232.22,881.0,-0.6229,3161,0,19350,1
5132,2951168,1235.04,532,-0.2966,-0.009732,0.912292,0.841002,0.006552,0.0376,1230.54,879.5,-0.6107,3157,0,17700,1
5133,2951168,1235.36,535,-0.3239,-0.009732,0.912292,0.841002,0.006552,0.0376,1229.5,878.8,-0.5983,3152,0,18000,1
5134,2953216,1163.16,2518,-0.9186,-0.005582,0.693731,1.047047,0.004209,0.0544,1228.63,898.5,-0.594,3161,5,19350,1
5135,2953216,1236.19,524,-0.3057,-0.005582,0.693731,1.047047,0.004209,0.0544,1226.83,897.4,-0.5867,3154,0,19650,1
5136,2955264,1234.63,535,-0.2695,-0.008492,0.927956,0.842382,0.005283,0.0479,1226.32,896.8,-0.5838,3161,0,18950,1
5137,2957312,1289.02,553,-0.201,-0.007301,0.538067,1.353945,0.008713,0.0723,1227.85,888.6,-0.5712,3156,2,20350,1
5138,2957312,1104.23,2453,-0.8627,-0.007301,0.538067,1.353945,0.008713,0.0723,1226.56,907.5,-0.576,3156,4,20450,1
5139,2959360,1235.0,546,0.212,-0.006935,0.627543,1.093072,0.009559,0.1091,1226.49,907.5,-0.5704,3150,0,18300,1
5140,2959360,1301.64,589,0.1589,-0.006935,0.627543,1.093072,0.009559,0.1091,1226.42,907.1,-0.5646,3161,0,18450,1
5141,2961408,1241.6,541,0.1492,-0.006642,0.676148,1.032802,0.004155,0.0474,1232.57,909.7,-0.5594,3155,1,18300,1
5142,2961408,1098.77,2462,-0.7445,-0.006642,0.676148,1.032802,0.004155,0.0474,1230.25,928.5,-0.563,3161,4,19000,1
5143,2961408,1229.11,518,0.1336,-0.006642,0.676148,1.032802,0.004155,0.0474,1231.41,909.0,-0.546,3161,0,18400,1
5144,2963456,1073.62,2475,-0.7225,-0.004207,1.084366,0.693964,0.007433,0.0403,1229.13,928.1,-0.5487,3161,4,18550,1
5145,2963456,1244.69,546,-0.0315,-0.004207,1.084366,0.693964,0.007433,0.0403,1229.06,928.3,-0.5478,3161,0,18300,1
5146,2963456,1311.06,557,-0.0499,-0.004207,1.084366,0.693964,0.007433,0.0403,1231.14,909.1,-0.5412,3152,2,18650,1
5147,2963456,1319.59,570,-0.1182,-0.004207,1.084366,0.693964,0.007433,0.0403,1233.7,890.4,-0.5361,3161,2,19200,1
5148,2965504,1299.52,559,-0.4339,-0.015897,9.299395,0.281455,0.020264,0.0466,1235.68,871.3,-0.534,3155,1,18750,1
5149,2965504,1250.11,535,-0.4462,-0.015897,9.299395,0.281455,0.020264,0.0466,1235.85,871.1,-0.544,3161,0,19950,1
5150,2965504,1247.18,527,-0.6135,-0.015897,9.299395,0.281455,0.020264,0.0466,1235.99,870.9,-0.5557,3157,0,18350,1
5151,2967552,1238.45,535,-0.878,-0.012103,1.530219,0.607446,0.010271,0.03,1235.37,870.5,-0.5668,3161,0,18500,1
5152,2971648,1252.72,560,-0.3251,-0.006574,0.536876,1.401659,0.002149,0.0327,1234.87,870.2,-0.5721,3150,1,20050,1
5153,2971648,1098.51,2456,-0.9418,-0.006574,0.536876,1.401659,0.002149,0.0327,1234.78,870.2,-0.5778,3150,4,20850,1
5154,2973696,1234.33,516,0.3062,-0.005492,0.506137,1.35945,0.004233,0.0425,1234.73,869.9,-0.5764,3152,0,18400,1
5155,2973696,1247.63,557,0.2932,-0.005492,0.506137,1.35945,0.004233,0.0425,1234.34,869.7,-0.5748,3161,0,17850,1
5156,2975744,1336.34,577,0.2617,-0.006078,0.689898,1.081044,0.001981,0.0349,1235.12,870.0,-0.5735,3161,3,19100,1
5157,2975744,1117.51,2466,-0.842,-0.006078,0.689898,1.081044,0.001981,0.0349,1235.78,870.1,-0.5747,3157,5,19100,1
5158,2975744,1101.24,2459,-0.8264,-0.006078,0.689898,1.081044,0.001981,0.0349,1234.51,889.3,-0.5828,3156,4,18900,1
5159,2977792,1238.44,532,0.1791,-0.009745,1.761113,0.508339,0.011747,0.0461,1233.92,888.8,-0.5797,3149,0,18500,1
5160,2977792,1243.63,534,0.087,-0.009745,1.761113,0.508339,0.011747,0.0461,1233.86,888.7,-0.5796,3153,0,18100,1
5161,2977792,1335.79,571,0.0467,-0.009745,1.761113,0.508339,0.011747,0.0461,1234.75,889.0,-0.5824,3161,2,20550,1
5162,2979840,1252.18,540,-0.111,-0.009981,1.255915,0.639147,0.008579,0.0469,1236.2,869.8,-0.5763,3161,1,18950,1
5163,2979840,1302.21,569,-0.1859,-0.009981,1.255915,0.639147,0.008579,0.0469,1237.53,850.6,-0.5713,3152,1,19000,1
5164,2981888,1291.37,560,-0.236,-0.00787,0.912885,0.835112,0.008895,0.0479,1238.07,850.9,-0.578,3157,1,19950,1
5165,2983936,1248.47,527,-0.0584,-0.007476,0.557126,1.293528,0.010311,0.0618,1239.58,831.7,-0.5729,3155,1,18600,1
5166,2983936,1053.32,2442,-0.9725,-0.007476,0.557126,1.293528,0.010311,0.0618,1237.75,850.8,-0.5841,3154,4,18950,1
5167,2985984,1304.32,577,0.1364,-0.007114,0.549839,1.219075,0.008486,0.0825,1238.39,851.4,-0.5844,3157,3,18600,1
5168,2985984,1321.71,589,0.1335,-0.007114,0.549839,1.219075,0.008486,0.0825,1238.57,851.7,-0.584,3156,3,18900,1
5169,2988032,1100.58,2453,-0.8129,-0.009762,0.684693,1.057583,0.009202,0.1128,1235.52,869.8,-0.5921,3151,4,19300,1
5170,2988032,1330.86,548,0.1307,-0.009762,0.684693,1.057583,0.009202,0.1128,1236.42,870.0,-0.5916,3155,1,22000,1
5171,2988032,1238.16,540,0.0973,-0.009762,0.684693,1.057583,0.009202,0.1128,1236.44,870.1,-0.5913,3161,0,18150,1
5172,2990080,1103.9,2451,-0.7085,-0.005794,1.063907,0.713346,0.002417,0.0271,1236.48,869.8,-0.5919,3161,4,20650,1
5173,2990080,1386.88,599,-0.0331,-0.005794,1.063907,0.713346,0.002417,0.0271,1239.84,851.6,-0.5858,3161,4,19900,1
5174,2990080,1263.63,541,-0.0284,-0.005794,1.063907,0.713346,0.002417,0.0271,1240.16,851.9,-0.5857,3161,2,20450,1
5175,2992128,1303.7,547,-0.3572,-0.01276,4.51354,0.337763,0.013666,0.042,1239.6,851.2,-0.5866,3154,2,18650,1
5176,2992128,1436.15,621,-0.374,-0.01276,4.51354,0.337763,0.013666,0.042,1241.47,852.1,-0.5871,3161,6,21150,1
5177,2992128,1335.22,584,-0.4358,-0.01276,4.51354,0.337763,0.013666,0.042,1242.4,852.7,-0.5865,3153,1,18600,1
5178,2994176,1270.67,547,-0.6466,-0.010316,1.338695,0.681336,0.007262,0.0515,1242.76,853.1,-0.5872,3154,2,18900,1
5179,2996224,1252.03,554,-0.2155,-0.009752,0.717918,1.098933,0.008367,0.0557,1242.89,853.3,-0.583,3151,0,18650,1
5180,2998272,1098.69,2436,-0.9651,-0.006681,0.51748,1.389803,0.005222,0.051,1241.56,872.4,-0.586,3161,4,19050,1
5181,3000320,1343.6,588,0.2202,-0.006949,0.568137,1.221843,-0.000767,0.0295,1242.37,872.9,-0.5772,3151,1,20350,1
5182,3000320,1414.98,641,0.1782,-0.006949,0.568137,1.221843,-0.000767,0.0295,1243.22,873.8,-0.5687,3151,1,19650,1
5183,3002368,1368.2,608,0.166,-0.009375,0.675024,1.086165,0.004595,0.0491,1244.35,874.3,-0.5601,3161,2,18900,1
5184,3002368,1105.58,2478,-0.7922,-0.009375,0.675024,1.086165,0.004595,0.0491,1241.1,892.9,-0.5609,3149,3,18550,1
5185,3002368,1158.61,2504,-0.8016,-0.009375,0.675024,1.086165,0.004595,0.0491,1239.51,912.2,-0.5617,3156,4,19300,1
5186,3002368,1233.22,516,0.1671,-0.009375,0.675024,1.086165,0.004595,0.0491,1240.25,892.5,-0.5464,3154,0,18450,1
5187,3004416,1232.94,547,-0.0266,-0.012115,2.464276,0.418628,0.017783,0.063,1239.3,892.1,-0.5392,3155,0,18150,1
5188,3004416,1251.51,530,-0.084,-0.012115,2.464276,0.418628,0.017783,0.063,1239.53,891.8,-0.5322,3157,1,18750,1
5189,3006464,1386.0,605,-0.4227,-0.012935,1.853078,0.479745,0.014875,0.0488,1241.04,892.6,-0.5272,3157,1,19150,1
5190,3006464,1250.9,541,-0.5015,-0.012935,1.853078,0.479745,0.014875,0.0488,1241.13,892.6,-0.5223,3161,0,20150,1
5191,3006464,1526.43,657,-0.5943,-0.012935,1.853078,0.479745,0.014875,0.0488,1243.05,893.6,-0.5193,3161,3,20050,1
5192,3008512,1254.07,546,-0.6881,-0.010056,1.273854,0.725594,0.00764,0.0471,1243.23,893.8,-0.5268,3153,2,18400,1
5193,3008512,1282.92,573,-0.7057,-0.010056,1.273854,0.725594,0.00764,0.0471,1243.66,894.1,-0.538,3161,3,19050,1
5194,3008512,1250.21,558,-0.7103,-0.010056,1.273854,0.725594,0.00764,0.0471,1245.07,875.2,-0.5343,3161,0,18650,1
5195,3010560,1242.41,541,-0.7244,-0.00569,1.251436,0.661519,0.008912,0.0315,1246.48,856.2,-0.5323,3161,1,18500,1
5196,3010560,1233.6,544,-0.7459,-0.00569,1.251436,0.661519,0.008912,0.0315,1246.51,856.6,-0.5439,3151,0,18400,1
5197,3010560,1296.46,559,-0.7542,-0.00569,1.251436,0.661519,0.008912,0.0315,1247.03,856.8,-0.5552,3161,2,18700,1
5198,3012608,1177.29,2500,-1.2022,-0.008149,1.306542,0.640292,0.006752,0.0359,1247.82,857.4,-0.559,3161,4,19100,1
5199,3012608,1250.54,529,-0.76,-0.008149,1.306542,0.640292,0.006752,0.0359,1247.89,857.5,-0.5678,3149,1,18800,1
5200,3012608,1233.94,538,-0.7671,-0.008149,1.306542,0.640292,0.006752,0.0359,1247.9,857.7,-0.5766,3154,0,17900,1
5201,3012608,1232.57,520,-0.779,-0.008149,1.306542,0.640292,0.006752,0.0359,1247.75,857.6,-0.5852,3153,0,18250,1
5202,3014656,1251.69,532,-0.9204,-0.016209,7.454512,0.283451,0.01748,0.0505,1247.9,857.6,-0.5928,3157,1,18450,1
5203,3014656,1333.74,572,-0.9472,-0.016209,7.454512,0.283451,0.01748,0.0505,1247.92,857.8,-0.5957,3150,1,18700,1
5204,3014656,1274.73,569,-1.0567,-0.016209,7.454512,0.283451,0.01748,0.0505,1248.26,858.4,-0.5988,3153,4,19200,1
5205,3016704,1236.18,535,-1.3027,-0.014468,4.322703,0.366808,0.016257,0.0542,1245.89,857.1,-0.6044,3156,0,18250,1
5206,3016704,1208.57,515,-1.3825,-0.014468,4.322703,0.366808,0.016257,0.0542,1245.66,857.0,-0.6084,3150,0,18100,1
5207,3018752,1238.79,538,-1.0018,-0.007853,0.996588,0.925355,0.008825,0.0681,1245.65,857.0,-0.6056,3152,0,17600,1
5208,3018752,1238.8,529,-0.5948,-0.007853,0.996588,0.925355,0.008825,0.0681,1244.75,856.5,-0.5988,3151,0,18300,1
5209,3020800,1244.41,534,-0.1694,-0.00801,0.694182,1.031927,0.006256,0.0496,1244.86,856.7,-0.5865,3157,0,18200,1
5210,3020800,1237.72,549,-0.1572,-0.00801,0.694182,1.031927,0.006256,0.0496,1244.69,856.8,-0.5733,3161,0,18200,1
5211,3022848,1096.65,2441,-1.3218,-0.004782,0.678163,1.051909,0.002138,0.0332,1243.33,875.9,-0.5692,3151,4,19350,1
5212,3022848,1302.27,563,-0.1329,-0.004782,0.678163,1.051909,0.002138,0.0332,1244.01,876.1,-0.5526,3156,1,19850,1
5213,3024896,1094.34,2443,-1.2573,-0.01069,0.660588,1.116975,0.010987,0.0696,1241.94,894.9,-0.5474,3161,4,19550,1
5214,3024896,1242.32,555,-0.0949,-0.01069,0.660588,1.116975,0.010987,0.0696,1241.79,895.1,-0.5299,3154,0,18750,1
5215,3026944,1256.53,559,-0.1013,-0.010831,1.269576,0.707427,0.010456,0.0403,1242.04,895.2,-0.5116,3150,1,18450,1
5216,3026944,1238.13,581,-0.167,-0.010831,1.269576,0.707427,0.010456,0.0403,1241.86,895.4,-0.4937,3157,1,17900,1
5217,3026944,1234.96,538,-0.2456,-0.010831,1.269576,0.707427,0.010456,0.0403,1241.44,895.3,-0.4761,3151,0,18750,1
5218,3028992,1237.11,513,-0.2735,-0.007944,1.270545,0.662201,0.007124,0.0242,1241.47,895.1,-0.4579,3152,0,18450,1
5219,3028992,1398.79,616,-0.3764,-0.007944,1.270545,0.662201,0.007124,0.0242,1243.07,896.0,-0.4425,3161,2,18900,1
5220,3028992,1249.37,556,-0.4156,-0.007944,1.270545,0.662201,0.007124,0.0242,1242.65,896.2,-0.4288,3156,0,18550,1
5221,3031040,1230.18,506,-0.4009,-0.006905,1.310537,0.706747,0.002145,0.0317,1242.63,895.9,-0.4246,3154,0,18350,1
5222,3031040,1100.01,2460,-0.9462,-0.006905,1.310537,0.706747,0.002145,0.0317,1241.09,915.2,-0.4259,3161,3,20350,1
5223,3031040,1247.97,526,-0.4433,-0.006905,1.310537,0.706747,0.002145,0.0317,1241.28,915.2,-0.4238,3151,0,18400,1
5224,3033088,1356.3,593,-0.5331,-0.011236,6.889652,0.322169,0.014483,0.0439,1242.38,915.6,-0.4233,3156,2,21050,1
5225,3033088,1257.1,548,-0.5228,-0.011236,6.889652,0.322169,0.014483,0.0439,1244.48,896.9,-0.4145,3150,0,19850,1
5226,3033088,1249.45,548,-0.6225,-0.011236,6.889652,0.322169,0.014483,0.0439,1244.67,896.8,-0.4181,3161,1,18400,1
5227,3033088,1233.34,530,-0.6905,-0.011236,6.889652,0.322169,0.014483,0.0439,1244.69,896.7,-0.4226,3161,0,19650,1
5228,3035136,1230.5,555,-0.9157,-0.01638,3.778647,0.370169,0.016197,0.0466,1244.61,897.0,-0.4293,3152,0,18350,1
5229,3035136,1257.7,542,-0.9627,-0.01638,3.778647,0.370169,0.016197,0.0466,1246.69,878.1,-0.4283,3154,1,18100,1
5230,3035136,1242.63,540,-1.0104,-0.01638,3.778647,0.370169,0.016197,0.0466,1246.74,878.1,-0.4355,3161,0,17900,1
5231,3037184,1234.38,530,-1.0444,-0.007695,1.310735,0.6472,0.006262,0.0232,1246.69,878.0,-0.4431,3161,0,18600,1
5232,3037184,1228.28,550,-1.0006,-0.007695,1.310735,0.6472,0.006262,0.0232,1246.62,878.2,-0.4501,3156,0,18100,1
5233,3037184,1270.2,552,-0.9472,-0.007695,1.310735,0.6472,0.006262,0.0232,1246.97,878.4,-0.4563,3149,2,19850,1
5234,3039232,1343.95,578,-0.8141,-0.007003,1.251758,0.68793,0.009149,0.0337,1248.78,859.0,-0.4553,3161,1,19300,1
5235,3039232,1233.99,565,-0.7955,-0.007003,1.251758,0.68793,0.009149,0.0337,1248.75,859.4,-0.4602,3156,0,17800,1
5236,3039232,1242.09,543,-0.7906,-0.007003,1.251758,0.68793,0.009149,0.0337,1248.83,859.5,-0.4654,3153,0,17800,1
5237,3041280,1260.2,554,-0.786,-0.008955,1.282622,0.68837,0.009302,0.0493,1248.54,859.5,-0.4713,3161,1,18750,1
5238,3041280,1252.9,549,-0.7811,-0.008955,1.282622,0.68837,0.009302,0.0493,1250.03,840.4,-0.4704,3161,2,18950,1
5239,3041280,1235.77,550,-0.7774,-0.008955,1.282622,0.68837,0.009302,0.0493,1250.04,840.5,-0.4803,3155,0,18550,1
5240,3041280,1095.4,2477,-1.5398,-0.008955,1.282622,0.68837,0.009302,0.0493,1247.97,859.4,-0.4973,3156,4,18600,1
5241,3043328,1321.09,582,-0.8615,-0.008455,1.93652,0.555074,0.012,0.0452,1248.77,859.8,-0.5074,3161,2,19200,1
5242,3043328,1229.09,547,-0.8727,-0.008455,1.93652,0.555074,0.012,0.0452,1250.07,840.6,-0.5087,3152,0,18750,1
5243,3043328,1242.36,537,-0.9059,-0.008455,1.93652,0.555074,0.012,0.0452,1250.2,840.8,-0.5191,3153,0,19650,1
5244,3043328,1227.12,527,-0.9198,-0.008455,1.93652,0.555074,0.012,0.0452,1251.74,821.3,-0.5211,3157,0,18250,1
5245,3045376,564.84,249,-1.1893,-0.015622,7.879027,0.276019,0.016958,0.0461,1244.94,818.4,-0.5326,2473,0,100,0
5246,3045376,1273.82,563,-1.0907,-0.015622,7.879027,0.276019,0.016958,0.0461,1244.57,818.4,-0.5431,3161,1,18300,1
5247,3045376,1240.29,536,-1.1456,-0.015622,7.879027,0.276019,0.016958,0.0461,1243.77,818.1,-0.5533,3161,0,17800,1
5248,3047424,1234.77,562,-1.2445,-0.009915,6.697203,0.307608,0.015558,0.0457,1243.13,818.1,-0.5614,3157,0,17700,1
5249,3047424,1236.03,535,-1.3404,-0.009915,6.697203,0.307608,0.015558,0.0457,1242.99,818.1,-0.5704,3155,0,18300,1
5250,3047424,1360.02,593,-1.4263,-0.009915,6.697203,0.307608,0.015558,0.0457,1244.11,818.8,-0.5785,3151,1,19100,1
5251,3047424,1242.0,537,-1.4623,-0.009915,6.697203,0.307608,0.015558,0.0457,1244.15,818.8,-0.5844,3156,0,18350,1
5252,3049472,1238.31,524,-1.5471,-0.012555,9.940758,0.305297,0.020766,0.0491,1244.01,818.4,-0.5966,3154,0,19350,1
5253,3049472,1298.39,562,-1.6736,-0.012555,9.940758,0.305297,0.020766,0.0491,1246.01,799.5,-0.6039,3154,3,18750,1
5254,3049472,1271.95,553,-1.7485,-0.012555,9.940758,0.305297,0.020766,0.0491,1246.38,799.9,-0.6244,3161,0,19950,1
5255,3049472,1268.78,558,-1.7383,-0.012555,9.940758,0.305297,0.020766,0.0491,1246.59,799.9,-0.6448,3155,2,18800,1
5256,3051520,1334.82,581,-1.8018,-0.017553,7.274799,0.372514,0.019967,0.0544,1246.58,799.9,-0.6654,3161,1,19950,1
5257,3051520,412.03,183,-2.0587,-0.017553,7.274799,0.372514,0.019967,0.0544,1239.52,777.1,-0.6776,1795,0,200,0
5258,3051520,1239.08,540,-1.8755,-0.017553,7.274799,0.372514,0.019967,0.0544,1240.9,757.9,-0.688,3151,0,18550,1
5259,3051520,416.08,182,-2.0631,-0.017553,7.274799,0.372514,0.019967,0.0544,1232.68,754.4,-0.7105,1795,0,200,0
5260,3053568,1267.94,597,-1.953,-0.011824,5.878802,0.4184,0.009629,0.0513,1232.92,755.0,-0.7309,3161,0,18400,1
5261,3053568,1301.72,610,-1.973,-0.011824,5.878802,0.4184,0.009629,0.0513,1232.58,755.4,-0.7511,3151,1,21550,1
5262,3053568,1223.1,581,-2.0805,-0.011824,5.878802,0.4184,0.009629,0.0513,1232.29,755.8,-0.7708,3155,1,19650,1
5263,3055616,1165.91,544,-2.1268,-0.010518,3.586361,0.505032,0.012014,0.0378,1230.93,755.6,-0.7902,3161,0,19000,1
5264,3055616,1300.62,584,-2.062,-0.010518,3.586361,0.505032,0.012014,0.0378,1231.02,755.8,-0.8084,3161,1,20400,1
5265,3055616,1403.74,724,-2.0389,-0.010518,3.586361,0.505032,0.012014,0.0378,1232.57,757.8,-0.8282,3152,3,18250,1
5266,3055616,422.8,185,-1.8766,-0.010518,3.586361,0.505032,0.012014,0.0378,1226.27,735.2,-0.8373,1795,0,200,0
5267,3055616,1257.95,561,-1.927,-0.010518,3.586361,0.505032,0.012014,0.0378,1225.8,735.0,-0.8579,3155,0,17600,1
5268,3055616,415.92,186,-1.871,-0.010518,3.586361,0.505032,0.012014,0.0378,1216.74,731.0,-0.878,1795,0,200,0
5269,3057664,1245.66,543,-1.8176,-0.013624,6.950323,0.387642,0.015299,0.0481,1218.2,711.9,-0.888,3155,0,17900,1
5270,3057664,577.84,246,-2.0111,-0.013624,6.950323,0.387642,0.015299,0.0481,1210.67,708.9,-0.9094,1800,0,400,0
5271,3057664,1242.22,544,-1.8574,-0.013624,6.950323,0.387642,0.015299,0.0481,1210.71,708.9,-0.929,3161,0,19850,1
5272,3057664,422.84,188,-2.021,-0.013624,6.950323,0.387642,0.015299,0.0481,1203.9,686.3,-0.9421,1795,0,200,0
5273,3057664,1312.38,592,-1.9133,-0.013624,6.950323,0.387642,0.015299,0.0481,1203.15,686.2,-0.9609,3157,3,20150,1
5274,3059712,1165.72,515,-1.9923,-0.012179,4.670207,0.455351,0.012283,0.0381,1202.17,686.0,-0.9805,3155,0,18800,1
5275,3059712,1269.48,555,-2.0014,-0.012179,4.670207,0.455351,0.012283,0.0381,1201.83,686.0,-0.997,3155,2,19150,1
5276,3059712,461.44,222,-2.1066,-0.012179,4.670207,0.455351,0.012283,0.0381,1192.08,682.1,-1.0143,1935,0,400,0
5277,3061760,1261.14,578,-1.9604,-0.002627,1.512602,0.748251,0.008456,0.053,1191.34,682.0,-1.0295,3149,1,18350,1
5278,3063808,1249.89,537,-0.7386,-0.011927,1.296861,0.719958,0.010444,0.0596,1191.13,681.9,-1.0305,3152,0,18250,1
5279,3063808,1240.29,538,-0.7225,-0.011927,1.296861,0.719958,0.010444,0.0596,1191.02,681.7,-1.0355,3161,0,18200,1
5280,3063808,1256.14,555,-0.7194,-0.011927,1.296861,0.719958,0.010444,0.0596,1192.59,662.9,-1.0331,3157,0,18000,1
5281,3065856,1242.5,549,-0.6612,-0.005273,1.256557,0.742177,0.003738,0.0225,1191.58,662.5,-1.0419,3156,0,17800,1
5282,3065856,1248.93,562,-0.6663,-0.005273,1.256557,0.742177,0.003738,0.0225,1189.92,661.8,-1.0503,3156,0,17550,1
5283,3065856,1267.68,557,-0.6587,-0.005273,1.256557,0.742177,0.003738,0.0225,1188.91,661.2,-1.0586,3157,0,18050,1
5284,3065856,1106.56,2476,-1.8528,-0.005273,1.256557,0.742177,0.003738,0.0225,1188.92,661.2,-1.0692,3161,3,18700,1
5285,3067904,1234.05,535,-0.6709,-0.009872,1.983072,0.54514,0.010668,0.0427,1189.68,641.5,-1.0679,3161,0,18300,1
5286,3067904,1237.65,556,-0.6911,-0.009872,1.983072,0.54514,0.010668,0.0427,1189.72,641.9,-1.0765,3161,0,18350,1
5287,3067904,1238.78,524,-0.6703,-0.009872,1.983072,0.54514,0.010668,0.0427,1189.78,641.7,-1.0829,3156,0,18200,1
5288,3067904,1250.88,554,-0.7561,-0.009872,1.983072,0.54514,0.010668,0.0427,1189.77,641.9,-1.0896,3156,0,18450,1
5289,3069952,1249.42,544,-0.809,-0.013094,6.112873,0.381652,0.012454,0.0347,1188.41,641.3,-1.0935,3161,0,18850,1
5290,3069952,1238.93,556,-0.8365,-0.013094,6.112873,0.381652,0.012454,0.0347,1188.29,641.5,-1.0968,3156,0,18550,1
5291,3069952,1263.82,590,-0.8668,-0.013094,6.112873,0.381652,0.012454,0.0347,1185.66,640.8,-1.0996,3149,1,18000,1
5292,3069952,1263.64,585,-0.9708,-0.013094,6.112873,0.381652,0.012454,0.0347,1185.76,641.2,-1.1024,3153,0,20700,1
5293,3072000,1219.45,549,-1.0357,-0.014996,6.103656,0.421322,0.013511,0.0476,1185.12,641.0,-1.1057,3150,2,18500,1
5294,3072000,1237.14,568,-1.0657,-0.014996,6.103656,0.421322,0.013511,0.0476,1184.99,641.1,-1.1092,3156,0,18500,1
5295,3072000,1310.45,596,-1.1007,-0.014996,6.103656,0.421322,0.013511,0.0476,1185.67,641.6,-1.113,3161,1,18250,1
5296,3074048,1240.08,548,-1.1959,-0.014049,6.508427,0.402278,0.012271,0.0471,1185.74,641.6,-1.1175,3153,0,18400,1
5297,3074048,1239.17,537,-1.2182,-0.014049,6.508427,0.402278,0.012271,0.0471,1185.17,641.4,-1.1221,3161,0,17700,1
5298,3074048,1343.7,646,-1.3046,-0.014049,6.508427,0.402278,0.012271,0.0471,1186.83,622.9,-1.1232,3157,2,18550,1
5299,3074048,1276.72,565,-1.2902,-0.014049,6.508427,0.402278,0.012271,0.0471,1187.09,623.2,-1.1285,3157,2,19400,1
5300,3076096,1240.5,558,-1.3602,-0.013018,6.368017,0.410269,0.011129,0.0396,1187.16,623.5,-1.1344,3156,0,18450,1
5301,3076096,1246.13,561,-1.437,-0.013018,6.368017,0.410269,0.011129,0.0396,1187.29,623.9,-1.141,3161,1,18200,1
5302,3076096,1266.16,576,-1.4574,-0.013018,6.368017,0.410269,0.011129,0.0396,1187.44,624.3,-1.1464,3153,0,17700,1
5303,3076096,1528.36,729,-1.4863,-0.013018,6.368017,0.410269,0.011129,0.0396,1189.38,625.9,-1.1517,3153,2,20900,1
5304,3078144,1210.32,575,-1.5763,-0.016391,5.433041,0.540854,0.017336,0.0425,1188.74,625.9,-1.1569,3157,0,18300,1
5305,3078144,1246.59,568,-1.5645,-0.016391,5.433041,0.540854,0.017336,0.0425,1188.84,626.3,-1.1596,3157,1,18100,1
5306,3080192,1233.31,583,-1.5991,-0.011854,2.733567,0.55857,0.00965,0.0422,1189.09,626.9,-1.1617,3161,0,17750,1
5307,3080192,1228.25,590,-1.5916,-0.011854,2.733567,0.55857,0.00965,0.0422,1188.99,627.5,-1.1676,3154,0,20700,1
5308,3080192,1299.99,624,-1.4906,-0.011854,2.733567,0.55857,0.00965,0.0422,1189.6,628.4,-1.1766,3156,1,18100,1
5309,3082240,1250.15,548,-1.3638,-0.008041,1.274083,0.818457,0.010362,0.0667,1189.65,628.5,-1.1885,3161,0,18650,1
5310,3082240,1148.15,575,-1.1939,-0.008041,1.274083,0.818457,0.010362,0.0667,1188.76,628.8,-1.1989,3153,1,18400,1
5311,3084288,1249.8,574,-0.7517,-0.008235,1.146302,0.834339,0.006157,0.0366,1190.29,610.1,-1.1932,3156,0,17700,1
5312,3084288,1248.06,582,-0.7453,-0.008235,1.146302,0.834339,0.006157,0.0366,1189.75,610.3,-1.1993,3157,0,17950,1
5313,3084288,1250.38,542,-0.6763,-0.008235,1.146302,0.834339,0.006157,0.0366,1191.31,591.3,-1.1935,3152,1,19550,1
5314,3086336,1230.75,570,-0.6702,-0.007002,1.269709,0.747715,0.007295,0.0298,1191.19,591.5,-1.1993,3154,0,18650,1
5315,3086336,1352.98,609,-0.6848,-0.007002,1.269709,0.747715,0.007295,0.0298,1192.16,592.0,-1.2051,3161,3,19850,1
5316,3086336,1123.84,2474,-1.6787,-0.007002,1.269709,0.747715,0.007295,0.0298,1191.01,610.9,-1.2202,3153,5,20750,1
5317,3086336,1240.85,582,-0.693,-0.007002,1.269709,0.747715,0.007295,0.0298,1191.07,611.3,-1.2247,3161,0,17900,1
5318,3088384,1367.19,578,-0.6984,-0.009929,2.274933,0.570001,0.010445,0.0403,1192.37,612.0,-1.2289,3149,0,22200,1
5319,3088384,1416.51,617,-0.7645,-0.009929,2.274933,0.570001,0.010445,0.0403,1192.55,612.0,-1.2328,3157,2,19800,1
5320,3088384,1251.41,560,-0.7899,-0.009929,2.274933,0.570001,0.010445,0.0403,1192.57,612.0,-1.2366,3156,0,18550,1
5321,3088384,1248.57,625,-0.8098,-0.009929,2.274933,0.570001,0.010445,0.0403,1192.76,613.2,-1.2407,3156,1,21800,1
5322,3090432,1250.49,650,-1.0091,-0.016485,3.688052,0.514097,0.014694,0.0537,1194.26,595.1,-1.2413,3150,0,17350,1
5323,3090432,1255.62,555,-0.9485,-0.016485,3.688052,0.514097,0.014694,0.0537,1194.34,595.4,-1.2463,3150,1,19250,1
5324,3090432,1241.3,524,-0.9611,-0.016485,3.688052,0.514097,0.014694,0.0537,1193.19,594.7,-1.2506,3151,0,19650,1
5325,3092480,1259.91,651,-1.1357,-0.010976,6.108179,0.43969,0.01333,0.0391,1193.21,595.8,-1.2567,3157,0,17300,1
5326,3092480,566.82,252,-1.2553,-0.010976,6.108179,0.43969,0.01333,0.0391,1186.39,592.8,-1.2631,2470,0,100,0
5327,3092480,1241.25,536,-1.1325,-0.010976,6.108179,0.43969,0.01333,0.0391,1186.47,592.9,-1.2675,3157,0,18750,1
5328,3092480,1251.39,574,-1.2386,-0.010976,6.108179,0.43969,0.01333,0.0391,1186.68,593.0,-1.2707,3161,0,18850,1
5329,3094528,1250.94,735,-1.6468,-0.009833,2.958426,0.489025,0.008179,0.0432,1186.61,595.0,-1.2776,3157,0,16250,1
5330,3094528,1341.5,657,-1.3067,-0.009833,2.958426,0.489025,0.008179,0.0432,1187.6,596.1,-1.2805,3157,3,20200,1
5331,3094528,1464.02,647,-1.2261,-0.009833,2.958426,0.489025,0.008179,0.0432,1189.89,597.3,-1.2823,3161,2,20050,1
5332,3094528,1228.18,581,-1.254,-0.009833,2.958426,0.489025,0.008179,0.0432,1189.89,597.6,-1.2849,3156,0,18300,1
5333,3096576,1291.07,589,-1.3587,-0.014819,5.061235,0.490035,0.015372,0.0447,1190.1,598.0,-1.289,3156,1,20050,1
5334,3096576,1238.16,577,-1.3425,-0.014819,5.061235,0.490035,0.015372,0.0447,1189.04,598.0,-1.2943,3157,0,18150,1
5335,3098624,1255.27,574,-1.3977,-0.015796,5.964698,0.462037,0.012879,0.0359,1189.26,598.1,-1.3003,3155,1,17900,1
5336,3098624,1453.07,694,-1.464,-0.015796,5.964698,0.462037,0.012879,0.0359,1191.37,599.6,-1.307,3156,3,21100,1
5337,3098624,664.9,385,-1.7983,-0.015796,5.964698,0.462037,0.012879,0.0359,1185.41,597.9,-1.3172,2473,0,500,0
5338,3098624,1244.26,569,-1.5393,-0.015796,5.964698,0.462037,0.012879,0.0359,1185.33,598.1,-1.3247,3156,1,17650,1
5339,3100672,1240.48,533,-1.5564,-0.010195,4.237115,0.469307,0.011808,0.0371,1185.37,597.9,-1.3325,3161,0,18100,1
5340,3100672,1238.49,547,-1.5725,-0.010195,4.237115,0.469307,0.011808,0.0371,1186.8,578.6,-1.3329,3161,0,18500,1
5341,3100672,1257.84,571,-1.6305,-0.010195,4.237115,0.469307,0.011808,0.0371,1186.17,578.5,-1.3405,3157,1,18650,1
5342,3102720,1243.34,617,-1.6827,-0.012692,5.218869,0.475644,0.011622,0.0466,1186.31,579.2,-1.3486,3157,0,16800,1
5343,3102720,1248.35,566,-1.6634,-0.012692,5.218869,0.475644,0.011622,0.0466,1186.37,579.5,-1.3562,3161,1,18300,1
5344,3102720,1232.94,569,-1.6882,-0.012692,5.218869,0.475644,0.011622,0.0466,1186.43,579.9,-1.3639,3157,0,17650,1
5345,3102720,1316.63,593,-1.7135,-0.012692,5.218869,0.475644,0.011622,0.0466,1193.95,583.4,-1.3691,3157,0,19100,1
5346,3104768,1224.45,547,-1.7318,-0.017725,6.822704,0.367604,0.017126,0.0535,1193.46,583.2,-1.3756,3161,0,18300,1
5347,3104768,1303.65,566,-1.754,-0.017725,6.822704,0.367604,0.017126,0.0535,1194.09,583.5,-1.3816,3155,1,18600,1
5348,3104768,1233.42,524,-1.7738,-0.017725,6.822704,0.367604,0.017126,0.0535,1194.08,583.1,-1.3869,3151,0,18400,1
5349,3104768,1243.3,526,-1.8264,-0.017725,6.822704,0.367604,0.017126,0.0535,1194.15,583.0,-1.3918,3154,1,18350,1
5350,3106816,1249.5,571,-1.9396,-0.013275,6.452153,0.392408,0.014131,0.043,1193.04,582.8,-1.3969,3161,0,21000,1
5351,3106816,1199.04,563,-1.9623,-0.013275,6.452153,0.392408,0.014131,0.043,1192.62,583.1,-1.4019,3153,0,17700,1
5352,3106816,1239.55,536,-1.912,-0.013275,6.452153,0.392408,0.014131,0.043,1192.63,583.2,-1.4056,3156,0,18100,1
5353,3106816,1231.71,530,-1.9545,-0.013275,6.452153,0.392408,0.014131,0.043,1191.96,582.9,-1.4084,3155,0,18400,1
5354,3108864,1240.67,596,-2.0983,-0.013825,6.158235,0.428007,0.017546,0.0513,1191.65,583.3,-1.4119,3155,0,17750,1
5355,3108864,1238.97,546,-2.0241,-0.013825,6.158235,0.428007,0.017546,0.0513,1191.35,583.2,-1.4147,3154,0,18250,1
5356,3108864,1237.13,545,-2.0698,-0.013825,6.158235,0.428007,0.017546,0.0513,1190.37,582.8,-1.4174,3161,0,18000,1
5357,3110912,1316.77,581,-2.1616,-0.012775,8.323104,0.439759,0.0131,0.0442,1199.42,586.8,-1.4184,3161,1,19200,1
5358,3110912,1252.27,544,-2.2094,-0.012775,8.323104,0.439759,0.0131,0.0442,1199.55,586.9,-1.4218,3161,0,18550,1
5359,3110912,1254.62,530,-2.1845,-0.012775,8.323104,0.439759,0.0131,0.0442,1207.94,590.3,-1.423,3149,1,21800,1
5360,3110912,1307.52,579,-2.3097,-0.012775,8.323104,0.439759,0.0131,0.0442,1208.33,590.1,-1.4266,3161,2,18850,1
5361,3112960,1108.55,517,-2.5535,-0.015253,7.046576,0.469428,0.010953,0.0347,1206.4,589.2,-1.4324,3150,0,18750,1
5362,3112960,357.47,171,-2.6667,-0.015253,7.046576,0.469428,0.010953,0.0347,1197.75,585.1,-1.4382,1508,0,200,0
5363,3112960,1230.28,557,-2.4086,-0.015253,7.046576,0.469428,0.010953,0.0347,1198.39,585.2,-1.4411,3161,0,18750,1
5364,3112960,1263.37,570,-2.4323,-0.015253,7.046576,0.469428,0.010953,0.0347,1198.02,585.1,-1.4448,3154,1,19850,1
5365,3112960,1243.39,528,-2.4116,-0.015253,7.046576,0.469428,0.010953,0.0347,1196.41,583.1,-1.4485,3155,0,18200,1
5366,3115008,570.01,597,-2.3223,-0.000134,1.875905,0.689543,0.012151,0.0977,1197.89,587.3,-1.4529,1795,0,600,0
5367,3115008,1244.96,590,-1.341,-0.000134,1.875905,0.689543,0.012151,0.0977,1197.76,587.6,-1.4471,3157,1,18000,1
5368,3117056,1346.72,851,-1.6068,-0.009391,1.477049,0.771277,0.009734,0.0408,1207.06,594.2,-1.4444,3155,1,18600,1
5369,3117056,1235.55,549,-0.9713,-0.009391,1.477049,0.771277,0.009734,0.0408,1206.96,594.3,-1.436,3161,0,18400,1
5370,3119104,1336.78,592,-0.956,-0.008225,1.198128,0.844497,0.002947,0.0344,1214.55,597.7,-1.4254,3152,2,19600,1
5371,3119104,661.8,284,-0.9156,-0.008225,1.198128,0.844497,0.002947,0.0344,1208.75,595.1,-1.416,1792,0,200,0
5372,3119104,1351.39,623,-0.9289,-0.008225,1.198128,0.844497,0.002947,0.0344,1218.03,599.5,-1.4051,3161,2,18900,1
5373,3121152,1232.55,528,-0.845,-0.006238,1.270809,0.787243,0.004052,0.0232,1217.23,598.8,-1.3944,3156,0,19550,1
5374,3121152,1232.68,562,-0.8608,-0.006238,1.270809,0.787243,0.004052,0.0232,1217.9,599.3,-1.3831,3151,0,18550,1
5375,3121152,1247.0,539,-0.8535,-0.006238,1.270809,0.787243,0.004052,0.0232,1217.68,599.1,-1.3716,3156,0,18900,1
5376,3123200,1246.8,538,-0.8591,-0.007269,1.302008,0.732252,0.002846,0.0237,1225.53,602.3,-1.3591,3150,0,18500,1
5377,3123200,1243.26,524,-0.8582,-0.007269,1.302008,0.732252,0.002846,0.0237,1225.35,601.8,-1.3481,3157,0,18500,1
5378,3123200,1096.75,2469,-1.6999,-0.007269,1.302008,0.732252,0.002846,0.0237,1223.82,621.1,-1.3577,3156,4,20350,1
5379,3123200,1252.9,574,-0.8806,-0.007269,1.302008,0.732252,0.002846,0.0237,1223.95,621.5,-1.3593,3151,0,18250,1
5380,3125248,1239.15,537,-0.9247,-0.013258,4.21616,0.49518,0.013634,0.04,1223.78,621.3,-1.3614,3149,0,18100,1
5381,3125248,1290.65,603,-0.9573,-0.013258,4.21616,0.49518,0.013634,0.04,1224.26,621.8,-1.3643,3157,1,18550,1
5382,3125248,1303.22,572,-0.9627,-0.013258,4.21616,0.49518,0.013634,0.04,1224.8,621.9,-1.3673,3161,1,20350,1
5383,3125248,1322.42,617,-1.0345,-0.013258,4.21616,0.49518,0.013634,0.04,1225.35,622.5,-1.371,3152,2,17950,1
5384,3127296,1238.65,567,-1.1206,-0.015351,5.154111,0.506028,0.01304,0.031,1226.67,603.4,-1.3637,3154,0,17950,1
5385,3127296,1229.06,556,-1.1313,-0.015351,5.154111,0.506028,0.01304,0.031,1226.62,603.6,-1.3683,3151,0,18200,1
5386,3127296,1249.84,543,-1.1302,-0.015351,5.154111,0.506028,0.01304,0.031,1226.74,603.5,-1.3727,3161,1,18400,1
5387,3129344,646.65,276,-1.212,-0.013816,6.797709,0.429215,0.011594,0.0286,1220.82,601.0,-1.3781,2753,0,100,0
5388,3129344,1252.56,603,-1.213,-0.013816,6.797709,0.429215,0.011594,0.0286,1220.84,601.5,-1.3827,3157,0,18100,1
5389,3129344,1247.54,551,-1.2531,-0.013816,6.797709,0.429215,0.011594,0.0286,1220.82,601.6,-1.3871,3155,0,18850,1
5390,3129344,1229.48,559,-1.2763,-0.013816,6.797709,0.429215,0.011594,0.0286,1220.73,601.6,-1.3915,3157,0,17750,1
5391,3131392,1232.6,549,-1.3337,-0.01181,5.059016,0.456437,0.007288,0.0256,1220.41,601.2,-1.3962,3155,0,17800,1
5392,3131392,1257.19,569,-1.3344,-0.01181,5.059016,0.456437,0.007288,0.0256,1220.35,601.0,-1.3998,3154,0,18150,1
5393,3131392,1234.25,554,-1.4119,-0.01181,5.059016,0.456437,0.007288,0.0256,1220.5,601.1,-1.4036,3152,0,17950,1
5394,3131392,1249.33,604,-1.4873,-0.01181,5.059016,0.456437,0.007288,0.0256,1220.62,601.5,-1.4078,3157,0,17950,1
5395,3133440,1246.27,538,-1.4893,-0.015175,5.982865,0.452484,0.010224,0.0354,1219.98,600.9,-1.4117,3155,1,18550,1
5396,3133440,1245.3,565,-1.5397,-0.015175,5.982865,0.452484,0.010224,0.0354,1220.03,601.0,-1.4151,3161,1,18500,1
5397,3133440,1322.63,602,-1.6024,-0.015175,5.982865,0.452484,0.010224,0.0354,1220.86,601.7,-1.419,3157,1,18300,1
5398,3133440,1228.47,542,-1.6274,-0.015175,5.982865,0.452484,0.010224,0.0354,1219.71,600.6,-1.4222,3161,0,18600,1
5399,3135488,1241.05,598,-1.746,-0.014924,5.109541,0.506216,0.012862,0.0354,1219.36,601.0,-1.4268,3156,0,17800,1
5400,3135488,1269.39,574,-1.7004,-0.014924,5.109541,0.506216,0.012862,0.0354,1219.64,601.1,-1.4302,3161,1,18300,1
5401,3135488,1239.12,575,-1.7877,-0.014924,5.109541,0.506216,0.012862,0.0354,1219.57,601.3,-1.4337,3161,0,19550,1
5402,3135488,1236.77,528,-1.7105,-0.014924,5.109541,0.506216,0.012862,0.0354,1219.28,600.8,-1.4362,3161,0,18050,1
5403,3137536,1248.48,534,-1.8066,-0.01592,6.822722,0.43019,0.012401,0.0422,1216.48,598.9,-1.4394,3153,1,21700,1
5404,3137536,1245.11,537,-1.8302,-0.01592,6.822722,0.43019,0.012401,0.0422,1216.83,598.5,-1.442,3149,0,18200,1
5405,3137536,1197.05,551,-1.9082,-0.01592,6.822722,0.43019,0.012401,0.0422,1216.33,598.3,-1.4454,3161,0,17650,1
5406,3137536,1236.22,552,-1.9111,-0.01592,6.822722,0.43019,0.012401,0.0422,1216.36,598.0,-1.4485,3161,0,18400,1
5407,3139584,1228.79,549,-1.9433,-0.012581,5.405294,0.458022,0.013924,0.0359,1216.37,597.6,-1.452,3153,0,18050,1
5408,3139584,1306.12,764,-2.1151,-0.012581,5.405294,0.458022,0.013924,0.0359,1216.43,599.0,-1.4583,3156,1,18850,1
5409,3139584,1238.24,545,-1.9624,-0.012581,5.405294,0.458022,0.013924,0.0359,1216.31,599.0,-1.4643,3161,0,18750,1
5410,3141632,1331.69,592,-1.9599,-0.015695,3.2156,0.609945,0.018475,0.0542,1218.15,599.1,-1.4719,3161,3,19100,1
5411,3141632,1306.17,570,-1.8582,-0.015695,3.2156,0.609945,0.018475,0.0542,1218.71,599.1,-1.483,3156,1,20450,1
5412,3143680,1235.3,542,-1.7144,-0.014004,7.447165,0.462272,0.01127,0.033,1218.58,598.7,-1.4927,3153,0,18050,1
5413,3143680,1358.41,615,-1.7586,-0.014004,7.447165,0.462272,0.01127,0.033,1219.66,599.4,-1.5035,3154,3,19150,1
5414,3143680,499.6,227,-1.8231,-0.014004,7.447165,0.462272,0.01127,0.033,1212.35,596.0,-1.515,1795,0,300,0
5415,3143680,1252.42,774,-1.8249,-0.014004,7.447165,0.462272,0.01127,0.033,1211.35,597.6,-1.5264,3157,1,18650,1
5416,3143680,629.44,266,-1.8018,-0.014004,7.447165,0.462272,0.01127,0.033,1206.4,575.5,-1.5277,2749,1,300,0
5417,3143680,1205.98,561,-1.785,-0.014004,7.447165,0.462272,0.01127,0.033,1206.05,575.3,-1.5386,3152,1,18750,1
5418,3145728,1011.14,453,-1.7764,-0.013076,2.819352,0.463288,0.018924,0.064,1202.49,574.1,-1.5494,3157,0,19000,1
5419,3145728,1184.98,524,-1.748,-0.013076,2.819352,0.463288,0.018924,0.064,1200.18,573.2,-1.5592,3161,0,18150,1
5420,3145728,1244.47,556,-1.7458,-0.013076,2.819352,0.463288,0.018924,0.064,1200.11,573.1,-1.5688,3156,0,18650,1
5421,3145728,1272.47,567,-1.7258,-0.013076,2.819352,0.463288,0.018924,0.064,1200.35,572.5,-1.5779,3152,1,18550,1
5422,3147776,1244.53,529,-1.7392,-0.012839,6.369269,0.482196,0.012265,0.0359,1200.29,571.3,-1.5852,3152,0,19950,1
5423,3147776,1237.85,546,-1.7561,-0.012839,6.369269,0.482196,0.012265,0.0359,1200.11,571.2,-1.5933,3150,0,18250,1
5424,3147776,1252.3,557,-1.7743,-0.012839,6.369269,0.482196,0.012265,0.0359,1200.22,571.6,-1.6014,3154,1,18450,1
5425,3149824,421.8,188,-1.7044,-0.005393,1.731759,0.692615,0.009923,0.0554,1191.84,566.9,-1.6071,1795,0,200,0
5426,3149824,417.25,191,-1.3861,-0.005393,1.731759,0.692615,0.009923,0.0554,1190.34,566.3,-1.6084,1773,0,100,0
5427,3149824,1320.24,1039,-1.8496,-0.005393,1.731759,0.692615,0.009923,0.0554,1191.13,571.4,-1.6156,3157,3,19550,1
5428,3149824,415.24,183,-1.0894,-0.005393,1.731759,0.692615,0.009923,0.0554,1182.77,567.5,-1.6141,1795,0,200,0
5429,3149824,1240.75,617,-1.2681,-0.005393,1.731759,0.692615,0.009923,0.0554,1182.67,566.3,-1.6103,3157,0,17300,1
5430,3151872,1244.71,567,-1.1149,-0.013339,3.91414,0.591473,0.010432,0.0327,1181.7,565.4,-1.6084,3161,0,17850,1
5431,3151872,1190.32,552,-1.1303,-0.013339,3.91414,0.591473,0.010432,0.0327,1178.96,564.4,-1.6074,3161,0,17950,1
5432,3151872,1129.25,485,-1.1815,-0.013339,3.91414,0.591473,0.010432,0.0327,1177.97,563.5,-1.6067,3149,1,19450,1
5433,3153920,1297.57,594,-1.225,-0.00972,7.366559,0.486742,0.008763,0.0271,1178.04,563.5,-1.6054,3156,2,19950,1
5434,3153920,1204.12,554,-1.2551,-0.00972,7.366559,0.486742,0.008763,0.0271,1177.7,563.3,-1.6045,3161,0,18650,1
5435,3153920,1238.96,573,-1.2719,-0.00972,7.366559,0.486742,0.008763,0.0271,1177.54,563.3,-1.6032,3155,0,18600,1
5436,3153920,1239.72,537,-1.2922,-0.00972,7.366559,0.486742,0.008763,0.0271,1175.4,561.7,-1.6015,3161,0,18300,1
5437,3155968,989.67,454,-1.41,-0.013279,5.835639,0.492668,0.013362,0.0369,1178.65,562.4,-1.5976,3161,0,19650,1
5438,3155968,1338.3,610,-1.4248,-0.013279,5.835639,0.492668,0.013362,0.0369,1179.59,562.8,-1.5965,3161,2,18850,1
5439,3155968,1194.26,527,-1.4137,-0.013279,5.835639,0.492668,0.013362,0.0369,1179.13,562.7,-1.5951,3157,0,19000,1
5440,3155968,1062.42,538,-1.5834,-0.013279,5.835639,0.492668,0.013362,0.0369,1177.37,562.6,-1.5952,3149,1,18800,1
5441,3158016,1244.46,567,-1.5388,-0.009955,4.857385,0.545871,0.007118,0.0283,1177.23,562.6,-1.5943,3157,0,18550,1
5442,3158016,1243.68,553,-1.5756,-0.009955,4.857385,0.545871,0.007118,0.0283,1177.24,562.0,-1.5932,3156,0,18400,1
5443,3158016,1296.77,594,-1.6033,-0.009955,4.857385,0.545871,0.007118,0.0283,1177.72,562.2,-1.5926,3161,1,18750,1
5444,3158016,1237.58,568,-1.6385,-0.009955,4.857385,0.545871,0.007118,0.0283,1177.77,562.2,-1.5921,3157,0,17800,1
5445,3160064,461.36,214,-1.7865,-0.013526,5.608181,0.490415,0.009881,0.0352,1169.22,558.5,-1.5928,1956,0,400,0
5446,3160064,1260.06,574,-1.7184,-0.013526,5.608181,0.490415,0.009881,0.0352,1169.57,558.7,-1.5927,3161,1,18700,1
5447,3160064,1301.8,601,-1.7634,-0.013526,5.608181,0.490415,0.009881,0.0352,1169.55,559.1,-1.5928,3161,1,18350,1
5448,3160064,1297.35,573,-1.754,-0.013526,5.608181,0.490415,0.009881,0.0352,1170.19,559.6,-1.5926,3161,1,18800,1
5449,3162112,420.29,196,-1.8717,-0.011005,6.148526,0.463675,0.008974,0.0298,1161.96,556.3,-1.593,1773,0,100,0
5450,3162112,1160.64,528,-1.856,-0.011005,6.148526,0.463675,0.008974,0.0298,1161.07,555.8,-1.5922,3154,0,19100,1
5451,3162112,1319.02,614,-1.901,-0.011005,6.148526,0.463675,0.008974,0.0298,1162.27,556.3,-1.5916,3153,1,21500,1
5452,3164160,1190.81,562,-1.8331,-0.009921,2.267977,0.698827,0.006337,0.0437,1161.79,556.6,-1.5908,3149,0,17700,1
5453,3164160,1155.62,519,-1.7219,-0.009921,2.267977,0.698827,0.006337,0.0437,1161.03,556.5,-1.5885,3156,0,19600,1
5454,3164160,1251.35,568,-1.4573,-0.009921,2.267977,0.698827,0.006337,0.0437,1161.13,556.2,-1.5821,3156,0,18150,1
5455,3164160,634.81,272,-1.3082,-0.009921,2.267977,0.698827,0.006337,0.0437,1155.09,553.5,-1.5749,2755,0,500,0
5456,3166208,1326.3,582,-1.2192,-0.008165,1.317179,0.80352,0.0049,0.0437,1155.98,553.8,-1.5664,3161,1,18600,1
5457,3168256,1239.49,575,-0.9158,-0.007226,1.212377,0.829859,0.002441,0.0305,1155.21,553.8,-1.5539,3157,0,17700,1
5458,3168256,1340.12,616,-0.928,-0.007226,1.212377,0.829859,0.002441,0.0305,1156.09,554.5,-1.5411,3161,4,18900,1
5459,3168256,1261.68,570,-0.8443,-0.007226,1.212377,0.829859,0.002441,0.0305,1156.16,554.9,-1.5277,3156,1,18200,1
5460,3170304,1237.78,585,-0.8162,-0.008264,1.186341,0.826014,0.006981,0.0437,1155.46,555.0,-1.5128,3156,0,18250,1
5461,3170304,1232.07,2542,-1.8273,-0.008264,1.186341,0.826014,0.006981,0.0437,1156.7,575.2,-1.5055,3152,7,19450,1
5462,3170304,1359.35,619,-0.8122,-0.008264,1.186341,0.826014,0.006981,0.0437,1166.72,579.7,-1.487,3153,3,22000,1
5463,3170304,1569.59,868,-0.9318,-0.008264,1.186341,0.826014,0.006981,0.0437,1170.11,582.8,-1.4722,3157,2,20350,1
5464,3172352,1232.17,571,-0.8359,-0.011934,2.091661,0.679732,0.017026,0.0503,1169.8,582.8,-1.4562,3161,0,18350,1
5465,3172352,1341.8,597,-0.8666,-0.011934,2.091661,0.679732,0.017026,0.0503,1170.78,583.5,-1.4408,3151,1,18950,1
5466,3172352,1261.84,585,-0.87,-0.011934,2.091661,0.679732,0.017026,0.0503,1177.7,583.4,-1.4263,3161,1,18350,1
5467,3174400,1244.95,582,-0.8762,-0.011223,1.23407,0.79859,0.005892,0.031,1177.7,583.3,-1.4216,3156,0,18150,1
5468,3174400,1241.45,542,-0.8515,-0.011223,1.23407,0.79859,0.005892,0.031,1176.65,580.2,-1.4141,3155,0,18050,1
5469,3174400,1197.29,558,-0.8554,-0.011223,1.23407,0.79859,0.005892,0.031,1176.26,580.3,-1.4129,3156,0,17850,1
5470,3176448,1235.93,581,-0.8619,-0.005777,1.236789,0.741032,0.007719,0.0659,1175.25,580.2,-1.412,3161,0,20900,1
5471,3178496,1304.35,598,-0.8545,-0.006229,1.218809,0.819708,0.006882,0.0532,1181.68,583.3,-1.4114,3161,2,18700,1
5472,3178496,1358.63,629,-0.8669,-0.006229,1.218809,0.819708,0.006882,0.0532,1181.75,583.4,-1.4107,3161,3,19350,1
5473,3178496,1235.75,561,-0.8495,-0.006229,1.218809,0.819708,0.006882,0.0532,1181.78,583.7,-1.4108,3150,0,18400,1
5474,3180544,1109.36,2488,-1.4146,-0.010946,1.556958,0.693112,0.010313,0.0476,1180.55,603.0,-1.4163,3156,3,21900,1
5475,3180544,1237.95,543,-0.8549,-0.010946,1.556958,0.693112,0.010313,0.0476,1180.46,603.0,-1.4163,3154,0,18550,1
5476,3180544,1256.39,590,-0.8893,-0.010946,1.556958,0.693112,0.010313,0.0476,1180.56,603.5,-1.4166,3156,1,21500,1
5477,3180544,634.25,273,-0.9021,-0.010946,1.556958,0.693112,0.010313,0.0476,1174.47,601.0,-1.4171,2753,1,500,0
5478,3182592,1304.0,633,-0.9426,-0.01216,5.703113,0.394287,0.012582,0.0347,1176.54,582.7,-1.4095,3156,0,20100,1
5479,3182592,1335.96,574,-0.956,-0.01216,5.703113,0.394287,0.012582,0.0347,1177.37,582.7,-1.4103,3154,1,20150,1
5480,3182592,417.68,191,-1.1205,-0.01216,5.703113,0.394287,0.012582,0.0347,1169.16,579.2,-1.4122,1783,0,100,0
5481,3182592,1251.61,589,-1.0203,-0.01216,5.703113,0.394287,0.012582,0.0347,1168.76,579.1,-1.4128,3153,1,18250,1
5482,3184640,1342.79,617,-1.1754,-0.013459,2.377505,0.590751,0.013961,0.0442,1169.16,579.5,-1.415,3156,2,18750,1
5483,3184640,1242.4,564,-1.1993,-0.013459,2.377505,0.590751,0.013961,0.0442,1168.36,579.0,-1.4166,3152,0,18600,1
5484,3184640,1307.78,605,-1.2018,-0.013459,2.377505,0.590751,0.013961,0.0442,1169.05,579.4,-1.4174,3161,2,18800,1
5485,3186688,1263.15,573,-1.0428,-0.0107,1.242651,0.780101,0.010449,0.0457,1169.39,579.5,-1.4165,3150,1,21600,1
5486,3186688,1293.95,599,-1.0261,-0.0107,1.242651,0.780101,0.010449,0.0457,1169.83,580.1,-1.4155,3154,2,18750,1
5487,3186688,1247.83,555,-0.9678,-0.0107,1.242651,0.780101,0.010449,0.0457,1175.85,582.9,-1.4131,3151,0,18300,1
5488,3188736,1239.38,536,-0.8112,-0.007395,1.270041,0.747192,0.003444,0.0322,1175.71,582.2,-1.409,3161,0,18750,1
5489,3188736,1154.0,504,-0.8213,-0.007395,1.270041,0.747192,0.003444,0.0322,1174.78,581.8,-1.4047,3152,0,20850,1
5490,3188736,1233.56,542,-0.8215,-0.007395,1.270041,0.747192,0.003444,0.0322,1174.82,581.6,-1.4002,3150,0,20050,1
5491,3190784,1174.54,2564,-1.4994,-0.00685,1.295097,0.721193,0.004989,0.0544,1174.24,601.7,-1.4018,3156,5,19250,1
5492,3190784,1347.85,627,-0.8586,-0.00685,1.295097,0.721193,0.004989,0.0544,1175.15,602.3,-1.3971,3153,2,21700,1
5493,3190784,1259.4,560,-0.8503,-0.00685,1.295097,0.721193,0.004989,0.0544,1175.4,602.4,-1.3915,3157,1,18350,1
5494,3190784,1415.86,652,-0.8678,-0.00685,1.295097,0.721193,0.004989,0.0544,1177.06,602.9,-1.3853,3151,1,18700,1
5495,3192832,1247.34,567,-0.9489,-0.008424,2.499201,0.691409,0.00515,0.0234,1177.07,603.1,-1.3799,3150,0,18100,1
5496,3192832,1245.83,531,-0.9821,-0.008424,2.499201,0.691409,0.00515,0.0234,1177.08,602.8,-1.3743,3150,0,18750,1
5497,3192832,1341.04,600,-0.981,-0.008424,2.499201,0.691409,0.00515,0.0234,1177.26,602.8,-1.3681,3151,1,19100,1
5498,3194880,652.19,279,-1.2082,-0.014369,3.450864,0.545014,0.011587,0.0273,1171.5,600.1,-1.3639,2758,0,300,0
5499,3194880,1364.75,604,-1.1559,-0.014369,3.450864,0.545014,0.011587,0.0273,1172.74,600.2,-1.358,3152,0,19100,1
5500,3196928,1322.23,568,-1.1665,-0.011475,1.335468,0.608879,0.011728,0.0525,1173.26,600.1,-1.3526,3151,0,20650,1
5501,3196928,1251.64,541,-1.056,-0.011475,1.335468,0.608879,0.011728,0.0525,1173.39,599.8,-1.3453,3161,1,19150,1
5502,3198976,1250.67,542,-0.9052,-0.007228,1.287618,0.683539,0.006535,0.0291,1173.53,600.0,-1.3373,3151,0,18300,1
5503,3198976,1237.82,568,-0.8835,-0.007228,1.287618,0.683539,0.006535,0.0291,1173.42,600.3,-1.328,3155,0,20700,1
5504,3201024,1227.5,553,-0.8449,-0.007405,0.892865,0.932061,0.005495,0.0251,1173.25,600.5,-1.3182,3157,0,19150,1
5505,3201024,1250.22,586,-0.7689,-0.007405,0.892865,0.932061,0.005495,0.0251,1173.78,600.8,-1.3068,3161,1,19250,1
5506,3203072,1400.75,662,-0.4932,-0.009822,0.767205,0.966093,0.007909,0.0437,1175.42,601.9,-1.2926,3161,1,18950,1
5507,3205120,1343.57,592,-0.0095,-0.009593,0.539999,1.32204,0.00146,0.0515,1176.57,602.3,-1.2733,3156,1,18950,1
5508,3207168,1122.2,2479,-0.9211,-0.008215,0.490577,1.342206,-0.005167,0.0312,1174.73,619.5,-1.2613,3156,6,19700,1
5509,3207168,1316.51,612,0.2616,-0.008215,0.490577,1.342206,-0.005167,0.0312,1175.51,620.1,-1.2391,3150,3,20900,1
5510,3209216,1334.61,579,0.2658,-0.005899,0.619984,1.140979,0.003506,0.0669,1175.54,620.0,-1.2168,3161,3,19400,1
5511,3209216,979.85,4392,-1.1946,-0.005899,0.619984,1.140979,0.003506,0.0669,1172.28,658.2,-1.2102,3157,7,19500,1
5512,3209216,1101.08,2436,-0.6833,-0.005899,0.619984,1.140979,0.003506,0.0669,1170.94,677.2,-1.1999,3157,4,22500,1
5513,3211264,1309.31,619,0.1497,-0.005887,1.082084,0.755296,0.003492,0.03,1170.45,677.2,-1.1808,3153,2,23400,1
5514,3211264,1244.13,517,0.1373,-0.005887,1.082084,0.755296,0.003492,0.03,1177.89,680.1,-1.1612,3150,1,21900,1
5515,3211264,1236.68,536,0.1161,-0.005887,1.082084,0.755296,0.003492,0.03,1177.74,677.7,-1.1418,3155,0,18750,1
5516,3213312,1301.49,611,-0.0596,-0.01399,7.365422,0.371256,0.012771,0.0393,1184.46,681.2,-1.1244,3151,1,21050,1
5517,3213312,1239.88,549,-0.1464,-0.01399,7.365422,0.371256,0.012771,0.0393,1184.79,681.1,-1.108,3156,0,18850,1
5518,3213312,1240.24,559,-0.2926,-0.01399,7.365422,0.371256,0.012771,0.0393,1187.09,682.1,-1.0931,3155,0,17850,1
5519,3213312,1303.05,570,-0.2835,-0.01399,7.365422,0.371256,0.012771,0.0393,1188.27,682.6,-1.0785,3161,1,19000,1
5520,3215360,1374.98,619,-0.5526,-0.013515,6.814436,0.429218,0.013689,0.0405,1189.57,683.2,-1.0666,3151,3,19900,1
5521,3215360,1397.07,649,-0.605,-0.013515,6.814436,0.429218,0.013689,0.0405,1190.82,684.0,-1.0554,3154,3,19150,1
5522,3215360,1239.99,553,-0.6595,-0.013515,6.814436,0.429218,0.013689,0.0405,1190.77,684.3,-1.0446,3161,0,18950,1
5523,3215360,1242.21,558,-0.669,-0.013515,6.814436,0.429218,0.013689,0.0405,1190.82,684.4,-1.0337,3152,0,18300,1
5524,3217408,626.3,269,-0.9488,-0.016291,6.794267,0.452017,0.014519,0.0361,1184.56,681.5,-1.0254,2752,0,300,0
5525,3217408,1259.14,566,-0.8608,-0.016291,6.794267,0.452017,0.014519,0.0361,1192.93,685.3,-1.017,3153,1,18550,1
5526,3217408,1226.03,548,-0.9284,-0.016291,6.794267,0.452017,0.014519,0.0361,1201.02,688.9,-1.0124,3161,0,18200,1
5527,3217408,1238.84,530,-0.964,-0.016291,6.794267,0.452017,0.014519,0.0361,1200.2,683.8,-1.0036,3152,0,19350,1
5528,3219456,1241.2,555,-1.1288,-0.016348,7.142403,0.360753,0.016564,0.0483,1208.46,687.5,-1.004,3161,0,18350,1
5529,3219456,1243.45,571,-1.1713,-0.016348,7.142403,0.360753,0.016564,0.0483,1208.49,687.0,-1.003,3149,0,18400,1
5530,3219456,1246.74,538,-1.2011,-0.016348,7.142403,0.360753,0.016564,0.0483,1208.51,686.8,-1.0039,3153,0,18100,1
5531,3219456,1312.18,603,-1.2267,-0.016348,7.142403,0.360753,0.016564,0.0483,1209.73,687.3,-1.0048,3155,3,23550,1
5532,3221504,1227.91,556,-1.3804,-0.015483,6.832982,0.436772,0.01594,0.0408,1210.72,688.0,-1.0068,3152,0,17800,1
5533,3221504,1239.08,540,-1.3843,-0.015483,6.832982,0.436772,0.01594,0.0408,1210.13,687.4,-1.0084,3152,0,19850,1
5534,3221504,1244.5,564,-1.4062,-0.015483,6.832982,0.436772,0.01594,0.0408,1210.53,687.5,-1.0099,3157,0,21000,1
5535,3223552,1376.76,621,-1.4566,-0.017421,6.788278,0.426767,0.016747,0.0381,1211.91,688.0,-1.0118,3161,1,19950,1
5536,3223552,671.85,292,-1.5802,-0.017421,6.788278,0.426767,0.016747,0.0381,1206.23,685.6,-1.0146,2749,0,300,0
5537,3223552,1232.38,564,-1.5419,-0.017421,6.788278,0.426767,0.016747,0.0381,1208.66,686.7,-1.016,3152,0,18100,1
5538,3223552,1238.05,530,-1.5484,-0.017421,6.788278,0.426767,0.016747,0.0381,1207.66,685.9,-1.0172,3161,0,18300,1
5539,3223552,633.21,270,-1.6403,-0.017421,6.788278,0.426767,0.016747,0.0381,1202.05,683.3,-1.0195,2751,0,300,0
5540,3225600,1313.76,607,-1.64,-0.016263,6.751095,0.365544,0.014995,0.0439,1204.56,684.0,-1.02,3157,1,20500,1
5541,3225600,1309.71,588,-1.6558,-0.016263,6.751095,0.365544,0.014995,0.0439,1205.21,684.2,-1.0212,3154,2,18750,1
5542,3225600,1318.25,601,-1.6559,-0.016263,6.751095,0.365544,0.014995,0.0439,1205.96,684.7,-1.022,3157,2,18950,1
5543,3225600,1234.26,537,-1.7025,-0.016263,6.751095,0.365544,0.014995,0.0439,1205.33,684.1,-1.023,3161,0,18700,1
5544,3227648,630.26,271,-1.7842,-0.013608,3.410862,0.553798,0.010883,0.0344,1199.26,681.1,-1.0245,2756,0,300,0
5545,3227648,1224.8,534,-1.7624,-0.013608,3.410862,0.553798,0.010883,0.0344,1206.9,684.3,-1.0242,3153,0,18400,1
5546,3227648,1248.63,775,-1.8682,-0.013608,3.410862,0.553798,0.010883,0.0344,1206.78,686.3,-1.0257,3157,0,19400,1
5547,3229696,1250.36,581,-1.7973,-0.014993,5.273558,0.510867,0.012639,0.0413,1206.27,686.1,-1.026,3161,0,18100,1
5548,3229696,1238.4,574,-1.8103,-0.014993,5.273558,0.510867,0.012639,0.0413,1205.68,686.1,-1.0266,3157,0,18400,1
5549,3229696,999.61,493,-1.8271,-0.014993,5.273558,0.510867,0.012639,0.0413,1211.47,689.1,-1.0262,3150,0,18700,1
5550,3229696,1252.98,556,-1.8243,-0.014993,5.273558,0.510867,0.012639,0.0413,1212.39,689.4,-1.0258,3151,1,18600,1
5551,3231744,1240.89,548,-1.8384,-0.013136,4.854117,0.47413,0.012697,0.043,1211.61,688.7,-1.0252,3156,0,18700,1
5552,3231744,1293.35,590,-1.8446,-0.013136,4.854117,0.47413,0.012697,0.043,1212.64,689.0,-1.0253,3161,1,18750,1
5553,3233792,1518.85,673,-1.8663,-0.012277,9.524156,0.437531,0.010829,0.0312,1216.27,690.6,-1.0268,3156,2,20200,1
5554,3233792,1252.31,566,-1.8727,-0.012277,9.524156,0.437531,0.010829,0.0312,1216.28,690.5,-1.0309,3161,0,21300,1
5555,3233792,1341.42,598,-1.9051,-0.012277,9.524156,0.437531,0.010829,0.0312,1223.35,693.8,-1.0369,3161,2,19350,1
5556,3233792,1239.43,532,-1.9461,-0.012277,9.524156,0.437531,0.010829,0.0312,1222.48,693.3,-1.0442,3149,0,20250,1
5557,3235840,1227.51,555,-1.9683,-0.016196,8.126035,0.437984,0.013141,0.0364,1222.36,693.1,-1.0547,3152,0,18450,1
5558,3235840,1353.18,601,-1.9663,-0.016196,8.126035,0.437984,0.013141,0.0364,1222.49,693.0,-1.0651,3152,1,19750,1
5559,3235840,1236.9,553,-2.0145,-0.016196,8.126035,0.437984,0.013141,0.0364,1222.24,692.8,-1.0768,3156,0,19150,1
5560,3235840,1394.77,648,-2.0022,-0.016196,8.126035,0.437984,0.013141,0.0364,1223.81,693.4,-1.0886,3157,2,19100,1
5561,3235840,714.39,314,-1.9929,-0.016196,8.126035,0.437984,0.013141,0.0364,1218.63,671.1,-1.0903,2758,0,100,0
5562,3237888,1384.83,638,-2.0816,-0.013921,5.028868,0.563463,0.013063,0.0332,1218.89,671.3,-1.103,3152,1,18350,1
5563,3237888,1338.06,602,-2.0817,-0.013921,5.028868,0.563463,0.013063,0.0332,1216.57,668.7,-1.1145,3149,0,18850,1
5564,3237888,918.31,389,-2.055,-0.013921,5.028868,0.563463,0.013063,0.0332,1213.43,666.8,-1.1267,2764,1,300,0
5565,3239936,1256.68,586,-2.1406,-0.01175,6.955437,0.368829,0.010493,0.0308,1212.58,666.7,-1.1394,3157,0,18400,1
5566,3239936,1244.38,514,-2.1889,-0.01175,6.955437,0.368829,0.010493,0.0308,1212.41,666.0,-1.1526,3155,0,21800,1
5567,3239936,1312.12,591,-2.1902,-0.01175,6.955437,0.368829,0.010493,0.0308,1213.08,666.1,-1.1658,3154,1,19100,1
5568,3239936,1234.82,531,-2.2142,-0.01175,6.955437,0.368829,0.010493,0.0308,1213.01,666.0,-1.1794,3157,0,18600,1
5569,3241984,580.39,308,-2.1227,-0.013119,6.346365,0.443542,0.011047,0.0286,1206.84,663.5,-1.1921,2470,0,100,0
5570,3241984,1244.75,566,-2.2201,-0.013119,6.346365,0.443542,0.011047,0.0286,1206.93,663.4,-1.2056,3156,0,18250,1
5571,3241984,1199.01,545,-2.1473,-0.013119,6.346365,0.443542,0.011047,0.0286,1205.88,662.8,-1.2186,3161,0,19000,1
5572,3241984,1356.08,621,-2.238,-0.013119,6.346365,0.443542,0.011047,0.0286,1205.85,662.7,-1.2323,3156,1,18650,1
5573,3244032,1310.55,582,-2.2614,-0.012137,5.805413,0.534407,0.0126,0.03,1206.6,663.0,-1.2464,3161,1,19650,1
5574,3244032,652.92,340,-2.3064,-0.012137,5.805413,0.534407,0.0126,0.03,1202.04,641.5,-1.2553,2747,0,100,0
5575,3244032,1285.23,587,-2.2964,-0.012137,5.805413,0.534407,0.0126,0.03,1202.51,641.9,-1.2697,3161,2,19250,1
5576,3244032,1247.58,571,-2.3643,-0.012137,5.805413,0.534407,0.0126,0.03,1202.42,641.7,-1.2845,3150,0,18450,1
5577,3246080,1242.1,563,-2.2738,-0.014414,4.705716,0.506442,0.011412,0.0356,1208.5,644.6,-1.2982,3156,0,18550,1
5578,3246080,1380.27,643,-2.2323,-0.014414,4.705716,0.506442,0.011412,0.0356,1209.26,644.7,-1.3111,3152,0,22100,1
5579,3246080,1196.6,538,-2.2323,-0.014414,4.705716,0.506442,0.011412,0.0356,1207.87,644.4,-1.3239,3161,0,20800,1
5580,3248128,1238.48,536,-2.1893,-0.011636,7.89019,0.400102,0.010126,0.0242,1216.08,647.8,-1.3345,3157,0,18500,1
5581,3248128,1229.02,565,-2.2556,-0.011636,7.89019,0.400102,0.010126,0.0242,1215.85,647.6,-1.3469,3157,0,18750,1
5582,3248128,1179.01,538,-2.231,-0.011636,7.89019,0.400102,0.010126,0.0242,1214.21,646.8,-1.3574,3161,1,19850,1
5583,3248128,1222.48,560,-2.1821,-0.011636,7.89019,0.400102,0.010126,0.0242,1214.01,646.7,-1.3673,3161,0,22600,1
5584,3250176,1244.22,558,-2.3117,-0.014302,6.199534,0.426935,0.011921,0.0408,1213.38,646.3,-1.3784,3157,0,18600,1
5585,3250176,1257.16,550,-2.3346,-0.014302,6.199534,0.426935,0.011921,0.0408,1213.32,646.0,-1.3913,3152,1,20250,1
5586,3250176,1246.98,552,-2.3145,-0.014302,6.199534,0.426935,0.011921,0.0408,1212.85,645.6,-1.4042,3152,0,18400,1
5587,3250176,1232.95,549,-2.3371,-0.014302,6.199534,0.426935,0.011921,0.0408,1212.7,645.5,-1.4179,3157,0,18700,1
5588,3252224,1240.37,599,-2.3568,-0.013455,6.895275,0.426316,0.011398,0.0266,1212.71,646.1,-1.4333,3156,0,18200,1
5589,3252224,1250.97,540,-2.3636,-0.013455,6.895275,0.426316,0.011398,0.0266,1213.68,646.5,-1.4487,3157,1,19150,1
5590,3252224,1232.13,561,-2.386,-0.013455,6.895275,0.426316,0.011398,0.0266,1213.67,646.7,-1.4644,3161,0,18600,1
5591,3252224,1254.79,568,-2.3768,-0.013455,6.895275,0.426316,0.011398,0.0266,1214.47,626.7,-1.4732,3161,1,18850,1
5592,3252224,418.02,191,-2.2796,-0.013455,6.895275,0.426316,0.011398,0.0266,1205.17,622.4,-1.4874,1795,0,100,0
5593,3254272,1319.85,594,-2.3189,-0.011751,5.369597,0.508223,0.008858,0.0352,1205.77,622.7,-1.5021,3157,2,19000,1
5594,3254272,1242.65,577,-2.3155,-0.011751,5.369597,0.508223,0.008858,0.0352,1204.04,622.0,-1.5165,3153,0,18150,1
5595,3256320,1236.02,543,-2.3182,0.001562,1.761224,0.883797,0.007946,0.0549,1203.93,621.7,-1.5302,3152,0,18450,1
5596,3256320,1341.53,608,-1.2233,0.001562,1.761224,0.883797,0.007946,0.0549,1204.89,622.5,-1.5326,3157,2,19150,1
5597,3258368,1344.68,599,-0.9174,-0.004418,0.83786,1.092449,0.002269,0.0559,1204.92,622.5,-1.532,3151,1,19450,1
5598,3258368,1118.29,1017,-1.204,-0.004418,0.83786,1.092449,0.002269,0.0559,1209.58,629.9,-1.532,3157,0,19950,1
5599,3260416,1200.88,544,-0.5407,-0.008383,1.132815,0.92347,0.0058,0.0549,1207.94,629.3,-1.5258,3161,2,19750,1
5600,3260416,1243.97,592,-0.5205,-0.008383,1.132815,0.92347,0.0058,0.0549,1207.16,629.5,-1.5194,3157,0,17950,1
5601,3260416,1224.8,537,-0.4905,-0.008383,1.132815,0.92347,0.0058,0.0549,1206.89,629.5,-1.5137,3154,0,21700,1
5602,3262464,1114.32,2502,-1.6036,-0.01054,1.489313,0.696336,0.008313,0.0457,1205.53,649.1,-1.5207,3157,4,19000,1
5603,3262464,441.64,199,-0.5589,-0.01054,1.489313,0.696336,0.008313,0.0457,1197.57,645.4,-1.5174,1785,0,100,0
5604,3262464,500.24,229,-0.5765,-0.01054,1.489313,0.696336,0.008313,0.0457,1190.3,642.1,-1.5148,1797,0,200,0
5605,3264512,1398.46,614,-0.5573,-0.009829,0.824085,0.940113,0.010196,0.0291,1191.78,642.4,-1.5126,3154,0,18300,1
5606,3264512,1286.48,582,-0.5224,-0.009829,0.824085,0.940113,0.010196,0.0291,1190.64,641.6,-1.5129,3155,1,20750,1
5607,3266560,1234.92,559,-0.3739,-0.008988,0.70101,1.116242,-0.000774,0.041,1189.55,641.3,-1.5166,3157,1,18500,1
5608,3266560,1263.62,582,-0.3094,-0.008988,0.70101,1.116242,-0.000774,0.041,1190.96,622.3,-1.5105,3157,2,19650,1
5609,3268608,1237.57,531,-0.2212,-0.00689,0.669857,1.128487,0.003384,0.0449,1190.17,621.5,-1.5153,3157,0,20150,1
5610,3268608,1105.75,2482,-0.986,-0.00689,0.669857,1.128487,0.003384,0.0449,1187.89,640.5,-1.5278,3161,4,19200,1
5611,3270656,1241.02,552,-0.2252,-0.004419,0.739633,0.990235,0.001185,0.0271,1190.5,602.1,-1.5181,3156,0,18400,1
5612,3270656,1102.15,2457,-0.9975,-0.004419,0.739633,0.990235,0.001185,0.0271,1190.51,602.3,-1.5213,3156,4,19500,1
5613,3270656,1408.82,638,-0.2838,-0.004419,0.739633,0.990235,0.001185,0.0271,1191.5,602.5,-1.5256,3149,1,19050,1
5614,3270656,1250.21,535,-0.2428,-0.004419,0.739633,0.990235,0.001185,0.0271,1191.56,602.7,-1.5294,3154,1,21800,1
5615,3272704,1302.51,570,-0.3186,-0.014179,7.55277,0.430269,0.011096,0.0361,1192.22,603.0,-1.5337,3156,1,20850,1
5616,3272704,1243.9,543,-0.4542,-0.014179,7.55277,0.430269,0.011096,0.0361,1191.65,602.4,-1.5377,3156,0,19050,1
5617,3274752,1292.24,709,-0.6423,-0.00853,1.239606,0.755418,0.006587,0.0239,1192.17,604.0,-1.5426,3161,1,18050,1
5618,3274752,1238.58,586,-0.6064,-0.00853,1.239606,0.755418,0.006587,0.0239,1192.15,604.2,-1.5458,3152,0,19850,1
5619,3274752,1255.68,585,-0.6714,-0.00853,1.239606,0.755418,0.006587,0.0239,1191.68,604.4,-1.5497,3153,1,18000,1
5620,3276800,1235.43,543,-0.7249,-0.006308,1.228213,0.763618,0.005088,0.0237,1190.28,603.6,-1.5514,3149,0,18500,1
5621,3276800,1301.28,589,-0.7377,-0.006308,1.228213,0.763618,0.005088,0.0237,1189.33,603.0,-1.5527,3161,0,18550,1
5622,3278848,1232.5,581,-0.7796,-0.008972,1.250626,0.724879,0.009347,0.0493,1189.25,603.3,-1.5539,3154,0,17900,1
5623,3278848,984.13,446,-0.7782,-0.008972,1.250626,0.724879,0.009347,0.0493,1186.67,602.2,-1.555,3149,0,19300,1
5624,3278848,1255.25,559,-0.7619,-0.008972,1.250626,0.724879,0.009347,0.0493,1192.96,605.1,-1.5531,3161,1,18550,1
5625,3278848,1160.43,2506,-1.1194,-0.008972,1.250626,0.724879,0.009347,0.0493,1191.97,624.5,-1.5557,3161,5,19550,1
5626,3280896,1240.1,549,-0.7563,-0.007887,1.277311,0.699376,0.010277,0.0586,1192.11,624.5,-1.554,3154,0,18200,1
5627,3280896,1240.74,556,-0.7679,-0.007887,1.277311,0.699376,0.010277,0.0586,1192.13,624.8,-1.552,3161,0,18200,1
5628,3280896,1395.88,612,-0.785,-0.007887,1.277311,0.699376,0.010277,0.0586,1193.68,625.3,-1.5486,3152,2,18900,1
5629,3282944,1244.2,572,-0.8393,-0.014382,4.2933,0.489581,0.010202,0.03,1193.69,625.3,-1.5453,3150,0,18350,1
5630,3282944,1313.23,636,-0.9266,-0.014382,4.2933,0.489581,0.010202,0.03,1194.35,626.3,-1.5425,3155,1,20100,1
5631,3282944,1259.72,578,-0.9307,-0.014382,4.2933,0.489581,0.010202,0.03,1193.83,626.1,-1.5396,3154,1,18900,1
5632,3284992,1345.01,587,-0.9336,-0.009087,1.221088,0.781458,0.006102,0.0254,1195.0,626.4,-1.5351,3152,1,19200,1
5633,3284992,1302.88,571,-0.8846,-0.009087,1.221088,0.781458,0.006102,0.0254,1195.64,626.7,-1.5301,3153,0,19050,1
5634,3287040,1239.14,569,-0.8077,-0.008492,1.091435,0.866991,0.006492,0.0354,1195.58,626.7,-1.5241,3157,1,18750,1
5635,3287040,1244.54,545,-0.7781,-0.008492,1.091435,0.866991,0.006492,0.0354,1194.26,626.0,-1.5173,3161,0,18700,1
5636,3289088,1240.73,541,-0.5068,-0.004777,0.717638,1.032325,0.002852,0.0225,1199.95,628.5,-1.5066,3161,0,18200,1
5637,3289088,1052.04,2433,-1.277,-0.004777,0.717638,1.032325,0.002852,0.0225,1198.15,647.2,-1.504,3161,4,19200,1
5638,3289088,1228.57,557,-0.3234,-0.004777,0.717638,1.032325,0.002852,0.0225,1198.05,647.4,-1.4917,3161,0,18450,1
5639,3291136,1290.79,562,-0.2834,-0.007901,0.856055,0.851699,0.005524,0.051,1204.63,650.4,-1.4781,3154,2,19000,1
5640,3291136,1235.49,540,-0.2875,-0.007901,0.856055,0.851699,0.005524,0.051,1203.84,649.7,-1.4646,3150,0,18700,1
5641,3293184,1104.01,2491,-1.0865,-0.010294,0.813278,0.973396,0.006149,0.0491,1201.79,668.7,-1.4589,3149,4,22300,1
5642,3293184,1254.11,550,-0.3045,-0.010294,0.813278,0.973396,0.006149,0.0491,1201.15,668.2,-1.4454,3157,1,19350,1
5643,3293184,1234.17,511,-0.284,-0.010294,0.813278,0.973396,0.006149,0.0491,1201.14,667.9,-1.4312,3161,0,18650,1
5644,3295232,1306.02,575,-0.3668,-0.008853,0.888693,0.822118,0.004276,0.0408,1207.9,671.0,-1.417,3157,0,19450,1
5645,3297280,1279.57,693,-0.5145,-0.011375,1.157168,0.798483,0.009419,0.075,1208.45,672.6,-1.4046,3155,0,21800,1
5646,3297280,1334.51,564,-0.3741,-0.011375,1.157168,0.798483,0.009419,0.075,1209.31,670.5,-1.3896,3151,2,19200,1
5647,3299328,1233.45,528,-0.4358,-0.003362,1.280612,0.677593,0.005525,0.0217,1209.14,669.9,-1.376,3149,0,18800,1
5648,3299328,1237.33,538,-0.4422,-0.003362,1.280612,0.677593,0.005525,0.0217,1209.13,669.6,-1.3623,3161,0,18300,1
5649,3299328,1253.31,546,-0.4613,-0.003362,1.280612,0.677593,0.005525,0.0217,1211.67,670.1,-1.3487,3157,1,20250,1
5650,3299328,1102.92,2501,-1.0043,-0.003362,1.280612,0.677593,0.005525,0.0217,1210.17,689.5,-1.3405,3152,4,18650,1
5651,3301376,1258.89,532,-0.5277,-0.011024,5.386885,0.349766,0.011098,0.0298,1210.35,689.4,-1.3274,3153,1,20450,1
5652,3301376,1240.9,553,-0.5995,-0.011024,5.386885,0.349766,0.011098,0.0298,1209.82,689.0,-1.3149,3155,0,18300,1
5653,3301376,1332.86,608,-0.6231,-0.011024,5.386885,0.349766,0.011098,0.0298,1207.96,688.4,-1.3025,3156,3,19050,1
5654,3301376,1234.14,530,-0.6726,-0.011024,5.386885,0.349766,0.011098,0.0298,1207.78,688.0,-1.2905,3149,0,18600,1
5655,3303424,1236.21,533,-0.8535,-0.015156,8.004775,0.348083,0.014859,0.0427,1206.73,687.4,-1.28,3156,0,18750,1
5656,3303424,1237.24,544,-0.9273,-0.015156,8.004775,0.348083,0.014859,0.0427,1206.71,687.5,-1.2698,3153,0,20250,1
5657,3303424,1142.45,557,-1.0424,-0.015156,8.004775,0.348083,0.014859,0.0427,1205.85,687.5,-1.2605,3161,1,20550,1
5658,3305472,1249.67,557,-1.0437,-0.008363,1.221113,0.797857,0.010319,0.0327,1204.82,687.1,-1.2513,3157,0,18950,1
5659,3305472,1338.53,598,-0.9472,-0.008363,1.221113,0.797857,0.010319,0.0327,1205.84,687.5,-1.2406,3161,1,18800,1
5660,3305472,1350.46,617,-0.9023,-0.008363,1.221113,0.797857,0.010319,0.0327,1205.39,687.2,-1.2296,3157,1,18650,1
5661,3307520,1324.08,583,-0.7643,-0.007629,1.273113,0.724605,0.002949,0.0325,1211.49,689.9,-1.2173,3161,1,19150,1
5662,3307520,1228.84,603,-0.7707,-0.007629,1.273113,0.724605,0.002949,0.0325,1209.93,689.5,-1.2042,3151,0,21600,1
5663,3309568,1286.72,844,-0.8505,-0.012126,0.961512,0.960016,0.007331,0.0576,1209.42,692.0,-1.1919,3156,2,18950,1
5664,3309568,1233.14,518,-0.6716,-0.012126,0.961512,0.960016,0.007331,0.0576,1212.56,693.2,-1.1781,3161,0,18800,1
5665,3309568,1252.25,527,-0.5978,-0.012126,0.961512,0.960016,0.007331,0.0576,1212.52,692.7,-1.1626,3161,2,22100,1
5666,3311616,1059.24,2452,-1.441,-0.006881,1.60311,0.598234,0.009492,0.0347,1210.67,712.0,-1.1552,3161,4,19050,1
5667,3311616,1225.73,549,-0.6347,-0.006881,1.60311,0.598234,0.009492,0.0347,1209.81,711.6,-1.1396,3161,0,20050,1
5668,3311616,1263.79,545,-0.6528,-0.006881,1.60311,0.598234,0.009492,0.0347,1210.09,711.8,-1.124,3153,2,22000,1
5669,3313664,1231.69,540,-0.7568,-0.017365,6.295765,0.388217,0.017053,0.0562,1216.61,714.1,-1.1103,3157,0,20050,1
5670,3313664,1345.14,600,-0.7826,-0.017365,6.295765,0.388217,0.017053,0.0562,1217.61,714.4,-1.096,3157,1,18700,1
5671,3313664,1236.38,545,-0.8147,-0.017365,6.295765,0.388217,0.017053,0.0562,1217.99,714.4,-1.0826,3161,0,18500,1
5672,3313664,1308.11,585,-0.8671,-0.017365,6.295765,0.388217,0.017053,0.0562,1217.51,714.1,-1.0689,3161,1,18600,1
5673,3315712,1233.72,530,-1.057,-0.013747,7.572047,0.339763,0.014892,0.0386,1216.74,713.5,-1.0569,3156,0,18800,1
5674,3315712,1235.81,550,-1.0803,-0.013747,7.572047,0.339763,0.014892,0.0386,1222.57,715.6,-1.0446,3157,0,18350,1
5675,3315712,1245.08,564,-1.1371,-0.013747,7.572047,0.339763,0.014892,0.0386,1222.16,715.4,-1.033,3156,0,18000,1
5676,3315712,1236.01,552,-1.1964,-0.013747,7.572047,0.339763,0.014892,0.0386,1222.05,715.2,-1.0214,3155,0,18100,1
5677,3317760,1239.48,546,-1.3314,-0.014433,7.229232,0.380339,0.012567,0.0361,1222.02,715.0,-1.0119,3150,0,18400,1
5678,3317760,1257.4,545,-1.3611,-0.014433,7.229232,0.380339,0.012567,0.0361,1220.79,714.1,-1.0032,3151,1,19350,1
5679,3317760,1334.73,573,-1.3897,-0.014433,7.229232,0.380339,0.012567,0.0361,1222.18,714.4,-0.9948,3161,2,19400,1
5680,3319808,1198.4,570,-1.4314,-0.013408,1.839186,0.602787,0.011903,0.0366,1221.77,714.8,-0.9872,3150,0,19250,1
5681,3319808,1366.26,618,-1.3985,-0.013408,1.839186,0.602787,0.011903,0.0366,1223.15,715.3,-0.9786,3151,2,19150,1
5682,3319808,1254.47,582,-1.3734,-0.013408,1.839186,0.602787,0.011903,0.0366,1223.9,715.7,-0.9701,3155,2,18050,1
5683,3321856,1242.49,563,-1.0992,-0.005892,1.266035,0.772325,0.002938,0.0273,1224.1,715.8,-0.9592,3156,0,18000,1
5684,3321856,1213.29,547,-1.0534,-0.005892,1.266035,0.772325,0.002938,0.0273,1223.79,715.6,-0.9467,3149,0,18550,1
5685,3321856,1386.34,627,-0.9644,-0.005892,1.266035,0.772325,0.002938,0.0273,1225.08,716.4,-0.933,3151,1,19150,1
5686,3323904,1245.3,584,-0.8427,-0.008891,1.18547,0.786753,0.010005,0.0562,1225.07,716.7,-0.9182,3161,0,18350,1
5687,3323904,1100.27,513,-0.8281,-0.008891,1.18547,0.786753,0.010005,0.0562,1223.74,716.4,-0.9031,3161,0,17550,1
5688,3323904,1284.9,549,-0.8158,-0.008891,1.18547,0.786753,0.010005,0.0562,1224.19,715.9,-0.8877,3149,2,19150,1
5689,3325952,1391.91,608,-0.7787,-0.005016,1.028034,0.784894,0.004024,0.0381,1225.6,716.6,-0.8719,3150,0,18800,1
5690,3328000,1228.77,749,-0.8266,-0.011698,1.75471,0.684773,0.006548,0.0269,1225.56,718.4,-0.8563,3157,0,16000,1
5691,3328000,1235.21,538,-0.7383,-0.011698,1.75471,0.684773,0.006548,0.0269,1225.37,718.1,-0.8399,3154,0,18300,1
5692,3328000,1394.62,598,-0.8217,-0.011698,1.75471,0.684773,0.006548,0.0269,1235.13,722.2,-0.8253,3152,1,19050,1
5693,3330048,1317.39,604,-0.8577,-0.005938,1.217738,0.754071,0.004792,0.0291,1235.11,722.3,-0.8107,3161,1,21700,1
5694,3330048,1338.82,618,-0.8545,-0.005938,1.217738,0.754071,0.004792,0.0291,1236.07,722.7,-0.7961,3161,1,21800,1
5695,3332096,1343.53,586,-0.8522,-0.005549,1.31729,0.746799,0.003706,0.033,1237.14,723.1,-0.7814,3161,2,19100,1
5696,3332096,1232.62,520,-0.8353,-0.005549,1.31729,0.746799,0.003706,0.033,1236.05,722.3,-0.7776,3153,0,18650,1
5697,3332096,1289.26,604,-0.8714,-0.005549,1.31729,0.746799,0.003706,0.033,1235.5,722.3,-0.7771,3157,1,19000,1
5698,3334144,1232.81,546,-0.8629,-0.007062,1.237273,0.718436,0.006072,0.0435,1236.65,717.6,-0.7737,3156,0,18300,1
5699,3334144,919.29,4360,-1.5102,-0.007062,1.237273,0.718436,0.006072,0.0435,1233.83,755.8,-0.7834,3161,8,21250,1
5700,3334144,1231.12,559,-0.8765,-0.007062,1.237273,0.718436,0.006072,0.0435,1233.7,755.4,-0.787,3155,0,18200,1
5701,3334144,1378.97,614,-0.89,-0.007062,1.237273,0.718436,0.006072,0.0435,1235.24,756.2,-0.7909,3156,2,19100,1
5702,3336192,1239.85,530,-0.908,-0.01037,4.759701,0.415266,0.011069,0.0247,1236.5,736.5,-0.784,3155,0,18950,1
5703,3336192,1307.19,570,-0.9417,-0.01037,4.759701,0.415266,0.011069,0.0247,1245.15,740.2,-0.7878,3154,2,20350,1
5704,3336192,1230.55,534,-0.962,-0.01037,4.759701,0.415266,0.011069,0.0247,1252.46,743.2,-0.7917,3161,0,18600,1
5705,3336192,1345.0,614,-1.0535,-0.01037,4.759701,0.415266,0.011069,0.0247,1251.92,743.2,-0.7966,3152,3,19500,1
5706,3338240,1260.36,599,-1.1621,-0.014815,5.504333,0.456266,0.014663,0.0359,1251.66,743.4,-0.803,3157,0,18300,1
5707,3338240,1239.95,561,-1.1783,-0.014815,5.504333,0.456266,0.014663,0.0359,1251.71,743.4,-0.8111,3154,0,18300,1
5708,3338240,1257.41,543,-1.1897,-0.014815,5.504333,0.456266,0.014663,0.0359,1251.65,743.0,-0.8199,3151,1,18950,1
5709,3340288,1237.87,529,-1.315,-0.013421,2.495673,0.542723,0.011835,0.0286,1251.65,743.0,-0.8308,3157,0,20050,1
5710,3340288,1234.84,535,-1.3239,-0.013421,2.495673,0.542723,0.011835,0.0286,1252.94,723.6,-0.8342,3156,0,20050,1
5711,3340288,1252.04,549,-1.3325,-0.013421,2.495673,0.542723,0.011835,0.0286,1253.05,723.5,-0.8453,3157,1,18600,1
5712,3342336,1228.93,538,-1.2076,-0.013643,1.349704,0.674321,0.011322,0.0554,1254.32,704.3,-0.8474,3149,0,18650,1
5713,3342336,1248.07,541,-1.1748,-0.013643,1.349704,0.674321,0.011322,0.0554,1252.71,703.4,-0.8563,3155,1,18950,1
5714,3342336,1345.22,602,-1.1333,-0.013643,1.349704,0.674321,0.011322,0.0554,1253.66,704.0,-0.8652,3156,2,19200,1
5715,3344384,1243.51,510,-0.8491,-0.00579,1.248838,0.783863,0.00098,0.0139,1253.07,703.4,-0.8705,3151,0,18750,1
5716,3344384,1339.32,606,-0.8656,-0.00579,1.248838,0.783863,0.00098,0.0139,1254.03,704.1,-0.8746,3161,1,18350,1
5717,3344384,1239.88,559,-0.8507,-0.00579,1.248838,0.783863,0.00098,0.0139,1253.5,702.6,-0.8767,3155,0,18400,1
5718,3346432,1233.79,532,-0.8384,-0.006418,1.302729,0.782674,0.002873,0.0183,1253.46,702.0,-0.879,3152,0,19850,1
5719,3346432,1100.02,2477,-1.6075,-0.006418,1.302729,0.782674,0.002873,0.0183,1251.9,721.0,-0.8884,3150,4,19100,1
5720,3346432,1210.58,593,-0.8668,-0.006418,1.302729,0.782674,0.002873,0.0183,1251.65,721.5,-0.8898,3156,0,18100,1
5721,3346432,1228.81,547,-0.8509,-0.006418,1.302729,0.782674,0.002873,0.0183,1250.93,721.0,-0.8909,3149,0,18600,1
5722,3348480,1245.62,571,-0.9331,-0.009867,2.597627,0.549214,0.008996,0.0164,1251.06,720.9,-0.8925,3149,0,19150,1
5723,3348480,1249.35,562,-0.943,-0.009867,2.597627,0.549214,0.008996,0.0164,1253.71,722.1,-0.8941,3156,0,18300,1
5724,3348480,1244.77,540,-0.9556,-0.009867,2.597627,0.549214,0.008996,0.0164,1253.61,721.9,-0.896,3156,0,18500,1
5725,3348480,1252.38,579,-0.9674,-0.009867,2.597627,0.549214,0.008996,0.0164,1254.52,702.6,-0.8945,3161,0,19450,1
5726,3350528,421.05,188,-1.0665,-0.014401,5.96878,0.442595,0.012342,0.0269,1246.33,699.0,-0.8976,1785,0,100,0
5727,3350528,1232.35,518,-1.0736,-0.014401,5.96878,0.442595,0.012342,0.0269,1246.25,698.6,-0.9007,3151,0,18450,1
5728,3350528,1301.58,564,-1.1222,-0.014401,5.96878,0.442595,0.012342,0.0269,1245.31,698.2,-0.9041,3156,1,19450,1
5729,3352576,1325.03,596,-1.1674,-0.013032,8.120969,0.410071,0.012378,0.033,1246.12,698.4,-0.9073,3161,1,18900,1
5730,3352576,1303.79,587,-1.231,-0.013032,8.120969,0.410071,0.012378,0.033,1246.02,697.9,-0.9104,3161,1,18700,1
5731,3352576,1251.25,577,-1.2864,-0.013032,8.120969,0.410071,0.012378,0.033,1245.94,697.9,-0.9139,3154,0,17800,1
5732,3352576,1221.58,574,-1.3146,-0.013032,8.120969,0.410071,0.012378,0.033,1244.7,697.8,-0.9177,3149,0,18200,1
5733,3354624,1251.64,530,-1.335,-0.015791,4.700125,0.511419,0.013859,0.0305,1244.19,697.4,-0.9223,3161,1,18900,1
5734,3354624,1394.32,629,-1.4044,-0.015791,4.700125,0.511419,0.013859,0.0305,1245.74,698.0,-0.9282,3154,1,21400,1
5735,3356672,1233.86,591,-1.4896,-0.012643,3.12685,0.612056,0.008243,0.0249,1245.63,698.4,-0.9353,3157,0,18150,1
5736,3356672,1253.16,559,-1.4894,-0.012643,3.12685,0.612056,0.008243,0.0249,1245.76,698.6,-0.9452,3154,1,18700,1
5737,3358720,1246.88,550,-1.3702,-0.004013,1.174403,0.909325,0.007304,0.0488,1247.71,679.8,-0.9461,3161,0,18750,1
5738,3358720,1242.94,541,-1.2948,-0.004013,1.174403,0.909325,0.007304,0.0488,1247.85,679.6,-0.9558,3152,0,18400,1
5739,3358720,466.87,203,-0.6032,-0.004013,1.174403,0.909325,0.007304,0.0488,1239.61,676.0,-0.959,2018,0,100,0
5740,3360768,1229.28,543,-0.5666,-0.003941,0.714529,1.043829,0.001895,0.0632,1239.55,676.0,-0.9618,3154,0,20050,1
5741,3360768,1236.69,547,-0.4602,-0.003941,0.714529,1.043829,0.001895,0.0632,1240.88,656.6,-0.9555,3152,0,18150,1
5742,3362816,1266.77,558,-0.3462,-0.003157,0.690731,1.134826,-0.002101,0.0168,1241.0,656.7,-0.9559,3153,1,18950,1
5743,3362816,1184.37,2544,-1.4167,-0.003157,0.690731,1.134826,-0.002101,0.0168,1240.5,677.0,-0.9673,3153,6,20950,1
5744,3362816,1256.02,548,-0.2963,-0.003157,0.690731,1.134826,-0.002101,0.0168,1240.0,676.8,-0.9666,3154,1,19250,1
5745,3364864,1247.61,528,-0.2793,-0.008253,0.947283,0.883384,0.009291,0.0686,1239.69,675.1,-0.9642,3150,1,18800,1
5746,3364864,1121.29,2463,-1.278,-0.008253,0.947283,0.883384,0.009291,0.0686,1237.55,694.1,-0.9733,3161,6,21550,1
5747,3364864,1380.31,601,-0.3372,-0.008253,0.947283,0.883384,0.009291,0.0686,1239.02,694.8,-0.9723,3161,2,20550,1
5748,3366912,1231.35,511,-0.3393,-0.009868,1.697863,0.697397,0.007251,0.0291,1238.96,694.5,-0.9712,3152,0,18750,1
5749,3368960,1231.81,522,-0.3456,-0.007012,0.760551,1.039635,0.005484,0.0295,1238.75,694.3,-0.9701,3161,0,18300,1
5750,3371008,1245.86,561,-0.0601,-0.004523,0.527949,1.420134,0.007364,0.0476,1240.18,674.9,-0.9606,3156,0,18150,1
5751,3373056,1102.31,2470,-0.8604,-0.004488,0.49245,1.367019,0.002347,0.0139,1238.61,694.3,-0.964,3155,4,19750,1
5752,3373056,1236.85,548,0.2242,-0.004488,0.49245,1.367019,0.002347,0.0139,1238.57,694.2,-0.9557,3154,0,18350,1
5753,3375104,1104.76,2503,-0.758,-0.005319,0.574476,1.140309,0.004899,0.053,1236.29,713.2,-0.9571,3157,4,18600,1
5754,3375104,1235.47,521,0.2457,-0.005319,0.574476,1.140309,0.004899,0.053,1236.3,713.1,-0.9479,3154,0,19850,1
5755,3375104,1236.55,535,0.227,-0.005319,0.574476,1.140309,0.004899,0.053,1236.31,713.1,-0.9371,3161,0,18500,1
5756,3375104,1054.18,2431,-0.6839,-0.005319,0.574476,1.140309,0.004899,0.053,1234.48,732.0,-0.9347,3161,4,20550,1
5757,3377152,1237.08,543,0.0488,-0.009587,2.166582,0.479738,0.010481,0.0508,1235.42,731.9,-0.9237,3161,0,18400,1
5758,3377152,1300.09,538,0.0109,-0.009587,2.166582,0.479738,0.010481,0.0508,1235.93,731.7,-0.9132,3152,1,19050,1
5759,3377152,1326.75,568,-0.0914,-0.009587,2.166582,0.479738,0.010481,0.0508,1235.81,731.4,-0.9046,3161,1,19150,1
5760,3379200,1373.61,728,-0.2039,-0.014868,4.81662,0.495174,0.017226,0.0515,1236.04,732.5,-0.8977,3155,1,20550,1
5761,3379200,1237.32,521,-0.2891,-0.014868,4.81662,0.495174,0.017226,0.0515,1235.17,731.9,-0.8929,3161,0,20050,1
5762,3379200,1294.23,607,-0.3899,-0.014868,4.81662,0.495174,0.017226,0.0515,1235.83,731.9,-0.8891,3156,2,20600,1
5763,3379200,1239.58,524,-0.4227,-0.014868,4.81662,0.495174,0.017226,0.0515,1235.35,728.7,-0.8848,3151,0,19850,1
5764,3381248,1247.31,561,-0.5386,-0.013623,7.331939,0.381306,0.01304,0.0381,1235.5,729.1,-0.8835,3161,0,18500,1
5765,3381248,1229.21,529,-0.7523,-0.013623,7.331939,0.381306,0.01304,0.0381,1235.27,729.1,-0.885,3157,0,18600,1
5766,3383296,1331.42,568,-0.822,-0.012863,1.372593,0.720906,0.010444,0.0457,1237.99,710.3,-0.8788,3152,2,19300,1
5767,3383296,1233.14,536,-0.8898,-0.012863,1.372593,0.720906,0.010444,0.0457,1238.06,710.2,-0.8814,3156,0,18500,1
5768,3385344,1239.2,551,-0.6994,-0.004351,0.750014,1.080347,0.003815,0.0359,1237.82,710.2,-0.8819,3155,0,18300,1
5769,3387392,1325.38,572,-0.2869,-0.007831,0.708136,1.064096,0.004415,0.0781,1238.75,710.5,-0.8772,3157,2,20750,1
5770,3387392,1259.64,524,-0.2065,-0.007831,0.708136,1.064096,0.004415,0.0781,1237.9,709.8,-0.8714,3161,2,19250,1
5771,3389440,1236.35,525,-0.1821,-0.008949,0.681719,1.088173,0.011004,0.0681,1237.9,709.6,-0.8651,3154,0,18500,1
5772,3389440,1092.99,2434,-1.1193,-0.008949,0.681719,1.088173,0.011004,0.0681,1235.75,728.1,-0.8676,3149,4,19550,1
5773,3389440,1228.44,577,-0.2149,-0.008949,0.681719,1.088173,0.011004,0.0681,1235.69,728.5,-0.8592,3161,0,21000,1
5774,3389440,1077.1,2471,-0.9207,-0.008949,0.681719,1.088173,0.011004,0.0681,1234.11,747.8,-0.8576,3151,0,18550,1
5775,3391488,1239.39,533,-0.1764,-0.007026,2.220831,0.497232,0.00837,0.0396,1234.05,747.5,-0.848,3157,0,18950,1
5776,3391488,1236.5,529,-0.2429,-0.007026,2.220831,0.497232,0.00837,0.0396,1234.05,747.2,-0.8384,3153,0,20050,1
5777,3393536,1245.32,822,-0.7632,-0.012022,0.876976,0.910772,0.013221,0.0574,1234.11,750.0,-0.8328,3154,1,19200,1
5778,3393536,1237.56,532,-0.3032,-0.012022,0.876976,0.910772,0.013221,0.0574,1233.91,749.9,-0.8222,3157,0,18100,1
5779,3395584,1337.11,568,-0.3062,-0.007838,0.761559,1.007384,0.002783,0.0237,1233.94,749.8,-0.8113,3154,1,20650,1
5780,3395584,1238.77,527,-0.2456,-0.007838,0.761559,1.007384,0.002783,0.0237,1234.34,749.4,-0.7995,3156,0,18500,1
5781,3397632,1249.74,533,-0.2275,-0.0085,0.696179,1.048192,0.010384,0.0869,1233.18,748.5,-0.7878,3153,0,18500,1
5782,3397632,1235.14,538,-0.2278,-0.0085,0.696179,1.048192,0.010384,0.0869,1232.98,748.1,-0.7763,3151,0,18950,1
5783,3397632,1106.19,2457,-0.8896,-0.0085,0.696179,1.048192,0.010384,0.0869,1231.62,767.0,-0.7742,3150,4,20850,1
5784,3399680,1314.63,561,-0.2563,-0.009715,0.807908,0.927693,0.008697,0.0581,1232.63,767.2,-0.7662,3156,2,19300,1
5785,3399680,1383.5,599,-0.2995,-0.009715,0.807908,0.927693,0.008697,0.0581,1232.61,766.9,-0.7596,3156,1,20450,1
5786,3401728,1332.76,586,-0.3126,-0.005561,1.405918,0.727441,0.000364,0.0222,1233.48,766.9,-0.7543,3151,1,18900,1
5787,3401728,1165.27,2507,-0.8932,-0.005561,1.405918,0.727441,0.000364,0.0222,1234.13,786.8,-0.7549,3161,5,22500,1
5788,3401728,1252.57,542,-0.353,-0.005561,1.405918,0.727441,0.000364,0.0222,1233.81,786.8,-0.7503,3149,0,18500,1
5789,3403776,1243.2,558,-0.4662,-0.014589,3.868617,0.402685,0.012975,0.0376,1232.32,786.3,-0.7472,3154,0,17950,1
5790,3403776,1237.15,526,-0.464,-0.014589,3.868617,0.402685,0.012975,0.0376,1232.4,784.0,-0.7436,3150,0,18500,1
5791,3403776,1300.43,561,-0.5739,-0.014589,3.868617,0.402685,0.012975,0.0376,1233.06,784.3,-0.7419,3154,1,20050,1
5792,3405824,1243.24,554,-0.7258,-0.012033,1.30826,0.645955,0.009692,0.0452,1231.54,783.8,-0.741,3157,1,18800,1
5793,3405824,1431.39,604,-0.7422,-0.012033,1.30826,0.645955,0.009692,0.0452,1232.68,783.8,-0.7398,3152,6,19950,1
5794,3405824,1240.16,534,-0.7164,-0.012033,1.30826,0.645955,0.009692,0.0452,1231.7,783.0,-0.7384,3151,0,18500,1
5795,3407872,1230.94,516,-0.7438,-0.00989,1.27744,0.631676,0.007154,0.0557,1230.57,782.3,-0.7373,3151,0,18650,1
5796,3407872,1327.27,574,-0.758,-0.00989,1.27744,0.631676,0.007154,0.0557,1231.52,782.8,-0.7366,3152,1,19350,1
5797,3407872,1236.9,520,-0.7365,-0.00989,1.27744,0.631676,0.007154,0.0557,1230.99,782.0,-0.7352,3149,0,19850,1
5798,3409920,1301.91,577,-0.7327,-0.009146,1.261834,0.664153,0.008497,0.0654,1231.68,782.3,-0.7339,3155,1,18750,1
5799,3409920,1245.55,547,-0.7299,-0.009146,1.261834,0.664153,0.008497,0.0654,1234.95,744.2,-0.7261,3153,1,18600,1
5800,3409920,1334.85,562,-0.7456,-0.009146,1.261834,0.664153,0.008497,0.0654,1235.98,744.2,-0.7248,3161,1,18900,1
5801,3409920,1056.96,2457,-1.3075,-0.009146,1.261834,0.664153,0.008497,0.0654,1232.76,762.6,-0.729,3152,4,18850,1
5802,3411968,1293.58,575,-0.8158,-0.008694,2.295462,0.463339,0.009314,0.0352,1233.3,763.1,-0.7281,3161,2,18900,1
5803,3411968,1236.58,531,-0.8213,-0.008694,2.295462,0.463339,0.009314,0.0352,1232.59,762.7,-0.7269,3155,0,18950,1
5804,3411968,1241.76,541,-0.8441,-0.008694,2.295462,0.463339,0.009314,0.0352,1232.71,762.8,-0.7257,3149,1,18700,1
5805,3414016,1245.8,523,-0.9292,-0.016915,1.910967,0.536792,0.015274,0.0513,1231.71,761.9,-0.7244,3151,0,18650,1
5806,3414016,1250.72,547,-0.9366,-0.016915,1.910967,0.536792,0.015274,0.0513,1231.62,761.3,-0.7222,3153,0,18650,1
5807,3414016,1327.4,549,-0.951,-0.016915,1.910967,0.536792,0.015274,0.0513,1232.49,761.2,-0.7199,3152,1,18950,1
5808,3416064,1235.88,529,-0.9057,-0.00969,1.309973,0.658597,0.007434,0.0657,1232.28,761.1,-0.7171,3161,0,18300,1
5809,3416064,1237.93,541,-0.8875,-0.00969,1.309973,0.658597,0.007434,0.0657,1232.28,761.2,-0.7128,3157,0,18350,1
5810,3416064,1318.9,574,-0.9035,-0.00969,1.309973,0.658597,0.007434,0.0657,1233.12,761.6,-0.7086,3154,2,19100,1
5811,3418112,1256.41,548,-0.8664,-0.007117,1.304909,0.660409,0.005861,0.0457,1233.16,761.6,-0.7039,3157,0,18850,1
5812,3418112,1232.7,544,-0.8645,-0.007117,1.304909,0.660409,0.005861,0.0457,1233.2,761.6,-0.7005,3161,0,18300,1
5813,3420160,1402.82,628,-0.8772,-0.0099,1.266915,0.71355,0.007458,0.0454,1234.75,762.5,-0.6975,3154,2,18850,1
5814,3420160,1118.4,2464,-1.5268,-0.0099,1.266915,0.71355,0.007458,0.0454,1232.48,781.1,-0.7015,3157,5,21050,1
5815,3420160,1250.98,529,-0.8578,-0.0099,1.266915,0.71355,0.007458,0.0454,1232.55,781.3,-0.7015,3153,1,18800,1
5816,3420160,1247.69,545,-0.8655,-0.0099,1.266915,0.71355,0.007458,0.0454,1231.64,780.7,-0.7015,3161,1,18400,1
5817,3422208,1332.8,580,-0.936,-0.013658,5.644494,0.3429,0.012024,0.0315,1232.57,780.9,-0.7024,3151,1,18750,1
5818,3422208,1233.89,508,-0.9443,-0.013658,5.644494,0.3429,0.012024,0.0315,1232.57,780.7,-0.7035,3156,0,21700,1
5819,3422208,1231.6,514,-1.0303,-0.013658,5.644494,0.3429,0.012024,0.0315,1233.88,761.0,-0.6977,3155,0,21700,1
5820,3424256,1236.26,555,-1.1276,-0.015721,7.994807,0.323521,0.014205,0.0474,1234.14,760.7,-0.7003,3157,0,18350,1
5821,3424256,1240.54,565,-1.2332,-0.015721,7.994807,0.323521,0.014205,0.0474,1234.26,760.8,-0.7041,3156,0,18450,1
5822,3424256,1398.79,606,-1.2371,-0.015721,7.994807,0.323521,0.014205,0.0474,1235.79,761.2,-0.7072,3154,1,18800,1
5823,3424256,1260.05,537,-1.3077,-0.015721,7.994807,0.323521,0.014205,0.0474,1235.9,760.9,-0.7108,3156,1,18850,1
5824,3426304,1263.86,551,-1.397,-0.013825,6.972539,0.392234,0.013617,0.0398,1236.09,761.0,-0.7152,3156,2,18700,1
5825,3426304,1249.75,539,-1.4817,-0.013825,6.972539,0.392234,0.013617,0.0398,1236.06,760.6,-0.7204,3161,0,18950,1
5826,3426304,1360.14,612,-1.4762,-0.013825,6.972539,0.392234,0.013617,0.0398,1245.45,764.9,-0.7245,3161,1,18550,1
5827,3426304,1250.89,548,-1.5504,-0.013825,6.972539,0.392234,0.013617,0.0398,1245.64,765.2,-0.7292,3156,0,18400,1
5828,3428352,1322.8,578,-1.6563,-0.015796,9.151678,0.357117,0.013498,0.0454,1245.85,765.3,-0.7346,3154,3,20950,1
5829,3428352,1237.4,536,-1.7122,-0.015796,9.151678,0.357117,0.013498,0.0454,1244.97,764.7,-0.74,3154,1,18950,1
5830,3428352,1249.61,545,-1.7269,-0.015796,9.151678,0.357117,0.013498,0.0454,1244.43,764.3,-0.745,3161,0,18400,1
5831,3428352,1259.98,542,-1.7599,-0.015796,9.151678,0.357117,0.013498,0.0454,1244.52,764.0,-0.7497,3161,1,18900,1
5832,3430400,1263.41,572,-1.8761,-0.012718,6.426908,0.378315,0.011505,0.0359,1244.94,763.9,-0.7553,3156,0,18150,1
5833,3430400,1127.39,517,-1.8604,-0.012718,6.426908,0.378315,0.011505,0.0359,1243.69,763.8,-0.7606,3153,1,18850,1
5834,3430400,1236.97,536,-1.9031,-0.012718,6.426908,0.378315,0.011505,0.0359,1242.12,762.9,-0.7656,3157,0,19850,1
5835,3430400,1232.2,519,-1.9365,-0.012718,6.426908,0.378315,0.011505,0.0359,1242.1,762.2,-0.77,3151,0,18650,1
5836,3432448,1252.7,532,-1.9951,-0.014461,7.858861,0.380406,0.015805,0.0337,1242.1,761.9,-0.7751,3153,1,18800,1
5837,3432448,1245.81,524,-2.0104,-0.014461,7.858861,0.380406,0.015805,0.0337,1242.09,761.6,-0.7815,3157,0,18600,1
5838,3432448,1256.75,543,-2.0338,-0.014461,7.858861,0.380406,0.015805,0.0337,1242.23,761.6,-0.7889,3149,2,18900,1
5839,3432448,1251.6,557,-2.0484,-0.014461,7.858861,0.380406,0.015805,0.0337,1250.07,765.2,-0.8033,3157,0,18250,1
5840,3434496,1271.73,561,-2.1157,-0.0139,9.319813,0.364397,0.016994,0.0474,1250.5,765.4,-0.8188,3151,2,18900,1
5841,3434496,1334.17,585,-2.1112,-0.0139,9.319813,0.364397,0.016994,0.0474,1251.47,765.8,-0.8353,3154,0,19350,1
5842,3436544,1249.94,579,-2.0638,-0.003342,1.698906,0.796689,0.010074,0.062,1251.31,766.0,-0.8525,3157,0,18200,1
5843,3436544,1237.48,528,-1.2822,-0.003342,1.698906,0.796689,0.010074,0.062,1251.84,745.8,-0.8512,3153,0,18500,1
5844,3438592,1235.61,535,-0.9124,-0.004557,1.339992,0.729468,0.003178,0.0186,1251.63,745.7,-0.8573,3154,0,20050,1
5845,3438592,1238.51,538,-0.8825,-0.004557,1.339992,0.729468,0.003178,0.0186,1251.54,745.8,-0.8634,3156,0,19750,1
5846,3440640,1250.92,552,-0.7946,-0.005461,0.763915,1.07353,0.007422,0.0435,1252.84,726.7,-0.8585,3153,1,18950,1
5847,3440640,1355.15,623,-0.4799,-0.005461,0.763915,1.07353,0.007422,0.0435,1252.59,726.9,-0.86,3156,2,18900,1
5848,3442688,1159.09,513,-0.3358,-0.010716,0.75502,1.055176,0.007568,0.0605,1251.86,726.9,-0.8599,3150,0,20500,1
5849,3442688,1117.6,2461,-1.5933,-0.010716,0.75502,1.055176,0.007568,0.0605,1250.72,746.3,-0.8724,3152,5,19750,1
5850,3444736,1263.77,552,-0.2963,-0.00483,1.292949,0.731854,0.003954,0.0344,1250.9,746.2,-0.8748,3161,0,18600,1
5851,3444736,1236.17,545,-0.3129,-0.00483,1.292949,0.731854,0.003954,0.0344,1252.24,727.0,-0.8693,3150,0,18950,1
5852,3444736,1259.38,571,-0.3394,-0.00483,1.292949,0.731854,0.003954,0.0344,1252.46,727.2,-0.8749,3157,2,18750,1
5853,3444736,1200.61,2503,-1.193,-0.00483,1.292949,0.731854,0.003954,0.0344,1253.42,727.2,-0.8793,3153,5,20050,1
5854,3446784,1234.98,550,-0.4064,-0.005975,1.451927,0.673327,0.006253,0.0203,1253.42,727.5,-0.8858,3149,0,18400,1
5855,3446784,1266.52,566,-0.4258,-0.005975,1.451927,0.673327,0.006253,0.0203,1253.72,727.8,-0.8923,3155,1,18450,1
5856,3446784,1222.95,570,-0.4411,-0.005975,1.451927,0.673327,0.006253,0.0203,1255.41,709.2,-0.8899,3154,0,18950,1
5857,3446784,1248.88,551,-0.4541,-0.005975,1.451927,0.673327,0.006253,0.0203,1255.52,709.2,-0.8949,3151,0,18500,1
5858,3448832,1309.56,598,-0.5351,-0.013705,5.544274,0.409167,0.011925,0.0237,1255.62,709.9,-0.9004,3161,2,18850,1
5859,3448832,1236.29,550,-0.5489,-0.013705,5.544274,0.409167,0.011925,0.0237,1254.71,709.7,-0.905,3161,0,18050,1
5860,3448832,1385.71,601,-0.5648,-0.013705,5.544274,0.409167,0.011925,0.0237,1254.83,708.4,-0.9086,3157,2,19100,1
5861,3448832,1237.54,536,-0.6089,-0.013705,5.544274,0.409167,0.011925,0.0237,1254.84,708.5,-0.9118,3155,0,18650,1
5862,3450880,1231.83,551,-0.7052,-0.011616,8.378268,0.402208,0.011645,0.0308,1254.21,708.0,-0.9149,3150,0,18950,1
5863,3450880,1273.02,560,-0.7312,-0.011616,8.378268,0.402208,0.011645,0.0308,1254.55,708.4,-0.918,3161,2,19950,1
5864,3450880,1251.07,571,-0.7659,-0.011616,8.378268,0.402208,0.011645,0.0308,1254.59,708.5,-0.9203,3156,1,18950,1
5865,3452928,1321.56,578,-0.8358,-0.017994,6.804171,0.414811,0.015013,0.042,1255.51,708.9,-0.9211,3156,3,19300,1
5866,3452928,1269.01,564,-0.9353,-0.017994,6.804171,0.414811,0.015013,0.042,1254.88,708.9,-0.9222,3156,2,18400,1
5867,3452928,1237.79,527,-0.9105,-0.017994,6.804171,0.414811,0.015013,0.042,1254.93,708.8,-0.9224,3155,0,18200,1
5868,3454976,1242.84,538,-0.9793,-0.010971,1.740883,0.636786,0.009429,0.0371,1254.97,708.7,-0.9252,3155,0,20150,1
5869,3454976,1236.4,526,-0.9374,-0.010971,1.740883,0.636786,0.009429,0.0371,1254.08,708.2,-0.9318,3151,0,19850,1
5870,3454976,1239.79,550,-0.9456,-0.010971,1.740883,0.636786,0.009429,0.0371,1253.88,708.5,-0.9391,3161,0,18000,1
5871,3457024,1237.87,536,-0.9256,-0.005911,1.280643,0.754558,0.001888,0.0166,1253.89,708.6,-0.9466,3154,0,19850,1
5872,3457024,1311.4,557,-0.8762,-0.005911,1.280643,0.754558,0.001888,0.0166,1256.08,689.8,-0.9441,3157,1,19050,1
5873,3459072,1237.61,567,-0.8157,-0.006964,0.923552,0.947197,0.004541,0.021,1256.17,689.7,-0.9502,3161,0,18100,1
5874,3459072,1234.62,546,-0.6837,-0.006964,0.923552,0.947197,0.004541,0.021,1257.75,670.5,-0.9478,3156,0,18950,1
5875,3461120,1107.69,2462,-1.3911,-0.006591,0.702562,1.120067,0.006228,0.0459,1256.43,689.8,-0.9599,3153,4,19750,1
5876,3461120,1240.55,558,-0.5654,-0.006591,0.702562,1.120067,0.006228,0.0459,1256.47,690.0,-0.9632,3154,0,17950,1
5877,3463168,1381.64,627,-0.455,-0.004255,1.294342,0.795246,0.001504,0.0193,1257.83,688.1,-0.9601,3161,2,19200,1
5878,3463168,1242.41,550,-0.4168,-0.004255,1.294342,0.795246,0.001504,0.0193,1257.88,688.3,-0.9612,3153,0,18600,1
5879,3463168,469.87,212,-0.4354,-0.004255,1.294342,0.795246,0.001504,0.0193,1249.21,684.7,-0.9625,2018,0,200,0
5880,3465216,1338.36,590,-0.4829,-0.011308,0.830517,0.936639,0.011183,0.0637,1250.2,685.4,-0.9649,3152,2,20650,1
5881,3465216,1100.59,2465,-1.1276,-0.011308,0.830517,0.936639,0.011183,0.0637,1248.71,704.7,-0.9739,3152,4,19200,1
5882,3467264,1235.55,525,-0.4293,-0.006704,0.895013,0.880348,0.005677,0.032,1248.72,704.5,-0.9759,3161,0,18200,1
5883,3467264,1240.89,543,-0.4383,-0.006704,0.895013,0.880348,0.005677,0.032,1250.06,685.4,-0.9714,3157,0,18300,1
5884,3469312,1340.74,600,-0.4313,-0.006229,0.692613,1.061409,0.006288,0.0376,1250.32,685.8,-0.9731,3153,0,18750,1
5885,3469312,1238.26,531,-0.3782,-0.006229,0.692613,1.061409,0.006288,0.0376,1248.87,685.1,-0.9739,3161,0,18950,1
5886,3471360,1098.19,2464,-0.9704,-0.006236,0.698215,1.063267,-0.000907,0.0288,1246.53,703.9,-0.9805,3153,4,19550,1
5887,3471360,1341.97,586,-0.3703,-0.006236,0.698215,1.063267,-0.000907,0.0288,1248.29,684.7,-0.9753,3154,3,19400,1
5888,3471360,1335.61,597,-0.3758,-0.006236,0.698215,1.063267,-0.000907,0.0288,1249.12,685.2,-0.9755,3156,1,19550,1
5889,3473408,1334.63,566,-0.3941,-0.012487,1.179761,0.765007,0.010506,0.0786,1250.04,685.3,-0.9748,3155,3,20850,1
5890,3473408,1099.97,2447,-0.9242,-0.012487,1.179761,0.765007,0.010506,0.0786,1248.67,704.5,-0.9794,3157,4,20850,1
5891,3475456,1241.74,545,-0.5161,-0.011391,1.435614,0.745224,0.010289,0.0393,1248.08,704.4,-0.9788,3155,0,18950,1
5892,3475456,1243.69,533,-0.5408,-0.011391,1.435614,0.745224,0.010289,0.0393,1248.08,704.1,-0.9769,3153,0,19850,1
5893,3475456,1313.96,1076,-0.7608,-0.011391,1.435614,0.745224,0.010289,0.0393,1246.91,708.9,-0.9771,3150,2,19850,1
5894,3475456,1535.62,1046,-0.8683,-0.011391,1.435614,0.745224,0.010289,0.0393,1249.86,714.0,-0.9787,3156,3,19500,1
5895,3477504,1245.55,584,-0.6052,-0.009649,1.130458,0.749488,0.013997,0.0696,1250.01,714.7,-0.9773,3153,1,21400,1
5896,3477504,1264.65,585,-0.5952,-0.009649,1.130458,0.749488,0.013997,0.0696,1249.38,714.8,-0.9756,3157,1,18000,1
5897,3477504,1330.82,619,-0.6276,-0.009649,1.130458,0.749488,0.013997,0.0696,1250.32,715.8,-0.9746,3157,2,21350,1
5898,3479552,1353.28,601,-0.7001,-0.011633,2.41836,0.55696,0.008223,0.0227,1250.84,716.0,-0.9742,3161,2,19000,1
5899,3479552,1232.45,516,-0.6877,-0.011633,2.41836,0.55696,0.008223,0.0227,1250.71,715.7,-0.9738,3152,0,18600,1
5900,3479552,1242.72,550,-0.7225,-0.011633,2.41836,0.55696,0.008223,0.0227,1249.78,715.6,-0.9736,3151,0,18300,1
5901,3481600,1236.01,542,-0.7761,-0.008735,1.293287,0.703894,0.00314,0.0176,1251.58,696.4,-0.9683,3154,0,18950,1
5902,3481600,1303.47,558,-0.7767,-0.008735,1.293287,0.703894,0.00314,0.0176,1251.67,696.3,-0.9679,3156,1,19450,1
5903,3481600,1262.62,553,-0.7814,-0.008735,1.293287,0.703894,0.00314,0.0176,1251.93,696.5,-0.9675,3154,0,19050,1
5904,3483648,1247.02,522,-0.7672,-0.00562,1.296626,0.730365,0.004582,0.0293,1251.99,696.3,-0.9667,3157,0,18650,1
5905,3485696,629.03,275,-0.6638,-0.008013,0.918943,0.883326,0.005642,0.0183,1245.82,693.8,-0.964,2750,0,100,0
5906,3485696,1103.2,2452,-1.3494,-0.008013,0.918943,0.883326,0.005642,0.0183,1244.34,712.9,-0.9682,3153,4,19400,1
5907,3487744,1251.61,543,-0.4473,-0.005703,0.631096,1.162328,0.009262,0.0356,1243.59,712.8,-0.9631,3155,0,18100,1
5908,3487744,1234.64,530,-0.2809,-0.005703,0.631096,1.162328,0.009262,0.0356,1243.57,712.8,-0.9569,3151,0,19850,1
5909,3489792,1238.99,538,-0.1529,-0.006613,0.690564,1.079487,0.009576,0.0857,1243.58,712.8,-0.9495,3161,0,18950,1
5910,3489792,1238.74,535,-0.1487,-0.006613,0.690564,1.079487,0.009576,0.0857,1242.78,712.4,-0.942,3149,0,18400,1
5911,3491840,1098.17,2455,-0.9969,-0.005406,0.682462,1.08512,0.003411,0.0271,1241.2,731.5,-0.9433,3150,4,19200,1
5912,3491840,1344.48,592,-0.1857,-0.005406,0.682462,1.08512,0.003411,0.0271,1242.32,731.9,-0.9365,3161,2,18750,1
5913,3491840,1116.04,2458,-0.9474,-0.005406,0.682462,1.08512,0.003411,0.0271,1239.45,750.2,-0.9372,3149,5,19650,1
5914,3493888,1408.8,628,-0.1955,-0.006089,1.454976,0.672306,0.003912,0.0396,1242.35,731.9,-0.9239,3157,3,19350,1
5915,3493888,1247.58,519,-0.2343,-0.006089,1.454976,0.672306,0.003912,0.0396,1242.32,731.8,-0.9177,3150,0,18650,1
5916,3493888,1253.62,549,-0.2578,-0.006089,1.454976,0.672306,0.003912,0.0396,1242.38,731.8,-0.9116,3161,1,19150,1
5917,3493888,1256.84,537,-0.2853,-0.006089,1.454976,0.672306,0.003912,0.0396,1241.62,731.4,-0.9051,3149,1,20350,1
5918,3495936,1237.97,518,-0.3072,-0.01195,10.807777,0.294388,0.012235,0.0349,1241.66,731.5,-0.8987,3149,0,18600,1
5919,3495936,1235.41,524,-0.4831,-0.01195,10.807777,0.294388,0.012235,0.0349,1241.7,731.6,-0.8932,3152,0,20050,1
5920,3495936,1234.78,534,-0.5164,-0.01195,10.807777,0.294388,0.012235,0.0349,1241.68,731.4,-0.8871,3157,0,18900,1
5921,3495936,1238.5,529,-0.6112,-0.01195,10.807777,0.294388,0.012235,0.0349,1241.66,731.0,-0.8809,3149,0,18500,1
5922,3497984,1229.43,527,-0.7108,-0.013715,9.775546,0.306742,0.015867,0.0476,1239.97,730.2,-0.8756,3156,0,18100,1
5923,3497984,1231.1,531,-0.8694,-0.013715,9.775546,0.306742,0.015867,0.0476,1239.68,730.2,-0.8713,3152,0,19850,1
5924,3497984,1235.39,520,-0.8882,-0.013715,9.775546,0.306742,0.015867,0.0476,1239.4,729.9,-0.8662,3151,0,18650,1
5925,3497984,1237.63,526,-0.9509,-0.013715,9.775546,0.306742,0.015867,0.0476,1239.27,729.7,-0.8609,3154,0,18400,1
5926,3500032,1330.68,593,-1.0531,-0.015211,9.23374,0.340568,0.014204,0.0386,1238.98,729.5,-0.8566,3152,0,19150,1
5927,3500032,1227.6,523,-1.1795,-0.015211,9.23374,0.340568,0.014204,0.0386,1238.75,729.3,-0.8529,3150,0,21700,1
5928,3500032,1329.32,553,-1.1828,-0.015211,9.23374,0.340568,0.014204,0.0386,1238.81,729.0,-0.8482,3161,2,19450,1
5929,3502080,1331.19,584,-1.2602,-0.016213,8.208781,0.380551,0.012144,0.0415,1239.75,729.5,-0.8437,3149,1,18800,1
5930,3502080,1242.41,540,-1.3308,-0.016213,8.208781,0.380551,0.012144,0.0415,1239.68,729.5,-0.8397,3157,0,19550,1
5931,3502080,1293.59,538,-1.423,-0.016213,8.208781,0.380551,0.012144,0.0415,1240.01,729.4,-0.8363,3156,2,19050,1
5932,3502080,1388.93,602,-1.4387,-0.016213,8.208781,0.380551,0.012144,0.0415,1241.27,729.7,-0.832,3153,1,18350,1
5933,3504128,1252.77,573,-1.5057,-0.01277,7.275161,0.407926,0.011269,0.0383,1242.52,730.3,-0.8284,3157,0,18250,1
5934,3504128,1254.82,535,-1.5466,-0.01277,7.275161,0.407926,0.011269,0.0383,1242.7,730.3,-0.8249,3151,2,20450,1
5935,3504128,1235.36,555,-1.6091,-0.01277,7.275161,0.407926,0.011269,0.0383,1242.73,730.6,-0.8216,3161,0,18150,1
5936,3506176,1263.78,567,-1.6449,-0.016402,8.098213,0.389086,0.014473,0.0376,1242.84,731.0,-0.8181,3156,2,21600,1
5937,3506176,1180.41,508,-1.6735,-0.016402,8.098213,0.389086,0.014473,0.0376,1242.19,730.8,-0.8147,3161,0,18150,1
5938,3506176,1328.27,591,-1.6901,-0.016402,8.098213,0.389086,0.014473,0.0376,1242.91,731.3,-0.8113,3156,3,19350,1
5939,3508224,1232.66,521,-1.4651,-0.003679,1.460515,0.767682,0.008452,0.0413,1242.72,731.0,-0.8054,3152,0,21700,1
5940,3508224,1232.73,572,-1.4643,-0.003679,1.460515,0.767682,0.008452,0.0413,1242.33,731.1,-0.7989,3155,0,18100,1
5941,3508224,918.9,383,-0.9736,-0.003679,1.460515,0.767682,0.008452,0.0413,1238.17,729.0,-0.7875,2751,0,100,0
5942,3510272,1240.14,587,-0.911,-0.005611,1.255556,0.700047,0.004232,0.0127,1238.08,729.1,-0.776,3152,0,18250,1
5943,3510272,1308.0,560,-0.8792,-0.005611,1.255556,0.700047,0.004232,0.0127,1238.78,729.4,-0.772,3156,2,20750,1
5944,3510272,1253.5,523,-0.8641,-0.005611,1.255556,0.700047,0.004232,0.0127,1238.96,729.3,-0.7715,3157,2,18750,1
5945,3512320,1271.54,577,-0.8581,-0.007496,1.237226,0.754226,0.00375,0.0239,1239.29,729.7,-0.7713,3161,2,21300,1
5946,3512320,1185.66,2492,-1.6029,-0.007496,1.237226,0.754226,0.00375,0.0239,1238.64,749.1,-0.7793,3155,6,19950,1
5947,3512320,1252.17,563,-0.8546,-0.007496,1.237226,0.754226,0.00375,0.0239,1237.61,748.5,-0.7831,3154,0,18100,1
5948,3514368,1241.0,540,-0.7748,-0.008848,0.982288,0.894284,0.006047,0.0215,1238.43,748.8,-0.7875,3154,0,20050,1
5949,3514368,1246.89,539,-0.7646,-0.008848,0.982288,0.894284,0.006047,0.0215,1239.72,729.6,-0.7792,3161,1,18950,1
5950,3514368,1249.27,545,-0.7563,-0.008848,0.982288,0.894284,0.006047,0.0215,1239.57,729.5,-0.7838,3155,0,18950,1
5951,3516416,1251.41,541,-0.7664,-0.005046,1.304829,0.754735,0.00177,0.0112,1239.73,729.5,-0.7883,3156,0,18950,1
5952,3516416,1237.49,527,-0.7589,-0.005046,1.304829,0.754735,0.00177,0.0112,1239.51,729.0,-0.7925,3149,0,20050,1
5953,3516416,1230.6,532,-0.7652,-0.005046,1.304829,0.754735,0.00177,0.0112,1239.81,709.3,-0.7882,3153,0,18650,1
5954,3518464,1245.02,529,-0.7917,-0.007282,1.301474,0.724669,0.003814,0.0295,1239.91,709.1,-0.7921,3153,0,18700,1
5955,3518464,1242.4,580,-0.8169,-0.007282,1.301474,0.724669,0.003814,0.0295,1239.67,709.2,-0.796,3156,0,19450,1
5956,3520512,1099.1,2482,-1.3182,-0.005259,1.289322,0.778596,0.002643,0.021,1238.43,728.4,-0.8048,3157,4,20350,1
5957,3520512,1236.06,534,-0.8099,-0.005259,1.289322,0.778596,0.002643,0.021,1238.3,728.2,-0.8083,3154,0,18500,1
5958,3520512,627.85,269,-0.8418,-0.005259,1.289322,0.778596,0.002643,0.021,1231.48,724.9,-0.8114,2747,0,100,0
5959,3522560,1350.24,612,-0.8414,-0.010056,1.232243,0.725338,0.009158,0.0337,1232.62,725.5,-0.8143,3161,1,19100,1
5960,3522560,1250.45,525,-0.8507,-0.010056,1.232243,0.725338,0.009158,0.0337,1231.27,724.8,-0.8172,3156,1,18850,1
5961,3522560,1251.24,546,-0.8507,-0.010056,1.232243,0.725338,0.009158,0.0337,1231.41,724.9,-0.8196,3155,0,18500,1
5962,3524608,1381.84,589,-0.8645,-0.005222,1.33131,0.721648,0.002557,0.019,1232.91,725.2,-0.8212,3153,3,20850,1
5963,3524608,1230.32,527,-0.8698,-0.005222,1.33131,0.721648,0.002557,0.019,1232.48,724.9,-0.8226,3154,0,18650,1
5964,3526656,1183.71,591,-0.9488,-0.007008,1.272196,0.79761,0.002052,0.02,1231.81,725.1,-0.8244,3161,2,18600,1
5965,3526656,1232.96,525,-0.8598,-0.007008,1.272196,0.79761,0.002052,0.02,1230.92,724.6,-0.8247,3151,0,21700,1
5966,3526656,1216.93,2517,-1.3579,-0.007008,1.272196,0.79761,0.002052,0.02,1230.4,744.1,-0.8289,3150,6,20100,1
5967,3526656,1243.99,549,-0.8495,-0.007008,1.272196,0.79761,0.002052,0.02,1230.46,744.3,-0.8283,3161,1,18600,1
5968,3528704,1235.81,541,-0.8453,-0.00732,1.215138,0.718876,0.006421,0.0215,1230.39,744.4,-0.8269,3150,0,18950,1
5969,3528704,1257.08,527,-0.8472,-0.00732,1.215138,0.718876,0.006421,0.0215,1230.6,744.4,-0.826,3161,0,21700,1
5970,3528704,1250.22,545,-0.8502,-0.00732,1.215138,0.718876,0.006421,0.0215,1230.7,744.3,-0.8251,3150,0,18600,1
5971,3530752,1250.43,553,-0.8642,-0.010128,1.274169,0.719219,0.00592,0.0181,1230.83,744.5,-0.8245,3150,0,18350,1
5972,3530752,1273.23,554,-0.8751,-0.010128,1.274169,0.719219,0.00592,0.0181,1230.45,744.5,-0.8244,3153,2,19000,1
5973,3532800,1235.47,546,-0.8797,-0.00424,1.313275,0.697983,0.002109,0.0137,1230.43,744.2,-0.8251,3151,0,18350,1
5974,3532800,1386.29,614,-0.8924,-0.00424,1.313275,0.697983,0.002109,0.0137,1231.94,744.9,-0.8272,3161,2,18700,1
5975,3532800,1239.13,533,-0.887,-0.00424,1.313275,0.697983,0.002109,0.0137,1233.26,725.6,-0.8221,3157,0,20050,1
5976,3534848,1232.79,555,-0.9063,-0.00615,1.260382,0.743105,0.003816,0.0271,1233.18,725.6,-0.8255,3155,0,18550,1
5977,3534848,1236.39,535,-0.902,-0.00615,1.260382,0.743105,0.003816,0.0271,1231.73,724.7,-0.83,3150,0,18400,1
5978,3534848,1092.71,2460,-1.3687,-0.00615,1.260382,0.743105,0.003816,0.0271,1230.23,743.8,-0.8395,3149,4,19400,1
5979,3536896,1235.58,542,-0.9016,-0.011237,2.304299,0.524012,0.009258,0.0308,1237.89,747.1,-0.8442,3161,0,18400,1
5980,3536896,1258.08,536,-0.9134,-0.011237,2.304299,0.524012,0.009258,0.0308,1237.08,746.5,-0.8485,3153,1,18800,1
5981,3536896,1248.45,547,-0.9761,-0.011237,2.304299,0.524012,0.009258,0.0308,1238.56,727.4,-0.847,3161,0,18500,1
5982,3536896,1330.9,571,-1.0056,-0.011237,2.304299,0.524012,0.009258,0.0308,1239.52,727.8,-0.8528,3153,2,19000,1
5983,3538944,1411.64,603,-1.051,-0.01183,9.197191,0.380122,0.01115,0.0334,1241.22,728.4,-0.8589,3157,4,21350,1
5984,3538944,1329.97,578,-1.069,-0.01183,9.197191,0.380122,0.01115,0.0334,1241.12,728.2,-0.8653,3151,2,20650,1
5985,3538944,1247.86,532,-1.1636,-0.01183,9.197191,0.380122,0.01115,0.0334,1241.21,728.2,-0.8731,3150,0,20050,1
5986,3540992,1302.15,558,-1.2199,-0.012409,10.199578,0.346098,0.012252,0.0366,1243.25,709.1,-0.8756,3161,3,19350,1
5987,3540992,1240.09,549,-1.2591,-0.012409,10.199578,0.346098,0.012252,0.0366,1242.23,708.8,-0.8845,3161,0,18750,1
5988,3540992,1231.57,544,-1.301,-0.012409,10.199578,0.346098,0.012252,0.0366,1241.19,708.2,-0.8937,3154,0,18750,1
5989,3540992,1236.38,543,-1.374,-0.012409,10.199578,0.346098,0.012252,0.0366,1240.21,708.0,-0.9035,3151,0,18500,1
5990,3543040,1233.75,539,-1.4321,-0.013942,5.884637,0.375892,0.011803,0.0327,1241.55,688.9,-0.9086,3155,0,18500,1
5991,3543040,1236.81,546,-1.4659,-0.013942,5.884637,0.375892,0.011803,0.0327,1241.5,689.0,-0.9181,3155,0,17900,1
5992,3543040,1301.26,587,-1.4822,-0.013942,5.884637,0.375892,0.011803,0.0327,1242.07,689.5,-0.9275,3155,3,18750,1
5993,3543040,1245.86,529,-1.5487,-0.013942,5.884637,0.375892,0.011803,0.0327,1241.39,684.0,-0.9354,3161,0,18700,1
5994,3545088,1187.29,505,-1.5667,-0.015688,8.475195,0.319111,0.014606,0.0374,1237.91,678.6,-0.9424,3157,0,18350,1
5995,3545088,1245.03,525,-1.6416,-0.015688,8.475195,0.319111,0.014606,0.0374,1237.9,678.0,-0.9528,3149,0,18600,1
5996,3545088,1235.9,544,-1.6555,-0.015688,8.475195,0.319111,0.014606,0.0374,1237.62,677.6,-0.9634,3161,0,18350,1
5997,3547136,1334.63,566,-1.8243,-0.011974,5.378303,0.37122,0.010693,0.0327,1237.65,677.1,-0.9753,3150,1,19100,1
5998,3547136,1250.48,525,-1.8534,-0.011974,5.378303,0.37122,0.010693,0.0327,1236.63,676.3,-0.9869,3161,2,18550,1
5999,3547136,1247.74,564,-1.8751,-0.011974,5.378303,0.37122,0.010693,0.0327,1236.78,676.8,-0.9987,3149,0,18150,1
6000,3549184,1232.72,537,-1.6634,-0.00391,1.525246,0.763947,0.007068,0.064,1236.68,676.7,-1.0081,3155,0,21700,1
6001,3549184,1392.93,631,-1.3974,-0.00391,1.525246,0.763947,0.007068,0.064,1238.25,677.6,-1.0144,3151,0,18800,1
6002,3551232,1248.16,530,-0.7441,-0.006084,0.885438,0.941494,0.003393,0.033,1237.7,677.3,-1.014,3150,1,21900,1
6003,3551232,1237.38,532,-0.6492,-0.006084,0.885438,0.941494,0.003393,0.033,1237.44,677.1,-1.0127,3154,0,18600,1
6004,3553280,1231.29,554,-0.5092,-0.005602,0.699066,1.082227,0.003549,0.0244,1237.29,677.4,-1.0101,3153,0,18950,1
6005,3553280,1330.96,567,-0.4657,-0.005602,0.699066,1.082227,0.003549,0.0244,1244.3,680.3,-1.0081,3150,1,19350,1
6006,3553280,1097.11,2475,-1.6737,-0.005602,0.699066,1.082227,0.003549,0.0244,1244.24,680.5,-1.0114,3155,4,19000,1
6007,3555328,1239.82,530,-0.4122,-0.00577,0.870508,0.948381,0.000561,0.0212,1244.13,680.4,-1.011,3154,1,18850,1
6008,3555328,1240.57,535,-0.413,-0.00577,0.870508,0.948381,0.000561,0.0212,1244.19,680.5,-1.0124,3154,0,18950,1
6009,3555328,1225.93,536,-0.4215,-0.00577,0.870508,0.948381,0.000561,0.0212,1244.05,680.4,-1.015,3150,0,18650,1
6010,3557376,1094.51,2458,-1.1669,-0.005623,1.29637,0.7305,0.003449,0.0166,1242.61,699.7,-1.0252,3151,4,19400,1
6011,3557376,1345.06,600,-0.5019,-0.005623,1.29637,0.7305,0.003449,0.0166,1245.08,681.1,-1.0203,3151,1,19600,1
6012,3557376,1347.71,586,-0.5255,-0.005623,1.29637,0.7305,0.003449,0.0166,1245.11,681.1,-1.0237,3149,3,19600,1
6013,3559424,1245.25,534,-0.5931,-0.012228,2.161373,0.585778,0.010069,0.0256,1246.41,661.8,-1.0201,3151,0,18600,1
6014,3559424,1233.29,537,-0.6039,-0.012228,2.161373,0.585778,0.010069,0.0256,1244.65,660.9,-1.0242,3153,0,18500,1
6015,3561472,1235.08,534,-0.6506,-0.00686,1.321058,0.689496,0.004552,0.012,1244.53,661.1,-1.0284,3161,0,18500,1
6016,3561472,1238.51,522,-0.6645,-0.00686,1.321058,0.689496,0.004552,0.012,1244.37,660.8,-1.0324,3150,0,19850,1
6017,3561472,1238.05,551,-0.6901,-0.00686,1.321058,0.689496,0.004552,0.012,1244.19,660.9,-1.0365,3153,0,20050,1
6018,3563520,1230.68,539,-0.6854,-0.005048,1.297607,0.70751,0.002897,0.0183,1244.11,661.1,-1.0403,3157,0,18200,1
6019,3563520,1242.97,566,-0.688,-0.005048,1.297607,0.70751,0.002897,0.0183,1244.19,661.6,-1.0423,3156,0,21200,1
6020,3565568,1368.56,589,-0.6845,-0.005476,1.075179,0.826731,0.004323,0.0256,1245.53,662.1,-1.044,3150,0,19200,1
6021,3565568,1099.7,2451,-1.3039,-0.005476,1.075179,0.826731,0.004323,0.0256,1244.14,681.3,-1.0509,3154,4,19450,1
6022,3565568,1247.56,531,-0.659,-0.005476,1.075179,0.826731,0.004323,0.0256,1244.32,681.4,-1.0504,3150,0,20050,1
6023,3567616,1177.2,525,-0.6409,-0.00909,1.0853,0.742674,0.006554,0.0261,1243.78,681.3,-1.0481,3154,0,18300,1
6024,3567616,1213.55,562,-0.6631,-0.00909,1.0853,0.742674,0.006554,0.0261,1243.56,681.7,-1.0459,3161,0,18600,1
6025,3567616,1252.6,538,-0.6362,-0.00909,1.0853,0.742674,0.006554,0.0261,1243.71,681.9,-1.0427,3153,0,18600,1
6026,3567616,649.88,279,-0.644,-0.00909,1.0853,0.742674,0.006554,0.0261,1236.9,678.7,-1.0386,2759,0,200,0
6027,3569664,1235.91,526,-0.6518,-0.006468,1.236625,0.720099,0.005297,0.0237,1236.99,678.7,-1.0334,3156,0,18500,1
6028,3569664,1295.56,560,-0.6661,-0.006468,1.236625,0.720099,0.005297,0.0237,1236.65,678.8,-1.0282,3153,1,20350,1
6029,3569664,1385.1,604,-0.6721,-0.006468,1.236625,0.720099,0.005297,0.0237,1237.19,679.0,-1.0223,3153,1,19000,1
6030,3571712,1104.75,2483,-1.2827,-0.009372,1.308458,0.764109,0.007418,0.0554,1235.81,698.4,-1.0218,3150,4,19100,1
6031,3571712,1240.13,530,-0.697,-0.009372,1.308458,0.764109,0.007418,0.0554,1235.28,698.4,-1.0146,3161,0,18150,1
6032,3571712,1307.07,584,-0.7002,-0.009372,1.308458,0.764109,0.007418,0.0554,1234.46,698.2,-1.0072,3161,2,18850,1
6033,3573760,1245.85,546,-0.6949,-0.008405,2.12589,0.537235,0.006407,0.0186,1234.39,697.9,-0.9991,3155,0,18200,1
6034,3573760,1229.03,508,-0.7486,-0.008405,2.12589,0.537235,0.006407,0.0186,1234.13,697.6,-0.9911,3161,0,18750,1
6035,3573760,1241.17,546,-0.7802,-0.008405,2.12589,0.537235,0.006407,0.0186,1234.19,697.5,-0.9828,3161,0,18400,1
6036,3575808,1236.36,526,-0.7968,-0.011515,2.871611,0.434308,0.009994,0.0312,1233.92,697.1,-0.9743,3161,0,18650,1
6037,3575808,1249.9,532,-0.8809,-0.011515,2.871611,0.434308,0.009994,0.0312,1234.61,697.4,-0.9664,3153,0,21700,1
6038,3577856,1238.3,543,-0.9097,-0.008198,1.304933,0.704416,0.00608,0.0261,1233.71,696.9,-0.9586,3157,0,18950,1
6039,3577856,1241.25,545,-0.91,-0.008198,1.304933,0.704416,0.00608,0.0261,1233.8,697.1,-0.9531,3161,0,18500,1
6040,3577856,1246.81,534,-0.8548,-0.008198,1.304933,0.704416,0.00608,0.0261,1233.94,696.8,-0.947,3152,0,19950,1
6041,3579904,1248.8,532,-0.8323,-0.00438,1.282923,0.736689,0.003013,0.0352,1237.24,698.2,-0.9455,3157,2,22100,1
6042,3579904,1384.93,620,-0.836,-0.00438,1.282923,0.736689,0.003013,0.0352,1238.69,698.6,-0.9448,3161,2,18550,1
6043,3579904,1299.01,549,-0.8288,-0.00438,1.282923,0.736689,0.003013,0.0352,1238.6,698.5,-0.9443,3161,1,19150,1
6044,3581952,1238.97,533,-0.8158,-0.006562,1.260578,0.730115,0.003604,0.0215,1238.45,698.6,-0.9438,3154,0,18650,1
6045,3581952,1255.35,563,-0.8268,-0.006562,1.260578,0.730115,0.003604,0.0215,1238.29,698.4,-0.9435,3156,0,18000,1
6046,3581952,1118.98,2471,-1.5181,-0.006562,1.260578,0.730115,0.003604,0.0215,1237.62,698.2,-0.9427,3157,6,19950,1
6047,3581952,1331.11,569,-0.8334,-0.006562,1.260578,0.730115,0.003604,0.0215,1238.41,698.3,-0.9424,3156,1,20550,1
6048,3584000,1235.13,546,-0.8694,-0.007642,3.223876,0.47127,0.00828,0.0205,1238.35,698.3,-0.9434,3161,0,18350,1
6049,3584000,1234.67,531,-0.8941,-0.007642,3.223876,0.47127,0.00828,0.0205,1238.23,698.3,-0.9447,3154,0,18600,1
6050,3584000,1242.16,566,-0.938,-0.007642,3.223876,0.47127,0.00828,0.0205,1238.16,698.5,-0.9465,3157,0,20700,1
6051,3584000,1337.93,573,-0.9644,-0.007642,3.223876,0.47127,0.00828,0.0205,1239.02,698.8,-0.9485,3150,1,19250,1
6052,3586048,1240.65,530,-1.0492,-0.013993,7.74491,0.374346,0.012147,0.0327,1239.06,698.8,-0.9514,3153,0,18650,1
6053,3586048,1253.7,555,-1.1475,-0.013993,7.74491,0.374346,0.012147,0.0327,1239.29,699.0,-0.9552,3154,1,19250,1
6054,3586048,1232.2,510,-1.1854,-0.013993,7.74491,0.374346,0.012147,0.0327,1239.16,698.9,-0.9591,3150,0,21500,1
6055,3588096,1241.65,524,-1.2122,-0.009509,2.026148,0.539666,0.00891,0.0369,1239.15,698.3,-0.9631,3153,0,18300,1
6056,3590144,1257.69,562,-1.233,-0.008026,1.318672,0.738959,0.006422,0.0215,1240.74,679.1,-0.9622,3152,1,18250,1
6057,3590144,1342.77,593,-1.2303,-0.008026,1.318672,0.738959,0.006422,0.0215,1241.8,679.7,-0.9664,3154,2,19450,1
6058,3590144,1252.05,549,-1.1169,-0.008026,1.318672,0.738959,0.006422,0.0215,1248.05,682.5,-0.9692,3154,0,18350,1
6059,3592192,1248.93,540,-0.92,-0.006057,1.345819,0.703052,0.002685,0.0244,1247.03,681.8,-0.97,3152,1,18200,1
6060,3592192,1386.14,594,-0.9192,-0.006057,1.345819,0.703052,0.002685,0.0244,1248.39,682.5,-0.9707,3153,1,20950,1
6061,3592192,1231.69,527,-0.9201,-0.006057,1.345819,0.703052,0.002685,0.0244,1248.19,682.3,-0.9714,3155,0,18650,1
6062,3594240,1107.73,2458,-1.6049,-0.00856,1.259316,0.725934,0.009738,0.0576,1245.45,701.0,-0.9788,3156,5,19650,1
6063,3594240,1287.77,551,-0.9113,-0.00856,1.259316,0.725934,0.009738,0.0576,1246.03,701.2,-0.9792,3156,3,19050,1
6064,3594240,1341.4,613,-0.9219,-0.00856,1.259316,0.725934,0.009738,0.0576,1247.6,701.4,-0.9789,3161,3,19600,1
6065,3594240,1238.18,525,-0.8905,-0.00856,1.259316,0.725934,0.009738,0.0576,1247.66,701.4,-0.9792,3157,0,18300,1
6066,3596288,1234.88,516,-0.9386,-0.009254,3.840608,0.415013,0.008816,0.0198,1247.84,681.4,-0.975,3149,0,18650,1
6067,3596288,1429.93,613,-0.9718,-0.009254,3.840608,0.415013,0.008816,0.0198,1249.7,682.0,-0.9762,3149,3,19300,1
6068,3596288,1246.24,545,-0.9681,-0.009254,3.840608,0.415013,0.008816,0.0198,1249.8,682.1,-0.9775,3161,0,18400,1
6069,3598336,1351.2,592,-1.056,-0.01055,1.478877,0.592961,0.011566,0.0444,1250.74,682.7,-0.9796,3153,2,19450,1
6070,3598336,1231.5,508,-1.0486,-0.01055,1.478877,0.592961,0.011566,0.0444,1250.55,682.4,-0.9815,3155,0,21700,1
6071,3600384,1285.31,572,-0.7718,-0.007731,0.910502,0.863918,0.007442,0.0364,1250.9,682.6,-0.9806,3152,2,19000,1
6072,3600384,1238.95,536,-0.7557,-0.007731,0.910502,0.863918,0.007442,0.0364,1250.56,682.4,-0.9794,3154,0,18450,1
6073,3602432,1346.57,581,-0.4131,-0.009965,0.708767,1.011768,0.012116,0.0488,1251.67,682.7,-0.9748,3161,0,18600,1
6074,3602432,1367.12,595,-0.415,-0.009965,0.708767,1.011768,0.012116,0.0488,1251.48,682.5,-0.97,3152,2,19200,1
6075,3604480,1123.11,2507,-1.3452,-0.00724,0.748249,1.077133,0.000721,0.0491,1250.32,702.3,-0.9746,3155,5,19000,1
6076,3604480,1238.22,552,-0.3161,-0.00724,0.748249,1.077133,0.000721,0.0491,1250.37,702.2,-0.9687,3155,0,18350,1
6077,3604480,1349.72,590,-0.332,-0.00724,0.748249,1.077133,0.000721,0.0491,1251.51,702.8,-0.963,3150,2,19000,1
6078,3606528,1332.61,551,-0.3216,-0.007456,1.310449,0.739508,0.005289,0.0508,1253.91,683.7,-0.9525,3152,2,19450,1
6079,3606528,1181.57,2528,-1.1948,-0.007456,1.310449,0.739508,0.005289,0.0508,1253.37,703.6,-0.9554,3156,5,19550,1
6080,3606528,1247.42,547,-0.3956,-0.007456,1.310449,0.739508,0.005289,0.0508,1253.26,703.7,-0.9503,3150,0,18500,1
6081,3606528,1243.56,552,-0.4107,-0.007456,1.310449,0.739508,0.005289,0.0508,1253.21,703.7,-0.9446,3161,0,18450,1
6082,3608576,1228.78,552,-0.4666,-0.010092,4.322263,0.428271,0.010648,0.0327,1252.19,703.5,-0.9392,3155,0,18500,1
6083,3608576,1238.15,526,-0.5147,-0.010092,4.322263,0.428271,0.010648,0.0327,1250.45,702.8,-0.9338,3153,0,20050,1
6084,3608576,1354.2,578,-0.6205,-0.010092,4.322263,0.428271,0.010648,0.0327,1250.7,702.8,-0.9294,3153,2,19300,1
6085,3610624,1253.59,564,-0.6524,-0.013606,7.709727,0.345148,0.012325,0.0369,1250.75,703.1,-0.9242,3155,1,18550,1
6086,3610624,1297.83,578,-0.7352,-0.013606,7.709727,0.345148,0.012325,0.0369,1250.71,703.3,-0.9194,3149,2,19100,1
6087,3610624,1341.75,594,-0.7831,-0.013606,7.709727,0.345148,0.012325,0.0369,1251.73,703.7,-0.9146,3152,1,18800,1
6088,3612672,1243.75,544,-0.8716,-0.014928,7.591363,0.355152,0.013849,0.0364,1251.85,703.7,-0.9103,3161,0,18750,1
6089,3612672,1274.33,551,-0.9069,-0.014928,7.591363,0.355152,0.013849,0.0364,1252.23,703.8,-0.9057,3156,2,18800,1
6090,3612672,1337.11,580,-0.9864,-0.014928,7.591363,0.355152,0.013849,0.0364,1253.26,704.2,-0.9012,3156,1,18600,1
6091,3612672,1236.27,547,-1.0408,-0.014928,7.591363,0.355152,0.013849,0.0364,1253.26,704.2,-0.897,3155,0,18050,1
6092,3612672,706.83,298,-1.097,-0.014928,7.591363,0.355152,0.013849,0.0364,1247.31,701.4,-0.8931,2749,0,200,0
6093,3614720,1271.48,541,-1.131,-0.01281,7.340394,0.311101,0.010847,0.0339,1247.57,701.5,-0.8889,3155,2,18750,1
6094,3614720,416.94,193,-1.2977,-0.01281,7.340394,0.311101,0.010847,0.0339,1239.87,698.4,-0.8862,1796,0,200,0
6095,3614720,1255.02,532,-1.2588,-0.01281,7.340394,0.311101,0.010847,0.0339,1239.97,698.4,-0.8824,3156,2,19000,1
6096,3614720,1255.95,533,-1.274,-0.01281,7.340394,0.311101,0.010847,0.0339,1240.17,698.3,-0.8786,3155,1,18500,1
6097,3616768,1247.45,531,-1.3468,-0.009594,1.958775,0.552259,0.008952,0.0518,1239.29,698.0,-0.8738,3149,0,20150,1
6098,3616768,1345.09,589,-1.3562,-0.009594,1.958775,0.552259,0.008952,0.0518,1240.24,698.6,-0.8689,3149,2,19550,1
6099,3616768,1333.26,575,-1.3465,-0.009594,1.958775,0.552259,0.008952,0.0518,1241.1,698.7,-0.8636,3150,1,20550,1
6100,3618816,628.76,270,-1.0593,-0.007774,1.345637,0.709111,0.004284,0.0164,1235.06,696.0,-0.8575,2756,0,300,0
6101,3618816,1238.98,527,-1.1616,-0.007774,1.345637,0.709111,0.004284,0.0164,1233.52,695.0,-0.8552,3150,0,18500,1
6102,3620864,1378.97,609,-1.0167,-0.008714,1.321792,0.686696,0.008476,0.0691,1234.82,695.8,-0.8579,3161,3,20850,1
6103,3620864,1357.92,580,-0.9428,-0.008714,1.321792,0.686696,0.008476,0.0691,1236.03,696.3,-0.8608,3161,0,19550,1
6104,3620864,1431.13,700,-0.9989,-0.008714,1.321792,0.686696,0.008476,0.0691,1238.03,697.7,-0.8657,3161,1,19000,1
6105,3622912,1239.14,557,-0.9401,-0.012633,1.146199,0.789725,0.01128,0.0483,1237.11,697.6,-0.8705,3156,0,18300,1
6106,3622912,1100.12,2462,-1.6025,-0.012633,1.146199,0.789725,0.01128,0.0483,1237.14,697.5,-0.8698,3153,4,19200,1
6107,3622912,1321.75,589,-0.8988,-0.012633,1.146199,0.789725,0.01128,0.0483,1237.96,698.1,-0.8746,3156,2,19100,1
6108,3622912,1252.86,573,-0.8933,-0.012633,1.146199,0.789725,0.01128,0.0483,1238.08,698.5,-0.8794,3161,1,18450,1
6109,3624960,1246.7,550,-0.9035,-0.009864,5.007507,0.438263,0.008939,0.0242,1238.29,698.6,-0.8843,3151,0,18950,1
6110,3624960,1297.45,574,-0.9319,-0.009864,5.007507,0.438263,0.008939,0.0242,1240.32,679.8,-0.8819,3156,2,19300,1
6111,3624960,1241.46,531,-0.9881,-0.009864,5.007507,0.438263,0.008939,0.0242,1239.28,679.1,-0.8868,3161,1,18850,1
6112,3624960,1239.3,554,-0.9993,-0.009864,5.007507,0.438263,0.008939,0.0242,1238.2,678.8,-0.8915,3161,0,17950,1
6113,3627008,1223.95,561,-1.0778,-0.011849,7.025803,0.380401,0.010426,0.0291,1237.99,679.0,-0.8963,3152,0,18000,1
6114,3627008,1246.86,538,-1.075,-0.011849,7.025803,0.380401,0.010426,0.0291,1238.12,679.0,-0.9011,3161,0,18500,1
6115,3627008,1302.12,546,-1.1379,-0.011849,7.025803,0.380401,0.010426,0.0291,1238.79,679.2,-0.9059,3153,1,19150,1
6116,3629056,413.45,189,-1.2457,-0.010433,3.346223,0.42083,0.009628,0.0278,1230.54,675.8,-0.9117,1790,0,200,0
6117,3629056,1235.65,530,-1.2058,-0.010433,3.346223,0.42083,0.009628,0.0278,1230.52,675.6,-0.9169,3153,0,17900,1
6118,3629056,1236.16,523,-1.2283,-0.010433,3.346223,0.42083,0.009628,0.0278,1230.57,675.5,-0.9223,3157,0,18600,1
6119,3631104,1354.3,575,-1.1582,-0.005626,1.315429,0.522273,0.005227,0.0325,1231.69,675.5,-0.927,3161,3,21050,1
6120,3631104,1245.72,539,-1.1261,-0.005626,1.315429,0.522273,0.005227,0.0325,1230.46,675.0,-0.9315,3161,1,18700,1
6121,3633152,919.71,430,-0.7967,-0.008533,0.810061,0.948582,0.008986,0.0596,1228.66,654.8,-0.9264,3155,0,18900,1
6122,3633152,1233.52,541,-0.6902,-0.008533,0.810061,0.948582,0.008986,0.0596,1228.52,654.9,-0.9267,3154,0,19850,1
6123,3635200,1252.85,571,-0.4233,-0.005662,0.693084,1.092538,0.005283,0.021,1229.27,655.4,-0.9245,3161,0,18600,1
6124,3635200,1230.08,512,-0.3599,-0.005662,0.693084,1.092538,0.005283,0.021,1229.44,654.9,-0.9215,3156,0,21400,1
6125,3635200,1055.35,2461,-1.3762,-0.005662,0.693084,1.092538,0.005283,0.021,1227.47,674.1,-0.9289,3161,4,18450,1
6126,3637248,1078.64,480,-0.3555,-0.006993,0.864926,0.92462,0.004033,0.0364,1231.75,676.1,-0.926,3152,0,19000,1
6127,3637248,1218.61,619,-0.4058,-0.006993,0.864926,0.92462,0.004033,0.0364,1231.58,677.1,-0.9235,3152,0,18200,1
6128,3637248,1225.64,557,-0.3603,-0.006993,0.864926,0.92462,0.004033,0.0364,1230.88,677.0,-0.9205,3161,0,18950,1
6129,3639296,1101.75,2443,-1.1658,-0.006389,1.414473,0.668858,0.004893,0.0186,1228.05,695.4,-0.9254,3161,4,19200,1
6130,3639296,1243.16,533,-0.3867,-0.006389,1.414473,0.668858,0.004893,0.0186,1229.43,675.9,-0.9165,3157,0,18650,1
6131,3639296,1305.46,580,-0.4552,-0.006389,1.414473,0.668858,0.004893,0.0186,1230.09,676.4,-0.914,3156,2,18300,1
6132,3641344,1232.76,553,-0.484,-0.011822,6.136901,0.443907,0.011094,0.0281,1229.34,676.1,-0.9119,3150,0,18200,1
6133,3641344,1611.31,790,-0.5702,-0.011822,6.136901,0.443907,0.011094,0.0281,1233.0,678.6,-0.9106,3161,2,19400,1
6134,3641344,1406.02,627,-0.5704,-0.011822,6.136901,0.443907,0.011094,0.0281,1234.77,679.8,-0.9088,3154,5,20000,1
6135,3641344,446.51,204,-0.5876,-0.011822,6.136901,0.443907,0.011094,0.0281,1226.82,676.3,-0.9069,1935,0,100,0
6136,3641344,984.96,441,-0.6261,-0.011822,6.136901,0.443907,0.011094,0.0281,1224.31,675.5,-0.9052,3161,0,19450,1
6137,3643392,1235.97,536,-0.657,-0.016078,5.222245,0.427147,0.015494,0.0344,1224.17,675.5,-0.903,3152,0,18750,1
6138,3643392,1253.32,540,-0.7221,-0.016078,5.222245,0.427147,0.015494,0.0344,1224.32,675.5,-0.9011,3156,1,19750,1
6139,3643392,1150.39,584,-0.8327,-0.016078,5.222245,0.427147,0.015494,0.0344,1223.41,675.9,-0.9003,3156,0,20650,1
6140,3643392,1348.67,574,-0.7614,-0.016078,5.222245,0.427147,0.015494,0.0344,1224.43,676.3,-0.8994,3149,2,20750,1
6141,3645440,1337.97,582,-0.8196,-0.010981,5.486072,0.461362,0.009955,0.0264,1225.32,676.8,-0.8993,3157,2,19350,1
6142,3645440,1227.83,558,-0.8972,-0.010981,5.486072,0.461362,0.009955,0.0264,1223.75,676.2,-0.8999,3156,0,18950,1
6143,3645440,1234.16,510,-0.8772,-0.010981,5.486072,0.461362,0.009955,0.0264,1223.1,675.8,-0.9004,3151,0,18650,1
6144,3647488,1347.77,601,-1.0031,-0.011805,7.599784,0.367733,0.009141,0.0212,1224.19,676.5,-0.9022,3153,1,19150,1
6145,3647488,1262.5,551,-1.0326,-0.011805,7.599784,0.367733,0.009141,0.0212,1224.26,676.3,-0.9043,3155,2,20550,1
6146,3649536,1273.9,585,-1.0714,-0.008247,1.315902,0.775856,0.005188,0.0251,1225.81,657.5,-0.8998,3156,1,19450,1
6147,3649536,493.19,213,-0.9323,-0.008247,1.315902,0.775856,0.005188,0.0251,1217.43,653.9,-0.9008,1946,0,100,0
6148,3649536,1251.75,548,-0.9965,-0.008247,1.315902,0.775856,0.005188,0.0251,1217.6,653.9,-0.9021,3151,0,18300,1
6149,3651584,1245.44,528,-0.9273,-0.010011,1.324823,0.685446,0.007482,0.0559,1217.7,653.9,-0.9024,3152,1,18300,1
6150,3651584,1234.44,555,-0.9441,-0.010011,1.324823,0.685446,0.007482,0.0559,1217.63,653.8,-0.9025,3152,0,18200,1
6151,3651584,1234.2,525,-0.9292,-0.010011,1.324823,0.685446,0.007482,0.0559,1216.59,653.3,-0.9021,3149,0,18500,1
6152,3653632,1237.92,533,-0.9176,-0.003123,1.285853,0.722219,0.00016,0.0068,1216.56,653.3,-0.9008,3156,0,18300,1
6153,3653632,1199.72,537,-0.925,-0.003123,1.285853,0.722219,0.00016,0.0068,1216.02,653.2,-0.8986,3156,0,18100,1
6154,3653632,1112.65,2470,-1.4474,-0.003123,1.285853,0.722219,0.00016,0.0068,1214.83,672.8,-0.9012,3151,4,19200,1
6155,3655680,1223.91,533,-0.898,-0.006371,0.927004,0.893184,0.004923,0.0205,1214.65,672.9,-0.8981,3149,0,18750,1
6156,3655680,1305.38,565,-0.8301,-0.006371,0.927004,0.893184,0.004923,0.0205,1215.13,672.9,-0.894,3157,2,19300,1
6157,3657728,1257.93,546,-0.7112,-0.008266,1.019096,0.885727,0.005231,0.0232,1214.28,672.4,-0.8888,3161,0,20050,1
6158,3657728,1305.04,585,-0.7219,-0.008266,1.019096,0.885727,0.005231,0.0232,1214.81,672.8,-0.8849,3161,1,18800,1
6159,3657728,1194.29,1093,-1.0322,-0.008266,1.019096,0.885727,0.005231,0.0232,1214.26,678.3,-0.886,3161,2,19100,1
6160,3659776,1238.56,517,-0.677,-0.010474,0.845454,1.031294,0.012042,0.0549,1212.78,677.5,-0.8836,3152,0,18600,1
6161,3659776,1243.27,560,-0.637,-0.010474,0.845454,1.031294,0.012042,0.0549,1212.9,677.9,-0.8808,3153,0,18300,1
6162,3659776,1244.7,532,-0.6047,-0.010474,0.845454,1.031294,0.012042,0.0549,1214.27,658.6,-0.8708,3157,0,19850,1
6163,3661824,1236.13,542,-0.6249,-0.004414,1.283467,0.749687,0.004413,0.0203,1213.75,658.5,-0.8679,3155,0,18350,1
6164,3661824,1054.25,2427,-1.197,-0.004414,1.283467,0.749687,0.004413,0.0203,1210.88,676.6,-0.8706,3161,4,18800,1
6165,3661824,1254.2,535,-0.6405,-0.004414,1.283467,0.749687,0.004413,0.0203,1211.04,676.8,-0.8681,3161,1,20250,1
6166,3661824,628.46,274,-0.6703,-0.004414,1.283467,0.749687,0.004413,0.0203,1204.98,674.3,-0.8655,2755,0,300,0
6167,3663872,1243.78,541,-0.7147,-0.010807,4.939062,0.34428,0.010071,0.0298,1203.12,673.6,-0.8629,3156,0,20150,1
6168,3663872,1235.01,527,-0.7703,-0.010807,4.939062,0.34428,0.010071,0.0298,1203.0,673.4,-0.8609,3154,0,20050,1
6169,3663872,1362.32,587,-0.7952,-0.010807,4.939062,0.34428,0.010071,0.0298,1203.12,673.4,-0.8583,3153,2,20850,1
6170,3665920,1351.1,587,-0.8411,-0.010222,1.316752,0.717843,0.007671,0.0422,1204.31,674.2,-0.8562,3149,2,21250,1
6171,3665920,1236.95,547,-0.8432,-0.010222,1.316752,0.717843,0.007671,0.0422,1203.83,673.9,-0.8569,3153,0,18950,1
6172,3665920,1250.85,548,-0.85,-0.010222,1.316752,0.717843,0.007671,0.0422,1203.95,674.0,-0.8579,3151,1,20150,1
6173,3667968,1237.47,569,-0.8522,-0.00958,1.307355,0.737028,0.007779,0.0464,1202.86,673.9,-0.8623,3154,0,18250,1
6174,3670016,1257.33,574,-0.8583,-0.006989,1.260955,0.743384,0.006498,0.0237,1201.76,673.7,-0.8667,3157,1,18550,1
6175,3670016,1229.75,537,-0.8501,-0.006989,1.260955,0.743384,0.006498,0.0237,1202.82,654.0,-0.8618,3155,0,18500,1
6176,3670016,1254.65,529,-0.8359,-0.006989,1.260955,0.743384,0.006498,0.0237,1202.99,653.8,-0.867,3161,2,19000,1
6177,3670016,1049.19,2436,-1.4051,-0.006989,1.260955,0.743384,0.006498,0.0237,1199.98,672.2,-0.8777,3156,4,20550,1
6178,3672064,1236.54,516,-0.8301,-0.008078,2.181616,0.512891,0.00724,0.0259,1199.02,671.9,-0.8828,3161,0,18250,1
6179,3672064,1342.05,584,-0.8567,-0.008078,2.181616,0.512891,0.00724,0.0259,1200.63,652.5,-0.8794,3161,2,19100,1
6180,3672064,1329.21,559,-0.9158,-0.008078,2.181616,0.512891,0.00724,0.0259,1201.45,652.6,-0.8846,3151,1,19000,1
6181,3672064,1241.72,550,-0.9149,-0.008078,2.181616,0.512891,0.00724,0.0259,1201.43,652.5,-0.8896,3157,0,18100,1
6182,3674112,1249.1,540,-0.967,-0.013786,8.675009,0.352347,0.011808,0.042,1201.63,652.4,-0.8946,3156,0,18650,1
6183,3674112,1251.11,560,-0.9946,-0.013786,8.675009,0.352347,0.011808,0.042,1201.76,652.8,-0.8994,3161,1,18950,1
6184,3674112,1233.06,532,-1.0977,-0.013786,8.675009,0.352347,0.011808,0.042,1200.55,652.3,-0.9042,3161,0,20050,1
6185,3674112,1232.54,548,-1.1083,-0.013786,8.675009,0.352347,0.011808,0.042,1200.34,652.1,-0.9088,3153,0,18950,1
6186,3676160,1243.28,528,-1.1833,-0.014787,5.984826,0.410885,0.01244,0.0374,1199.79,651.6,-0.9133,3152,0,18650,1
6187,3676160,1290.02,619,-1.1802,-0.014787,5.984826,0.410885,0.01244,0.0374,1199.28,651.9,-0.9172,3161,1,18050,1
6188,3676160,1254.03,550,-1.2755,-0.014787,5.984826,0.410885,0.01244,0.0374,1199.38,652.0,-0.9213,3161,2,19150,1
6189,3676160,1255.69,548,-1.282,-0.014787,5.984826,0.410885,0.01244,0.0374,1199.19,651.9,-0.925,3156,0,18750,1
6190,3678208,1232.24,530,-1.3371,-0.011318,8.566907,0.365966,0.009484,0.0251,1198.14,651.4,-0.9285,3149,0,18600,1
6191,3678208,1390.61,611,-1.342,-0.011318,8.566907,0.365966,0.009484,0.0251,1199.69,652.1,-0.9315,3152,2,19300,1
6192,3678208,1240.34,535,-1.3809,-0.011318,8.566907,0.365966,0.009484,0.0251,1205.02,654.4,-0.9344,3157,0,18950,1
6193,3680256,1236.9,533,-1.4523,-0.013793,5.71661,0.421357,0.012086,0.0354,1204.68,654.4,-0.9376,3153,0,18500,1
6194,3680256,1230.47,559,-1.4895,-0.013793,5.71661,0.421357,0.012086,0.0354,1212.81,658.0,-0.9395,3155,0,18500,1
6195,3682304,1504.4,669,-1.4023,-0.00527,1.40099,0.717246,0.005017,0.0308,1215.3,659.4,-0.9409,3161,4,21550,1
6196,3682304,1273.21,1292,-1.8055,-0.00527,1.40099,0.717246,0.005017,0.0308,1215.48,667.0,-0.9463,3151,5,19700,1
6197,3682304,1235.47,532,-1.272,-0.00527,1.40099,0.717246,0.005017,0.0308,1215.36,667.0,-0.9455,3151,0,18600,1
6198,3682304,1232.52,569,-1.167,-0.00527,1.40099,0.717246,0.005017,0.0308,1214.23,666.8,-0.9436,3157,0,21200,1
6199,3684352,1297.46,563,-0.8867,-0.006865,1.478241,0.701021,0.006614,0.0383,1213.87,666.7,-0.939,3161,1,18900,1
6200,3684352,1292.37,573,-0.89,-0.006865,1.478241,0.701021,0.006614,0.0383,1220.51,669.7,-0.9373,3154,0,18500,1
6201,3684352,1236.32,518,-0.8758,-0.006865,1.478241,0.701021,0.006614,0.0383,1220.48,669.6,-0.9345,3161,0,20050,1
6202,3686400,1258.22,548,-0.9045,-0.004903,2.01012,0.56983,0.003156,0.0217,1219.28,669.0,-0.9333,3152,0,18400,1
6203,3686400,1200.22,1132,-1.1781,-0.004903,2.01012,0.56983,0.003156,0.0217,1217.7,674.5,-0.9357,3161,0,13450,1
6204,3686400,1311.1,582,-0.9248,-0.004903,2.01012,0.56983,0.003156,0.0217,1216.5,673.3,-0.935,3161,0,20350,1
6205,3686400,1255.08,548,-0.9201,-0.004903,2.01012,0.56983,0.003156,0.0217,1216.66,673.2,-0.9348,3156,0,18150,1
6206,3688448,1235.58,537,-0.9757,-0.013626,7.419577,0.420303,0.012213,0.032,1218.01,654.0,-0.9285,3156,0,18950,1
6207,3688448,1253.33,545,-1.0029,-0.013626,7.419577,0.420303,0.012213,0.032,1217.33,653.6,-0.9295,3161,1,18600,1
6208,3688448,1337.38,597,-1.0325,-0.013626,7.419577,0.420303,0.012213,0.032,1218.17,653.8,-0.9309,3149,2,19150,1
6209,3690496,571.2,249,-1.1552,-0.011563,4.497129,0.492369,0.009489,0.0234,1211.42,650.8,-0.9334,2473,0,100,0
6210,3690496,1231.75,528,-1.1011,-0.011563,4.497129,0.492369,0.009489,0.0234,1210.76,650.3,-0.9351,3155,0,18650,1
6211,3692544,1231.82,864,-1.4116,-0.002694,0.992282,0.909056,0.007729,0.0513,1210.67,653.7,-0.9394,3149,0,15950,1
6212,3692544,1257.21,551,-0.9812,-0.002694,0.992282,0.909056,0.007729,0.0513,1210.84,653.6,-0.9392,3156,2,18900,1
6213,3692544,1333.03,581,-0.8644,-0.002694,0.992282,0.909056,0.007729,0.0513,1211.93,653.8,-0.9371,3152,2,19450,1
6214,3694592,1237.8,537,-0.6254,-0.00979,1.229334,0.798854,0.00649,0.0339,1211.84,653.8,-0.9326,3150,0,18950,1
6215,3694592,1231.66,535,-0.6291,-0.00979,1.229334,0.798854,0.00649,0.0339,1211.14,653.7,-0.9275,3156,0,18400,1
6216,3696640,1241.49,538,-0.6134,-0.009497,1.01573,0.912457,0.009823,0.0398,1219.42,657.2,-0.9211,3154,0,20050,1
6217,3696640,1228.71,542,-0.6152,-0.009497,1.01573,0.912457,0.009823,0.0398,1219.35,657.3,-0.9152,3151,0,20050,1
6218,3696640,1100.12,2464,-1.4377,-0.009497,1.01573,0.912457,0.009823,0.0398,1217.99,676.7,-0.9173,3154,3,18600,1
6219,3696640,1298.46,1025,-0.8257,-0.009497,1.01573,0.912457,0.009823,0.0398,1217.43,681.2,-0.914,3161,2,18400,1
6220,3698688,1236.41,529,-0.6052,-0.008412,1.230524,0.701487,0.009921,0.0396,1217.34,681.1,-0.9088,3151,0,18500,1
6221,3698688,1244.23,557,-0.6325,-0.008412,1.230524,0.701487,0.009921,0.0396,1220.58,682.4,-0.9072,3161,0,18250,1
6222,3698688,1238.84,574,-0.6471,-0.008412,1.230524,0.701487,0.009921,0.0396,1220.64,682.7,-0.9067,3157,1,18500,1
6223,3700736,1242.82,578,-0.7043,-0.010811,3.474844,0.578495,0.010117,0.0251,1220.54,682.8,-0.9095,3154,0,18000,1
6224,3700736,1249.69,551,-0.6972,-0.010811,3.474844,0.578495,0.010117,0.0251,1220.73,683.2,-0.9129,3157,1,18900,1
6225,3700736,1301.66,604,-0.7376,-0.010811,3.474844,0.578495,0.010117,0.0251,1223.2,664.6,-0.9065,3161,2,18850,1
6226,3704832,1245.71,536,-0.7331,-0.007547,0.796986,1.069665,0.006585,0.0259,1224.87,665.2,-0.9103,3154,0,18500,1
6227,3706880,1234.43,568,-0.4272,-0.003547,0.551101,1.443237,0.009004,0.0793,1225.02,664.7,-0.9105,3161,0,18300,1
6228,3706880,1265.34,2587,-1.0832,-0.003547,0.551101,1.443237,0.009004,0.0793,1225.42,685.0,-0.9177,3157,4,20350,1
6229,3708928,1310.01,609,-0.0036,-0.003035,0.55677,1.300556,0.004671,0.0234,1227.5,666.6,-0.9061,3151,1,18700,1
6230,3708928,1257.21,545,0.052,-0.003035,0.55677,1.300556,0.004671,0.0234,1227.64,666.8,-0.9017,3157,1,19250,1
6231,3710976,1350.85,596,0.0089,-0.008563,0.681288,1.144261,0.006627,0.0452,1228.1,666.9,-0.8971,3157,2,19200,1
6232,3710976,1097.86,2497,-0.8472,-0.008563,0.681288,1.144261,0.006627,0.0452,1226.75,686.4,-0.9007,3151,4,19050,1
6233,3710976,1166.31,2473,-0.8068,-0.008563,0.681288,1.144261,0.006627,0.0452,1222.3,703.2,-0.9031,3157,5,19750,1
6234,3710976,1250.09,552,0.0344,-0.008563,0.681288,1.144261,0.006627,0.0452,1220.74,702.4,-0.897,3155,1,19150,1
6235,3713024,1250.56,528,-0.0312,-0.006923,1.87843,0.598964,0.005548,0.0103,1228.78,705.7,-0.8915,3154,1,18950,1
6236,3713024,1382.29,594,-0.0781,-0.006923,1.87843,0.598964,0.005548,0.0103,1232.75,707.2,-0.886,3157,1,18800,1
6237,3713024,1247.41,537,-0.0604,-0.006923,1.87843,0.598964,0.005548,0.0103,1232.87,707.2,-0.88,3156,0,20450,1
6238,3715072,1242.65,553,-0.2155,-0.010213,2.690876,0.560919,0.005646,0.0137,1232.76,707.3,-0.875,3157,1,18600,1
6239,3715072,1231.53,534,-0.2143,-0.010213,2.690876,0.560919,0.005646,0.0137,1233.57,706.8,-0.8688,3151,0,18600,1
6240,3717120,1606.41,965,-0.5031,-0.006757,1.186024,0.84864,0.002079,0.0088,1236.15,710.8,-0.8662,3151,4,20100,1
6241,3717120,1234.29,567,-0.307,-0.006757,1.186024,0.84864,0.002079,0.0088,1235.11,710.6,-0.8611,3161,0,18100,1
6242,3719168,1261.11,547,-0.22,-0.008073,0.738072,1.021534,0.012365,0.062,1235.45,710.5,-0.8543,3154,1,19950,1
6243,3719168,1256.68,564,-0.2173,-0.008073,0.738072,1.021534,0.012365,0.062,1235.67,711.0,-0.8477,3161,1,18100,1
6244,3721216,1106.58,2468,-1.1146,-0.006731,0.682156,1.081762,0.002404,0.0288,1233.26,729.7,-0.8488,3153,5,19650,1
6245,3721216,1255.75,543,-0.1433,-0.006731,0.682156,1.081762,0.002404,0.0288,1233.19,729.6,-0.8399,3156,2,19150,1
6246,3723264,1234.54,525,-0.1379,-0.009589,0.876209,0.930403,0.006645,0.0271,1232.8,729.0,-0.8306,3155,0,20050,1
6247,3725312,1132.1,1162,-0.5922,-0.008897,0.550845,1.341745,0.010158,0.0549,1239.19,738.5,-0.8272,3153,2,18600,1
6248,3725312,1100.41,2444,-0.9112,-0.008897,0.550845,1.341745,0.010158,0.0549,1237.67,757.5,-0.8263,3154,4,19450,1
6249,3725312,1254.23,548,-0.0018,-0.008897,0.550845,1.341745,0.010158,0.0549,1237.76,757.7,-0.8171,3157,1,18800,1
6250,3727360,1238.62,534,0.004,-0.00702,0.952825,0.879089,0.005731,0.0186,1237.8,757.5,-0.8076,3154,0,18950,1
6251,3727360,1262.72,553,-0.032,-0.00702,0.952825,0.879089,0.005731,0.0186,1238.09,757.7,-0.7986,3154,2,18250,1
6252,3731456,1116.41,2475,-0.7702,-0.011473,0.615459,1.283276,0.009968,0.0586,1236.87,777.2,-0.7972,3152,4,18900,1
6253,3731456,1246.5,913,-0.3555,-0.011473,0.615459,1.283276,0.009968,0.0586,1237.34,780.9,-0.7915,3155,1,18700,1
6254,3733504,1350.01,605,-0.051,-0.007476,0.592302,1.18449,0.00802,0.0432,1239.72,762.3,-0.7775,3156,4,19600,1
6255,3733504,1234.78,547,0.0038,-0.007476,0.592302,1.18449,0.00802,0.0432,1239.82,762.4,-0.7685,3156,0,18300,1
6256,3733504,1111.17,2457,-0.6864,-0.007476,0.592302,1.18449,0.00802,0.0432,1237.88,781.3,-0.767,3161,5,21050,1
6257,3735552,1235.29,554,-0.0573,-0.006551,0.844407,0.925719,0.004991,0.0352,1237.66,781.4,-0.7605,3161,0,18150,1
6258,3735552,1256.03,535,-0.061,-0.006551,0.844407,0.925719,0.004991,0.0352,1237.17,780.9,-0.7539,3155,1,20150,1
6259,3737600,1116.17,2479,-0.7377,-0.009377,0.770394,0.96782,0.009998,0.0396,1236.38,794.8,-0.7509,3151,4,19150,1
6260,3739648,1254.8,538,-0.0977,-0.006019,0.760836,0.929978,0.006873,0.0222,1236.55,795.0,-0.7452,3154,2,18950,1
6261,3739648,1402.1,617,-0.1493,-0.006019,0.760836,0.929978,0.006873,0.0222,1238.14,795.5,-0.7403,3161,1,18950,1
6262,3741696,1248.47,578,-0.1278,-0.008058,0.677791,1.079128,0.002973,0.0215,1238.17,796.0,-0.7355,3161,2,18650,1
6263,3741696,1256.76,534,-0.0805,-0.008058,0.677791,1.079128,0.002973,0.0215,1238.38,795.9,-0.7301,3150,1,20150,1
6264,3743744,1233.33,529,-0.0779,-0.006689,0.688894,1.023973,0.003117,0.0264,1240.17,777.0,-0.7189,3153,0,19850,1
6265,3743744,1247.83,2531,-0.7872,-0.006689,0.688894,1.023973,0.003117,0.0264,1240.11,796.9,-0.7203,3152,5,19600,1
6266,3743744,1267.94,566,-0.1217,-0.006689,0.688894,1.023973,0.003117,0.0264,1246.5,799.8,-0.7149,3151,2,18700,1
6267,3745792,1237.35,537,-0.1508,-0.00854,1.258877,0.74729,0.008183,0.0444,1246.44,799.8,-0.7092,3150,0,18950,1
6268,3745792,1395.7,606,-0.195,-0.00854,1.258877,0.74729,0.008183,0.0444,1248.04,800.6,-0.7035,3161,3,19600,1
6269,3745792,1100.97,2448,-0.8157,-0.00854,1.258877,0.74729,0.008183,0.0444,1245.43,819.2,-0.7037,3154,4,19250,1
6270,3745792,1389.27,581,-0.2424,-0.00854,1.258877,0.74729,0.008183,0.0444,1245.81,819.1,-0.6977,3152,1,19250,1
6271,3747840,1333.0,567,-0.3567,-0.006995,3.188617,0.444781,0.005319,0.021,1246.77,819.3,-0.6928,3161,2,19400,1
6272,3747840,1301.12,559,-0.3666,-0.006995,3.188617,0.444781,0.005319,0.021,1247.28,819.4,-0.688,3161,1,19000,1
6273,3747840,1332.89,558,-0.396,-0.006995,3.188617,0.444781,0.005319,0.021,1248.23,819.3,-0.6834,3156,2,22400,1
6274,3749888,1341.05,579,-0.5257,-0.012212,9.538127,0.348491,0.010159,0.0247,1249.07,819.4,-0.6801,3157,3,20450,1
6275,3749888,1231.85,543,-0.6394,-0.012212,9.538127,0.348491,0.010159,0.0247,1249.09,819.4,-0.678,3152,0,18000,1
6276,3749888,1414.8,621,-0.6623,-0.012212,9.538127,0.348491,0.010159,0.0247,1250.69,820.4,-0.6762,3161,3,19600,1
6277,3749888,1491.14,652,-0.7229,-0.012212,9.538127,0.348491,0.010159,0.0247,1255.11,802.5,-0.6694,3154,4,19800,1
6278,3751936,1243.61,537,-0.8043,-0.013296,8.111654,0.409208,0.008914,0.0256,1255.18,802.7,-0.6692,3151,0,18500,1
6279,3751936,1235.35,531,-0.9357,-0.013296,8.111654,0.409208,0.008914,0.0256,1254.11,802.2,-0.67,3155,0,18950,1
6280,3751936,1386.67,612,-0.9431,-0.013296,8.111654,0.409208,0.008914,0.0256,1254.69,802.7,-0.6702,3150,1,18550,1
6281,3753984,1353.24,580,-1.0172,-0.013274,8.49932,0.372338,0.010496,0.0242,1255.8,803.0,-0.6713,3154,2,19300,1
6282,3753984,1334.18,562,-1.0769,-0.013274,8.49932,0.372338,0.010496,0.0242,1256.65,803.2,-0.6724,3153,3,19450,1
6283,3753984,1243.68,558,-1.1813,-0.013274,8.49932,0.372338,0.010496,0.0242,1256.58,803.2,-0.6742,3149,0,18400,1
6284,3753984,1239.29,540,-1.1774,-0.013274,8.49932,0.372338,0.010496,0.0242,1256.64,803.3,-0.675,3161,0,18150,1
6285,3756032,1330.7,566,-1.2775,-0.011821,6.949476,0.371542,0.00892,0.0239,1257.62,803.5,-0.6767,3152,3,20950,1
6286,3756032,1249.66,545,-1.2926,-0.011821,6.949476,0.371542,0.00892,0.0239,1257.69,803.7,-0.6778,3149,0,18200,1
6287,3756032,1237.82,568,-1.3815,-0.011821,6.949476,0.371542,0.00892,0.0239,1257.16,803.1,-0.6798,3161,0,18400,1
6288,3756032,1247.3,564,-1.3859,-0.011821,6.949476,0.371542,0.00892,0.0239,1257.1,803.3,-0.6809,3161,0,18350,1
6289,3758080,1228.81,556,-1.449,-0.015976,6.037229,0.411543,0.015978,0.0459,1256.83,803.4,-0.6826,3156,0,17900,1
6290,3758080,1235.05,521,-1.4433,-0.015976,6.037229,0.411543,0.015978,0.0459,1256.86,803.3,-0.6837,3157,0,18650,1
6291,3758080,1224.53,552,-1.531,-0.015976,6.037229,0.411543,0.015978,0.0459,1255.2,802.7,-0.6855,3150,0,19850,1
6292,3760128,1384.37,597,-1.5414,-0.015376,7.246026,0.36475,0.012155,0.0317,1256.64,803.3,-0.6871,3149,2,19750,1
6293,3760128,1253.38,548,-1.5796,-0.015376,7.246026,0.36475,0.012155,0.0317,1256.8,803.5,-0.6884,3161,1,18800,1
6294,3760128,1225.13,561,-1.6237,-0.015376,7.246026,0.36475,0.012155,0.0317,1256.75,803.5,-0.6898,3156,0,18500,1
6295,3760128,651.82,328,-1.673,-0.015376,7.246026,0.36475,0.012155,0.0317,1248.22,800.1,-0.6925,2467,0,1700,0
6296,3760128,1232.96,518,-1.6422,-0.015376,7.246026,0.36475,0.012155,0.0317,1247.82,792.3,-0.6908,3149,0,18650,1
6297,3762176,1242.65,537,-1.6791,-0.011437,6.184674,0.344037,0.017297,0.0283,1247.89,792.4,-0.6949,3157,0,18700,1
6298,3762176,1223.33,549,-1.7168,-0.011437,6.184674,0.344037,0.017297,0.0283,1247.8,792.2,-0.7004,3161,0,18800,1
6299,3762176,1150.53,489,-1.7614,-0.011437,6.184674,0.344037,0.017297,0.0283,1246.33,791.4,-0.7092,3150,0,22500,1
6300,3764224,1352.57,609,-1.824,-0.012222,7.536061,0.350558,0.009832,0.0288,1246.93,791.8,-0.7185,3161,1,19350,1
6301,3764224,1247.81,534,-1.8691,-0.012222,7.536061,0.350558,0.009832,0.0288,1247.05,792.0,-0.7284,3152,1,18900,1
6302,3764224,1248.08,554,-1.9017,-0.012222,7.536061,0.350558,0.009832,0.0288,1246.94,792.0,-0.7384,3153,0,18500,1
6303,3766272,1243.68,519,-1.8145,-0.007801,2.197247,0.553492,0.00563,0.0286,1247.38,785.9,-0.7448,3153,0,21700,1
6304,3766272,1301.64,545,-1.6709,-0.007801,2.197247,0.553492,0.00563,0.0286,1247.28,785.5,-0.7522,3161,2,22200,1
6305,3766272,1265.43,568,-1.6034,-0.007801,2.197247,0.553492,0.00563,0.0286,1247.39,785.7,-0.7591,3152,3,19350,1
6306,3766272,1364.49,1124,-1.9438,-0.007801,2.197247,0.553492,0.00563,0.0286,1248.68,791.6,-0.7687,3152,5,19500,1
6307,3768320,1231.89,544,-1.2961,-0.00485,2.024006,0.645074,0.003535,0.0125,1248.46,791.6,-0.7717,3161,0,18300,1
6308,3768320,1265.53,570,-1.277,-0.00485,2.024006,0.645074,0.003535,0.0125,1247.74,791.3,-0.7741,3154,1,18650,1
6309,3770368,1235.14,536,-1.0607,-0.005731,0.994664,0.930494,0.00588,0.0396,1254.38,794.2,-0.7732,3156,0,18600,1
6310,3770368,1171.74,1150,-1.265,-0.005731,0.994664,0.930494,0.00588,0.0396,1253.78,800.4,-0.7748,3157,0,18550,1
6311,3772416,1349.85,1368,-1.3962,-0.014282,1.688497,0.712991,0.014448,0.0452,1254.96,805.4,-0.7746,3155,4,19100,1
6312,3772416,1305.58,685,-0.7472,-0.014282,1.688497,0.712991,0.014448,0.0452,1255.45,806.8,-0.7723,3149,1,18900,1
6313,3772416,1254.3,543,-0.5924,-0.014282,1.688497,0.712991,0.014448,0.0452,1254.66,806.4,-0.7696,3161,1,18800,1
6314,3774464,1253.65,563,-0.6349,-0.012556,3.479237,0.478859,0.011068,0.0264,1254.82,806.7,-0.7697,3156,0,18100,1
6315,3774464,1355.28,570,-0.6353,-0.012556,3.479237,0.478859,0.011068,0.0264,1256.06,807.0,-0.7697,3161,0,19350,1
6316,3774464,1247.57,570,-0.6907,-0.012556,3.479237,0.478859,0.011068,0.0264,1256.12,807.3,-0.7705,3150,0,18150,1
6317,3774464,1159.5,685,-0.9584,-0.012556,3.479237,0.478859,0.011068,0.0264,1255.42,808.8,-0.774,3161,2,18550,1
6318,3776512,1325.49,625,-0.7889,-0.013443,3.416996,0.532417,0.012417,0.0298,1257.68,790.4,-0.7675,3151,1,20500,1
6319,3776512,1234.86,519,-0.7191,-0.013443,3.416996,0.532417,0.012417,0.0298,1257.04,785.3,-0.7664,3161,0,20050,1
6320,3776512,1235.72,526,-0.7431,-0.013443,3.416996,0.532417,0.012417,0.0298,1257.03,785.3,-0.7678,3161,0,18500,1
6321,3776512,1271.17,568,-0.7763,-0.013443,3.416996,0.532417,0.012417,0.0298,1257.3,785.4,-0.7692,3153,2,18450,1
6322,3778560,1234.05,526,-0.836,-0.013732,6.604508,0.373239,0.010431,0.0266,1257.26,784.9,-0.7711,3155,0,18300,1
6323,3778560,1234.93,562,-0.8683,-0.013732,6.604508,0.373239,0.010431,0.0266,1257.18,784.8,-0.7727,3154,0,18100,1
6324,3778560,1351.47,574,-0.8867,-0.013732,6.604508,0.373239,0.010431,0.0266,1258.2,785.0,-0.7746,3155,2,19100,1
6325,3780608,1244.48,523,-0.953,-0.007999,3.118737,0.443192,0.008604,0.0337,1257.62,784.2,-0.7768,3149,1,18850,1
6326,3780608,1237.23,536,-0.9724,-0.007999,3.118737,0.443192,0.008604,0.0337,1257.54,784.2,-0.7792,3153,0,18950,1
6327,3780608,1267.72,538,-1.0116,-0.007999,3.118737,0.443192,0.008604,0.0337,1257.87,783.9,-0.785,3161,2,22300,1
6328,3782656,1238.78,563,-0.9848,-0.006944,1.305008,0.667,0.007467,0.0286,1257.61,763.6,-0.784,3161,0,18400,1
6329,3782656,1223.67,567,-0.9748,-0.006944,1.305008,0.667,0.007467,0.0286,1256.74,763.2,-0.7938,3161,0,18300,1
6330,3782656,1230.07,527,-0.9213,-0.006944,1.305008,0.667,0.007467,0.0286,1256.47,763.0,-0.8035,3149,0,18600,1
6331,3782656,583.72,257,-0.8381,-0.006944,1.305008,0.667,0.007467,0.0286,1248.8,759.6,-0.812,2470,0,100,0
6332,3786752,1331.62,558,-0.754,-0.007123,0.709674,1.154878,0.008073,0.05,1251.14,740.2,-0.811,3161,1,19100,1
6333,3786752,1089.71,2460,-1.4701,-0.007123,0.709674,1.154878,0.008073,0.05,1250.37,740.1,-0.8177,3149,4,19200,1
6334,3788800,1235.35,527,-0.1453,-0.007394,0.594819,1.143269,0.008293,0.0449,1250.22,739.9,-0.8195,3154,0,18100,1
6335,3788800,1334.42,556,-0.1199,-0.007394,0.594819,1.143269,0.008293,0.0449,1251.06,740.1,-0.8203,3161,1,21800,1
6336,3790848,1186.56,526,-0.0764,-0.005699,0.694404,1.087524,0.001891,0.0176,1249.11,739.5,-0.8203,3161,1,18250,1
6337,3790848,1244.22,550,-0.1053,-0.005699,0.694404,1.087524,0.001891,0.0176,1249.07,739.6,-0.8208,3149,0,18850,1
6338,3792896,1232.66,537,-0.0932,-0.00799,0.738786,1.054523,0.007349,0.05,1248.97,739.4,-0.8196,3150,0,18500,1
6339,3792896,1101.73,2448,-0.9342,-0.00799,0.738786,1.054523,0.007349,0.05,1247.68,758.6,-0.8268,3161,3,19200,1
6340,3792896,1167.33,2468,-0.8816,-0.00799,0.738786,1.054523,0.007349,0.05,1243.29,773.6,-0.8305,3154,7,23200,1
6341,3792896,1235.66,518,-0.074,-0.00799,0.738786,1.054523,0.007349,0.05,1243.3,773.1,-0.8282,3152,0,18100,1
6342,3794944,1233.2,518,-0.1045,-0.011685,6.633113,0.370384,0.009992,0.0273,1243.02,772.8,-0.8271,3154,0,18600,1
6343,3794944,1235.55,551,-0.1521,-0.011685,6.633113,0.370384,0.009992,0.0273,1242.81,772.7,-0.8264,3152,0,18400,1
6344,3794944,1228.59,533,-0.1748,-0.011685,6.633113,0.370384,0.009992,0.0273,1244.03,753.4,-0.817,3155,0,20050,1
6345,3794944,1365.94,599,-0.2827,-0.011685,6.633113,0.370384,0.009992,0.0273,1245.13,753.9,-0.8184,3153,4,19100,1
6346,3796992,1236.38,539,-0.3209,-0.014818,7.273808,0.379699,0.010497,0.0303,1245.15,754.0,-0.8202,3152,0,18450,1
6347,3796992,1389.21,599,-0.3762,-0.014818,7.273808,0.379699,0.010497,0.0303,1247.72,748.4,-0.8181,3157,2,20250,1
6348,3796992,1238.55,515,-0.3467,-0.014818,7.273808,0.379699,0.010497,0.0303,1249.1,729.1,-0.8124,3155,0,18650,1
6349,3799040,1335.67,567,-0.4521,-0.01283,8.983752,0.360788,0.008237,0.0273,1249.92,729.3,-0.8169,3152,3,20650,1
6350,3799040,1251.85,546,-0.4907,-0.01283,8.983752,0.360788,0.008237,0.0273,1250.05,729.4,-0.8219,3161,1,18700,1
6351,3799040,1242.76,542,-0.5164,-0.01283,8.983752,0.360788,0.008237,0.0273,1249.85,729.3,-0.8267,3154,0,19850,1
6352,3799040,1235.76,554,-0.5402,-0.01283,8.983752,0.360788,0.008237,0.0273,1251.04,710.1,-0.8244,3154,0,18350,1
6353,3801088,1255.68,540,-0.619,-0.013047,6.979868,0.367352,0.011221,0.0239,1251.13,706.4,-0.8271,3152,2,20450,1
6354,3801088,1366.44,579,-0.6867,-0.013047,6.979868,0.367352,0.011221,0.0239,1251.3,706.1,-0.8334,3154,2,19400,1
6355,3803136,1245.27,534,-0.7172,-0.01011,1.075786,0.823882,0.008896,0.0332,1251.4,706.0,-0.8406,3155,0,18950,1
6356,3803136,1241.2,531,-0.709,-0.01011,1.075786,0.823882,0.008896,0.0332,1252.7,686.7,-0.8408,3157,1,18850,1
6357,3805184,1252.7,536,-0.648,-0.005324,0.731107,1.044276,0.002659,0.0239,1252.88,686.6,-0.8468,3154,1,18800,1
6358,3805184,1252.73,546,-0.4936,-0.005324,0.731107,1.044276,0.002659,0.0239,1252.84,686.7,-0.8511,3157,1,20250,1
6359,3809280,1121.34,2498,-0.9674,-0.007831,0.541291,1.484049,-0.000494,0.0264,1252.9,686.9,-0.8534,3150,5,19100,1
6360,3809280,1210.28,2521,-0.9272,-0.007831,0.541291,1.484049,-0.000494,0.0264,1252.45,706.7,-0.8617,3161,4,20250,1
6361,3811328,1248.36,557,0.0841,-0.009746,0.648485,1.151239,0.013148,0.0684,1250.91,706.1,-0.8593,3151,1,19050,1
6362,3811328,1252.05,581,0.048,-0.009746,0.648485,1.151239,0.013148,0.0684,1250.95,706.1,-0.8576,3157,1,18400,1
6363,3813376,1251.18,543,0.0272,-0.006646,0.69584,1.064605,0.004067,0.033,1250.89,706.2,-0.8565,3161,1,18800,1
6364,3813376,1318.95,719,-0.2736,-0.006646,0.69584,1.064605,0.004067,0.033,1251.75,708.1,-0.8585,3149,1,18950,1
6365,3813376,1008.51,2434,-0.6731,-0.006646,0.69584,1.064605,0.004067,0.033,1249.36,707.1,-0.8573,3161,4,18900,1
6366,3815424,1247.04,528,0.0033,-0.009438,0.733434,1.130331,0.003084,0.0364,1249.15,706.8,-0.8561,3154,0,18750,1
6367,3815424,1379.05,603,-0.0449,-0.009438,0.733434,1.130331,0.003084,0.0364,1250.56,707.4,-0.855,3161,1,20650,1
6368,3815424,1236.78,533,-0.0093,-0.009438,0.733434,1.130331,0.003084,0.0364,1248.97,706.7,-0.8532,3157,0,18500,1
6369,3817472,1236.83,543,-0.0959,-0.006763,1.648478,0.662796,0.003758,0.0127,1250.33,687.6,-0.846,3153,0,17900,1
6370,3817472,1229.22,532,-0.1153,-0.006763,1.648478,0.662796,0.003758,0.0127,1248.73,687.1,-0.8447,3153,0,18400,1
6371,3819520,1587.04,752,-0.3096,-0.008711,1.276617,0.674244,0.006154,0.0232,1251.27,689.0,-0.8442,3161,3,20050,1
6372,3819520,1336.8,576,-0.2263,-0.008711,1.276617,0.674244,0.006154,0.0232,1251.63,689.2,-0.8428,3156,2,19100,1
6373,3821568,1423.5,612,-0.3041,-0.01033,1.17662,0.781493,0.00913,0.0288,1252.54,689.7,-0.8419,3152,5,21150,1
6374,3823616,1062.81,4448,-0.9024,-0.007986,0.670371,1.109098,0.003364,0.0315,1249.75,728.4,-0.8457,3161,11,20550,1
6375,3825664,1303.01,584,-0.0003,-0.00534,0.522501,1.346632,0.005874,0.0269,1250.47,728.8,-0.8393,3154,2,18850,1
6376,3827712,1236.66,511,0.2101,-0.009293,0.491804,1.384577,0.010793,0.082,1248.68,727.7,-0.8305,3157,0,18650,1
6377,3827712,1116.03,2459,-0.7681,-0.009293,0.491804,1.384577,0.010793,0.082,1244.93,745.8,-0.831,3161,5,19600,1
6378,3829760,1123.41,2468,-0.633,-0.006314,0.535929,1.246894,0.004246,0.0254,1243.73,765.1,-0.8293,3161,5,19500,1
6379,3829760,1305.83,588,0.1544,-0.006314,0.535929,1.246894,0.004246,0.0254,1244.44,765.7,-0.8184,3152,1,18600,1
6380,3829760,1300.93,569,0.1665,-0.006314,0.535929,1.246894,0.004246,0.0254,1243.58,765.2,-0.8073,3156,1,19150,1
6381,3831808,1163.65,2506,-0.5548,-0.003157,0.90835,0.900436,0.000854,0.0249,1241.68,784.5,-0.8027,3151,7,21650,1
6382,3831808,1383.54,572,0.0578,-0.003157,0.90835,0.900436,0.000854,0.0249,1242.18,784.6,-0.7913,3161,2,19550,1
6383,3831808,1234.66,528,0.0543,-0.003157,0.90835,0.900436,0.000854,0.0249,1242.09,784.3,-0.779,3157,0,19550,1
6384,3833856,1253.35,527,-0.0962,-0.010748,2.517209,0.523536,0.006265,0.0198,1242.23,784.2,-0.7681,3157,1,18950,1
6385,3833856,1248.21,540,-0.158,-0.010748,2.517209,0.523536,0.006265,0.0198,1241.4,783.9,-0.757,3161,2,18800,1
6386,3835904,1387.34,588,-0.2004,-0.006903,1.335985,0.625841,0.006366,0.0359,1242.78,784.3,-0.746,3154,3,19600,1
6387,3835904,1243.16,538,-0.2964,-0.006903,1.335985,0.625841,0.006366,0.0359,1242.83,784.0,-0.7352,3156,0,18650,1
6388,3835904,1400.77,592,-0.3512,-0.006903,1.335985,0.625841,0.006366,0.0359,1244.37,784.3,-0.7248,3161,3,19900,1
6389,3837952,1469.88,614,-0.3894,-0.011315,1.30394,0.714949,0.004592,0.0422,1246.78,784.9,-0.7142,3154,2,22800,1
6390,3837952,1401.11,601,-0.425,-0.011315,1.30394,0.714949,0.004592,0.0422,1248.44,785.7,-0.7041,3153,3,19700,1
6391,3840000,1248.03,551,-0.4078,-0.005413,1.291038,0.691396,0.003715,0.0415,1248.67,785.7,-0.6928,3157,1,18550,1
6392,3840000,1302.12,563,-0.4418,-0.005413,1.291038,0.691396,0.003715,0.0415,1247.85,785.3,-0.6818,3152,3,19550,1
6393,3840000,1242.37,2515,-1.0817,-0.005413,1.291038,0.691396,0.003715,0.0415,1247.74,805.0,-0.6768,3161,4,21250,1
6394,3840000,1237.35,545,-0.4473,-0.005413,1.291038,0.691396,0.003715,0.0415,1247.86,804.9,-0.6651,3155,0,18000,1
6395,3842048,1367.36,589,-0.5096,-0.009558,2.153285,0.521867,0.009282,0.0332,1255.02,807.5,-0.6534,3157,2,20850,1
6396,3842048,1069.52,496,-0.5805,-0.009558,2.153285,0.521867,0.009282,0.0332,1253.38,807.2,-0.6428,3161,1,18850,1
6397,3842048,1341.32,575,-0.5734,-0.009558,2.153285,0.521867,0.009282,0.0332,1254.37,807.6,-0.6318,3153,2,19300,1
6398,3842048,1252.07,548,-0.5648,-0.009558,2.153285,0.521867,0.009282,0.0332,1254.66,807.6,-0.6203,3149,1,19250,1
6399,3844096,1261.27,547,-0.6592,-0.014449,6.681359,0.378705,0.014344,0.0291,1255.77,808.2,-0.6092,3157,1,18800,1
6400,3846144,1345.24,600,-0.8269,-0.010812,1.739557,0.679456,0.010382,0.0334,1255.69,808.1,-0.5993,3154,1,18800,1
6401,3846144,1475.5,1031,-1.0379,-0.010812,1.739557,0.679456,0.010382,0.0334,1257.97,813.1,-0.5909,3156,1,19300,1
6402,3846144,1234.74,528,-0.8615,-0.010812,1.739557,0.679456,0.010382,0.0334,1257.84,812.8,-0.5805,3149,0,18500,1
6403,3848192,1248.3,570,-0.9093,-0.008069,1.228117,0.710164,0.006634,0.0278,1257.88,813.3,-0.5715,3154,0,18150,1
6404,3848192,1241.4,530,-0.8517,-0.008069,1.228117,0.710164,0.006634,0.0278,1257.28,813.2,-0.5633,3152,0,18500,1
6405,3848192,1265.38,569,-0.8617,-0.008069,1.228117,0.710164,0.006634,0.0278,1257.28,813.2,-0.5559,3153,1,19150,1
6406,3850240,1254.45,558,-0.7473,-0.007742,1.253917,0.691554,0.007861,0.0405,1256.18,807.5,-0.5439,3152,0,18200,1
6407,3850240,1266.55,558,-0.7465,-0.007742,1.253917,0.691554,0.007861,0.0405,1256.53,807.7,-0.5384,3161,0,18300,1
6408,3850240,1296.56,724,-0.9297,-0.007742,1.253917,0.691554,0.007861,0.0405,1256.84,809.2,-0.5349,3152,2,19300,1
6409,3852288,1400.95,627,-0.7041,-0.010444,1.019397,0.838779,0.009614,0.053,1258.49,810.1,-0.5314,3161,4,19200,1
6410,3852288,1243.14,526,-0.6926,-0.010444,1.019397,0.838779,0.009614,0.053,1259.21,803.9,-0.5257,3150,0,21700,1
6411,3852288,1129.85,2473,-1.5027,-0.010444,1.019397,0.838779,0.009614,0.053,1257.01,814.9,-0.5267,3149,5,21050,1
6412,3852288,1322.89,585,-0.6628,-0.010444,1.019397,0.838779,0.009614,0.053,1257.18,813.9,-0.5259,3153,2,20650,1
6413,3854336,1253.05,528,-0.6907,-0.006969,2.025953,0.576988,0.007223,0.0378,1257.17,813.8,-0.5269,3161,2,19050,1
6414,3854336,1238.96,529,-0.6897,-0.006969,2.025953,0.576988,0.007223,0.0378,1257.02,813.4,-0.5274,3149,0,18500,1
6415,3854336,1251.77,567,-0.7412,-0.006969,2.025953,0.576988,0.007223,0.0378,1255.99,813.4,-0.5285,3152,1,18250,1
6416,3856384,1389.45,609,-0.78,-0.016318,7.268172,0.334836,0.013565,0.0393,1257.41,813.8,-0.5294,3157,1,19150,1
6417,3856384,1264.47,574,-0.8514,-0.016318,7.268172,0.334836,0.013565,0.0393,1258.45,812.7,-0.5283,3154,2,18350,1
6418,3856384,1488.35,641,-0.8721,-0.016318,7.268172,0.334836,0.013565,0.0393,1260.08,812.8,-0.5291,3155,4,19700,1
6419,3858432,1375.45,610,-1.0236,-0.013846,4.182414,0.479501,0.009556,0.0251,1261.49,813.8,-0.5322,3161,1,19550,1
6420,3858432,1443.66,620,-1.0872,-0.013846,4.182414,0.479501,0.009556,0.0251,1263.57,814.7,-0.5356,3153,2,19050,1
6421,3858432,1243.99,552,-1.1195,-0.013846,4.182414,0.479501,0.009556,0.0251,1263.3,814.5,-0.539,3149,0,18350,1
6422,3860480,1236.0,525,-1.06,-0.00807,1.287243,0.761233,0.004196,0.0295,1263.32,814.5,-0.5413,3150,0,18600,1
6423,3860480,1232.25,537,-0.8996,-0.00807,1.287243,0.761233,0.004196,0.0295,1263.29,814.3,-0.5416,3154,0,20050,1
6424,3860480,1232.91,532,-0.8845,-0.00807,1.287243,0.761233,0.004196,0.0295,1262.1,813.9,-0.5416,3153,0,19150,1
6425,3862528,1264.7,558,-0.825,-0.003592,1.291006,0.700206,0.001941,0.0081,1262.31,814.2,-0.5403,3157,2,18800,1
6426,3862528,1244.61,548,-0.8105,-0.003592,1.291006,0.700206,0.001941,0.0081,1262.38,814.3,-0.5387,3149,0,19050,1
6427,3862528,1234.58,540,-0.795,-0.003592,1.291006,0.700206,0.001941,0.0081,1262.05,814.3,-0.5365,3161,0,18950,1
6428,3864576,1277.15,557,-0.7956,-0.009709,1.246706,0.697357,0.010762,0.061,1262.43,814.3,-0.5346,3153,2,19150,1
6429,3864576,1101.6,2448,-1.5185,-0.009709,1.246706,0.697357,0.010762,0.061,1261.21,833.1,-0.5401,3149,4,19200,1
6430,3864576,1262.43,547,-0.7906,-0.009709,1.246706,0.697357,0.010762,0.061,1261.53,833.3,-0.5387,3149,2,19350,1
6431,3866624,1341.54,587,-0.8079,-0.007871,2.543143,0.479481,0.006194,0.0193,1269.11,836.6,-0.5384,3155,2,20150,1
6432,3866624,1250.11,536,-0.8681,-0.007871,2.543143,0.479481,0.006194,0.0193,1268.3,836.4,-0.5396,3149,0,18500,1
6433,3866624,1382.85,604,-0.8769,-0.007871,2.543143,0.479481,0.006194,0.0193,1271.23,817.8,-0.5337,3161,2,19050,1
6434,3866624,1234.61,511,-0.9069,-0.007871,2.543143,0.479481,0.006194,0.0193,1271.22,817.6,-0.5413,3150,0,18650,1
6435,3868672,1234.3,524,-0.9334,-0.01261,9.494839,0.344054,0.010238,0.0303,1270.22,817.3,-0.5494,3153,0,18300,1
6436,3868672,1248.76,554,-1.0758,-0.01261,9.494839,0.344054,0.010238,0.0303,1270.84,817.6,-0.5594,3161,0,18300,1
6437,3868672,1335.2,574,-1.0988,-0.01261,9.494839,0.344054,0.010238,0.0303,1271.75,817.9,-0.5693,3150,2,20350,1
6438,3870720,1304.85,564,-1.1643,-0.014327,7.867909,0.377023,0.012372,0.0327,1272.47,818.1,-0.58,3161,2,19200,1
6439,3870720,1299.39,582,-1.2126,-0.014327,7.867909,0.377023,0.012372,0.0327,1274.45,799.5,-0.5828,3155,1,18600,1
6440,3872768,1270.8,557,-1.3078,-0.00746,1.413907,0.663859,0.008006,0.0232,1275.49,780.4,-0.5871,3161,3,18900,1
6441,3874816,1345.34,593,-0.7429,-0.007031,0.790217,1.277695,0.004327,0.0586,1276.58,781.1,-0.5938,3155,1,19350,1
6442,3876864,1232.59,531,-0.0364,-0.003688,0.523367,1.425281,0.001484,0.0259,1276.58,781.2,-0.5931,3156,0,18600,1
6443,3878912,1232.2,511,0.1445,-0.006355,0.498073,1.423671,0.006391,0.0508,1276.54,780.8,-0.5901,3149,0,18650,1
6444,3878912,1191.76,2474,-1.1639,-0.006355,0.498073,1.423671,0.006391,0.0508,1276.17,800.2,-0.6,3149,5,19850,1
6445,3878912,1098.81,2464,-1.1366,-0.006355,0.498073,1.423671,0.006391,0.0508,1273.5,818.9,-0.6086,3161,4,19750,1
6446,3878912,1332.19,2423,-0.782,-0.006355,0.498073,1.423671,0.006391,0.0508,1274.46,837.7,-0.6132,3161,1,18650,1
6447,3880960,1441.89,596,0.0614,-0.007362,1.025355,0.826774,0.005976,0.0435,1274.99,837.7,-0.6088,3161,4,22800,1
6448,3880960,1313.48,578,0.0153,-0.007362,1.025355,0.826774,0.005976,0.0435,1275.74,838.3,-0.6052,3151,3,19750,1
6449,3880960,1383.04,600,0.0072,-0.007362,1.025355,0.826774,0.005976,0.0435,1276.21,838.7,-0.6006,3151,2,19300,1
6450,3883008,1264.73,539,0.0029,-0.012723,9.178115,0.387552,0.010589,0.0349,1276.34,838.6,-0.5956,3161,2,20150,1
6451,3883008,1234.48,534,-0.1179,-0.012723,9.178115,0.387552,0.010589,0.0349,1276.26,838.5,-0.5917,3157,0,20050,1
6452,3883008,1248.96,554,-0.2084,-0.012723,9.178115,0.387552,0.010589,0.0349,1276.39,838.5,-0.5883,3150,0,18450,1
6453,3885056,1263.23,555,-0.2764,-0.008852,6.34438,0.396976,0.008018,0.0242,1276.46,838.7,-0.5849,3152,2,19050,1
6454,3885056,1463.84,705,-0.2942,-0.008852,6.34438,0.396976,0.008018,0.0242,1277.44,839.9,-0.581,3152,2,19050,1
6455,3885056,1240.59,531,-0.4045,-0.008852,6.34438,0.396976,0.008018,0.0242,1277.39,839.9,-0.5779,3161,0,18600,1
6456,3887104,1239.75,542,-0.4585,-0.013182,2.063012,0.568668,0.011636,0.0349,1277.38,840.0,-0.5754,3156,0,18200,1
6457,3887104,1233.1,533,-0.4654,-0.013182,2.063012,0.568668,0.011636,0.0349,1277.18,840.0,-0.5735,3150,0,20050,1
6458,3887104,1230.06,517,-0.5433,-0.013182,2.063012,0.568668,0.011636,0.0349,1276.95,839.7,-0.574,3152,0,21500,1
6459,3889152,1255.76,548,-0.5716,-0.005334,1.295727,0.64272,0.004855,0.0237,1278.3,820.2,-0.5701,3156,2,18800,1
6460,3889152,1246.46,537,-0.5756,-0.005334,1.295727,0.64272,0.004855,0.0237,1278.66,800.3,-0.5666,3156,1,20250,1
6461,3891200,1400.46,617,-0.6254,-0.005159,1.271205,0.745267,0.007134,0.051,1280.18,800.9,-0.5737,3161,3,19750,1
6462,3891200,1403.79,616,-0.6323,-0.005159,1.271205,0.745267,0.007134,0.051,1281.7,801.3,-0.5805,3155,3,20050,1
6463,3891200,1452.21,627,-0.6195,-0.005159,1.271205,0.745267,0.007134,0.051,1283.71,802.1,-0.5869,3161,4,19600,1
6464,3891200,628.34,272,-0.62,-0.005159,1.271205,0.745267,0.007134,0.051,1276.8,797.7,-0.5904,2752,0,100,0
6465,3893248,1250.48,558,-0.6178,-0.009552,1.204092,0.713478,0.009175,0.0581,1279.22,778.9,-0.5898,3157,1,17950,1
6466,3893248,1234.89,2543,-1.1647,-0.009552,1.204092,0.713478,0.009175,0.0581,1279.1,799.0,-0.6015,3161,1,19450,1
6467,3893248,1269.12,578,-0.6442,-0.009552,1.204092,0.713478,0.009175,0.0581,1278.0,798.8,-0.6075,3161,3,19000,1
6468,3895296,1232.74,536,-0.65,-0.009109,3.187678,0.430284,0.008657,0.0276,1277.96,798.8,-0.6139,3156,0,18200,1
6469,3895296,1299.39,551,-0.6907,-0.009109,3.187678,0.430284,0.008657,0.0276,1278.59,798.9,-0.6199,3151,1,19150,1
6470,3895296,1261.37,558,-0.7009,-0.009109,3.187678,0.430284,0.008657,0.0276,1278.91,799.2,-0.6257,3157,0,18600,1
6471,3897344,1305.15,563,-0.7225,0.003965,1.264801,0.543225,0.002459,0.0371,1276.09,797.3,-0.6298,3151,1,19000,1
6472,3897344,1233.47,519,-0.694,0.003965,1.264801,0.543225,0.002459,0.0371,1275.06,796.7,-0.6345,3161,0,18600,1
6473,3897344,1553.23,664,-0.7409,0.003965,1.264801,0.543225,0.002459,0.0371,1276.35,797.2,-0.6389,3156,4,20150,1
6474,3899392,1230.96,561,-0.7057,-0.009791,1.319027,0.746149,0.006162,0.0391,1278.04,758.4,-0.6369,3161,0,18150,1
6475,3901440,1201.13,906,-0.8915,-0.004763,0.78208,1.048306,0.004613,0.0447,1277.02,761.6,-0.6458,3157,2,18600,1
6476,3901440,1078.15,2462,-1.4698,-0.004763,0.78208,1.048306,0.004613,0.0447,1275.43,781.1,-0.6626,3153,0,18950,1
6477,3901440,1269.96,547,-0.4982,-0.004763,0.78208,1.048306,0.004613,0.0447,1276.97,762.0,-0.6599,3153,3,19300,1
6478,3903488,1241.56,548,-0.4251,-0.006092,0.81869,0.946207,0.004937,0.0161,1278.15,742.8,-0.6579,3154,0,18000,1
6479,3903488,1237.91,529,-0.4212,-0.006092,0.81869,0.946207,0.004937,0.0161,1277.47,742.2,-0.6636,3157,0,18200,1
6480,3903488,1088.24,621,-0.5572,-0.006092,0.81869,0.946207,0.004937,0.0161,1275.35,742.7,-0.6708,3152,1,18300,1
6481,3905536,1271.4,548,-0.4813,-0.006382,1.069313,0.859415,0.007008,0.03,1276.42,723.1,-0.6701,3161,2,19000,1
6482,3907584,1234.25,546,-0.498,-0.0079,0.76405,0.975167,0.00764,0.0315,1274.93,722.9,-0.6757,3152,0,17950,1
6483,3907584,1100.19,2457,-0.9781,-0.0079,0.76405,0.975167,0.00764,0.0315,1273.59,742.1,-0.686,3161,4,19750,1
6484,3909632,1269.54,553,-0.4276,-0.008433,0.830064,0.942464,0.008077,0.0337,1273.75,742.4,-0.6893,3161,1,18500,1
6485,3909632,1316.52,562,-0.4503,-0.008433,0.830064,0.942464,0.008077,0.0337,1274.43,742.6,-0.6922,3156,3,19350,1
6486,3911680,1291.54,545,-0.427,-0.006993,0.705682,1.056523,0.002361,0.0378,1273.47,742.2,-0.6945,3156,1,22200,1
6487,3911680,1380.83,579,-0.388,-0.006993,0.705682,1.056523,0.002361,0.0378,1274.85,742.6,-0.6954,3157,2,19250,1
6488,3913728,1058.98,2463,-0.9355,-0.005713,0.731066,1.083198,0.002661,0.05,1271.43,761.3,-0.7013,3161,4,18850,1
6489,3915776,1262.03,563,-0.3762,-0.006201,0.699872,1.041556,0.005396,0.041,1269.35,760.8,-0.7011,3155,1,18200,1
6490,3915776,1316.05,579,-0.3729,-0.006201,0.699872,1.041556,0.005396,0.041,1268.5,760.6,-0.7006,3161,0,19000,1
6491,3915776,1250.1,2525,-0.8547,-0.006201,0.699872,1.041556,0.005396,0.041,1268.52,780.3,-0.7051,3156,7,20450,1
6492,3917824,1339.91,558,-0.3479,-0.004712,0.919364,0.927436,-0.000566,0.0117,1268.9,780.3,-0.7041,3155,3,19850,1
6493,3919872,1241.69,525,-0.3508,-0.008351,0.675724,1.086864,0.006638,0.0269,1268.89,760.4,-0.6968,3152,1,18550,1
6494,3919872,1123.96,762,-0.5725,-0.008351,0.675724,1.086864,0.006638,0.0269,1267.76,762.5,-0.6981,3156,2,18700,1
6495,3921920,1200.98,2496,-0.878,-0.005308,0.757538,1.028042,0.003925,0.0176,1266.1,781.6,-0.7018,3156,6,21450,1
6496,3921920,1232.68,531,-0.2908,-0.005308,0.757538,1.028042,0.003925,0.0176,1267.73,782.0,-0.6989,3156,0,18950,1
6497,3921920,1382.8,590,-0.3129,-0.005308,0.757538,1.028042,0.003925,0.0176,1268.14,782.1,-0.6963,3151,3,20950,1
6498,3923968,1396.97,616,-0.3702,-0.006703,1.330751,0.715566,0.003528,0.0261,1269.59,782.8,-0.6943,3152,2,19050,1
6499,3923968,1393.44,593,-0.3682,-0.006703,1.330751,0.715566,0.003528,0.0261,1270.91,783.3,-0.6914,3157,3,19550,1
6500,3923968,1234.47,520,-0.3651,-0.006703,1.330751,0.715566,0.003528,0.0261,1269.81,782.5,-0.6868,3155,0,21500,1
6501,3923968,1093.54,2435,-0.9545,-0.006703,1.330751,0.715566,0.003528,0.0261,1265.99,796.5,-0.686,3155,4,19350,1
6502,3926016,1273.73,540,-0.4681,-0.012779,1.390035,0.631374,0.010233,0.0508,1266.38,796.6,-0.682,3157,2,19650,1
6503,3926016,1234.88,515,-0.471,-0.012779,1.390035,0.631374,0.010233,0.0508,1266.24,796.1,-0.6776,3153,0,21700,1
6504,3926016,1389.7,595,-0.4913,-0.012779,1.390035,0.631374,0.010233,0.0508,1267.73,796.7,-0.674,3161,1,19000,1
6505,3926016,1233.96,514,-0.5161,-0.012779,1.390035,0.631374,0.010233,0.0508,1267.41,796.2,-0.6706,3151,0,18650,1
6506,3928064,1335.78,578,-0.6506,-0.012578,10.417697,0.274674,0.010748,0.032,1268.22,796.4,-0.6696,3149,3,19850,1
6507,3928064,1245.04,534,-0.6742,-0.012578,10.417697,0.274674,0.010748,0.032,1268.01,796.1,-0.6689,3161,2,18850,1
6508,3928064,1461.78,632,-0.7156,-0.012578,10.417697,0.274674,0.010748,0.032,1269.66,795.2,-0.6667,3156,4,19650,1
6509,3930112,1136.78,692,-0.9941,-0.012425,4.713551,0.433331,0.008749,0.0271,1267.02,795.9,-0.6696,3157,4,18900,1
6510,3930112,1253.64,526,-0.9223,-0.012425,4.713551,0.433331,0.008749,0.0271,1267.13,795.9,-0.6719,3161,1,18700,1
6511,3930112,1398.0,606,-0.93,-0.012425,4.713551,0.433331,0.008749,0.0271,1269.81,777.2,-0.6662,3161,2,19100,1
6512,3930112,1236.55,529,-0.9759,-0.012425,4.713551,0.433331,0.008749,0.0271,1268.94,776.6,-0.6693,3153,0,18500,1
6513,3932160,1234.28,524,-1.0621,-0.013526,5.039991,0.38261,0.012393,0.0366,1268.76,776.6,-0.6731,3149,0,18600,1
6514,3932160,1242.71,541,-1.092,-0.013526,5.039991,0.38261,0.012393,0.0366,1268.79,776.7,-0.6771,3161,0,18350,1
6515,3932160,1251.71,519,-1.125,-0.013526,5.039991,0.38261,0.012393,0.0366,1268.79,776.2,-0.6809,3161,2,21800,1
6516,3932160,1335.45,566,-1.1487,-0.013526,5.039991,0.38261,0.012393,0.0366,1268.25,775.8,-0.6846,3157,2,19400,1
6517,3934208,1244.39,534,-1.2495,-0.011466,10.810694,0.278191,0.010003,0.0305,1268.05,775.4,-0.6886,3154,0,18600,1
6518,3934208,1238.53,543,-1.2952,-0.011466,10.810694,0.278191,0.010003,0.0305,1265.55,774.4,-0.6928,3161,0,18400,1
6519,3934208,1256.82,560,-1.3341,-0.011466,10.810694,0.278191,0.010003,0.0305,1264.37,773.9,-0.6959,3153,0,18100,1
6520,3934208,1235.54,523,-1.376,-0.011466,10.810694,0.278191,0.010003,0.0305,1262.29,773.0,-0.6988,3155,0,20050,1
6521,3936256,1388.09,610,-1.4137,-0.010728,7.500745,0.327582,0.010106,0.0317,1263.73,773.5,-0.7018,3161,2,19150,1
6522,3936256,1252.95,532,-1.4942,-0.010728,7.500745,0.327582,0.010106,0.0317,1263.9,773.6,-0.7061,3153,1,18800,1
6523,3938304,1255.51,551,-1.5439,-0.010007,1.987072,0.547069,0.008125,0.0288,1264.13,773.7,-0.7125,3161,1,18400,1
6524,3938304,1268.63,539,-1.448,-0.010007,1.987072,0.547069,0.008125,0.0288,1264.49,773.8,-0.7182,3156,1,18850,1
6525,3940352,1244.12,541,-1.2582,-0.005892,1.065184,0.775657,0.008353,0.0608,1264.28,773.6,-0.7225,3161,0,18400,1
6526,3940352,1249.55,543,-0.9365,-0.005892,1.065184,0.775657,0.008353,0.0608,1264.33,773.6,-0.7238,3153,0,18950,1
6527,3942400,1326.06,576,-0.6172,-0.006252,0.720206,1.077264,0.003962,0.0576,1265.24,774.0,-0.722,3161,3,19450,1
6528,3942400,1469.2,629,-0.4939,-0.006252,0.720206,1.077264,0.003962,0.0576,1267.17,774.7,-0.719,3152,4,19850,1
6529,3944448,1491.62,630,-0.3867,-0.005908,0.704099,1.138245,0.000959,0.04,1271.07,756.5,-0.7077,3151,4,19600,1
6530,3944448,1173.45,2489,-1.4416,-0.005908,0.704099,1.138245,0.000959,0.04,1270.18,775.9,-0.7142,3154,6,21550,1
6531,3946496,1352.84,687,-0.49,-0.006256,1.189391,0.85366,0.004548,0.0151,1270.29,776.9,-0.711,3161,2,19400,1
6532,3946496,1243.01,535,-0.3475,-0.006256,1.189391,0.85366,0.004548,0.0151,1270.22,776.9,-0.7058,3161,0,18750,1
6533,3946496,1230.28,555,-0.3666,-0.006256,1.189391,0.85366,0.004548,0.0151,1268.69,776.4,-0.7007,3157,0,18750,1
6534,3946496,1195.38,2506,-1.1749,-0.006256,1.189391,0.85366,0.004548,0.0151,1268.3,796.4,-0.7034,3155,7,20250,1
6535,3948544,1380.97,619,-0.4805,-0.008846,2.647829,0.504647,0.00822,0.0205,1269.77,797.3,-0.6988,3157,3,18850,1
6536,3948544,1319.96,567,-0.4721,-0.008846,2.647829,0.504647,0.00822,0.0205,1270.48,797.4,-0.6928,3151,3,19300,1
6537,3950592,1385.79,596,-0.4785,-0.007557,0.795947,0.928053,0.005565,0.0305,1270.98,797.7,-0.6866,3157,1,18800,1
6538,3950592,1236.49,513,-0.446,-0.007557,0.795947,0.928053,0.005565,0.0305,1270.3,797.1,-0.6794,3152,0,18350,1
6539,3952640,1297.66,545,-0.3807,-0.006599,0.715238,1.01394,0.001833,0.0164,1270.28,796.8,-0.6711,3155,2,19250,1
6540,3954688,1404.68,601,-0.3951,-0.006615,0.708235,1.097375,-0.000551,0.0161,1271.62,797.2,-0.662,3157,3,20950,1
6541,3956736,1384.57,610,-0.3628,-0.008354,0.817789,1.018986,0.006611,0.0601,1272.01,797.4,-0.6582,3155,2,18850,1
6542,3956736,1252.28,2531,-1.0043,-0.008354,0.817789,1.018986,0.006611,0.0601,1272.21,817.4,-0.6678,3157,6,20350,1
6543,3956736,1530.73,715,-0.4408,-0.008354,0.817789,1.018986,0.006611,0.0601,1275.2,819.4,-0.6737,3153,1,18700,1
6544,3956736,1269.28,2544,-0.9492,-0.008354,0.817789,1.018986,0.006611,0.0601,1275.97,820.1,-0.6715,3154,4,21550,1
6545,3958784,1251.52,535,-0.3756,-0.01248,5.698505,0.432913,0.009586,0.0215,1277.5,800.8,-0.6639,3153,0,18200,1
6546,3958784,1225.97,584,-0.4679,-0.01248,5.698505,0.432913,0.009586,0.0215,1276.44,782.5,-0.6608,3150,0,18250,1
6547,3958784,1449.87,622,-0.4682,-0.01248,5.698505,0.432913,0.009586,0.0215,1276.52,782.7,-0.6661,3151,4,20350,1
6548,3960832,1398.19,607,-0.567,-0.011128,1.731258,0.608684,0.006966,0.0229,1277.36,783.0,-0.6719,3149,1,20750,1
6549,3960832,1256.65,561,-0.6263,-0.011128,1.731258,0.608684,0.006966,0.0229,1276.1,782.6,-0.6782,3151,1,18500,1
6550,3960832,338.99,166,-0.6412,-0.011128,1.731258,0.608684,0.006966,0.0229,1266.84,778.9,-0.6847,1423,0,200,0
6551,3960832,1256.69,558,-0.6328,-0.011128,1.731258,0.608684,0.006966,0.0229,1267.06,779.1,-0.6898,3156,0,18350,1
6552,3962880,1249.12,532,-0.6782,-0.005053,1.236479,0.732695,0.002169,0.0193,1267.07,778.9,-0.6945,3161,0,20050,1
6553,3962880,1285.11,566,-0.6934,-0.005053,1.236479,0.732695,0.002169,0.0193,1267.29,779.0,-0.6987,3157,2,19050,1
6554,3962880,1242.92,554,-0.7232,-0.005053,1.236479,0.732695,0.002169,0.0193,1265.08,777.5,-0.703,3161,1,19750,1
6555,3964928,1253.65,535,-0.7018,-0.004729,1.281899,0.697625,0.00501,0.0178,1265.21,777.5,-0.706,3151,1,18800,1
6556,3964928,1230.52,504,-0.6865,-0.004729,1.281899,0.697625,0.00501,0.0178,1265.11,777.2,-0.7082,3155,0,18750,1
6557,3964928,1244.73,532,-0.7062,-0.004729,1.281899,0.697625,0.00501,0.0178,1265.23,777.1,-0.7107,3150,0,18600,1
6558,3966976,1200.95,2485,-1.1435,-0.002417,1.340942,0.655796,0.001793,0.0247,1264.94,796.8,-0.7167,3161,6,20150,1
6559,3966976,476.01,208,-0.7177,-0.002417,1.340942,0.655796,0.001793,0.0247,1257.14,793.4,-0.7181,1946,0,100,0
6560,3966976,1255.06,540,-0.7163,-0.002417,1.340942,0.655796,0.001793,0.0247,1257.23,793.5,-0.7195,3161,1,18850,1
6561,3966976,1233.08,521,-0.7204,-0.002417,1.340942,0.655796,0.001793,0.0247,1255.55,792.5,-0.7205,3150,0,19850,1
6562,3969024,1374.85,792,-0.9488,-0.013794,4.264279,0.412453,0.011619,0.0298,1255.26,794.3,-0.7236,3161,0,18500,1
6563,3969024,1271.02,550,-0.8146,-0.013794,4.264279,0.412453,0.011619,0.0298,1253.45,793.5,-0.7256,3149,1,20250,1
6564,3969024,1241.65,542,-0.862,-0.013794,4.264279,0.412453,0.011619,0.0298,1259.59,796.2,-0.728,3150,0,18400,1
6565,3969024,1234.98,518,-0.8717,-0.013794,4.264279,0.412453,0.011619,0.0298,1259.43,795.8,-0.7305,3150,0,18600,1
6566,3971072,1251.64,529,-0.9232,-0.013401,5.987281,0.380694,0.01121,0.0244,1259.6,775.6,-0.7281,3156,1,18800,1
6567,3971072,1449.45,627,-0.9764,-0.013401,5.987281,0.380694,0.01121,0.0244,1261.4,776.1,-0.7315,3157,3,19700,1
6568,3971072,1249.23,540,-1.0008,-0.013401,5.987281,0.380694,0.01121,0.0244,1261.57,776.2,-0.735,3155,1,18700,1
6569,3973120,1234.28,527,-1.015,-0.010679,11.467069,0.338743,0.008328,0.0244,1260.92,775.9,-0.7382,3155,0,20050,1
6570,3973120,1232.75,527,-1.074,-0.010679,11.467069,0.338743,0.008328,0.0244,1260.63,775.6,-0.7419,3156,0,18650,1
6571,3973120,1230.66,512,-1.1725,-0.010679,11.467069,0.338743,0.008328,0.0244,1259.88,775.1,-0.7464,3155,0,21700,1
6572,3973120,1407.28,631,-1.1928,-0.010679,11.467069,0.338743,0.008328,0.0244,1261.62,776.2,-0.7514,3153,1,18800,1
6573,3975168,1258.32,539,-1.1963,-0.012022,8.336961,0.382467,0.011357,0.0334,1258.67,775.0,-0.756,3152,1,18500,1
6574,3975168,629.02,277,-1.3442,-0.012022,8.336961,0.382467,0.011357,0.0334,1252.65,772.1,-0.7624,2756,0,200,0
6575,3975168,1269.46,574,-1.2875,-0.012022,8.336961,0.382467,0.011357,0.0334,1253.34,768.8,-0.7663,3153,1,19450,1
6576,3977216,1332.42,571,-1.421,-0.010312,7.538313,0.358369,0.00805,0.0251,1255.88,749.9,-0.7658,3155,1,18800,1
6577,3977216,1328.55,583,-1.451,-0.010312,7.538313,0.358369,0.00805,0.0251,1256.47,750.3,-0.7754,3161,2,19000,1
6578,3977216,1252.86,538,-1.5083,-0.010312,7.538313,0.358369,0.00805,0.0251,1256.58,750.2,-0.7862,3149,0,20050,1
6579,3977216,1273.45,593,-1.5096,-0.010312,7.538313,0.358369,0.00805,0.0251,1256.93,750.8,-0.7971,3161,2,18300,1
6580,3979264,1235.46,525,-1.6421,-0.011789,7.679888,0.327437,0.010862,0.0276,1258.41,749.9,-0.8079,3149,0,20050,1
6581,3979264,1400.34,638,-1.7576,-0.011789,7.679888,0.327437,0.010862,0.0276,1259.7,750.8,-0.8207,3161,2,19250,1
6582,3979264,1243.42,552,-1.7773,-0.011789,7.679888,0.327437,0.010862,0.0276,1259.79,750.8,-0.8335,3156,0,20050,1
6583,3979264,1234.58,547,-1.7745,-0.011789,7.679888,0.327437,0.010862,0.0276,1261.13,731.7,-0.8415,3161,0,18400,1
6584,3981312,1236.49,535,-1.8894,-0.013967,5.93706,0.409524,0.010823,0.0242,1260.8,731.5,-0.8561,3156,0,18400,1
6585,3981312,1233.64,559,-1.913,-0.013967,5.93706,0.409524,0.010823,0.0242,1259.97,731.5,-0.8707,3161,0,18050,1
6586,3981312,1256.38,524,-1.9106,-0.013967,5.93706,0.409524,0.010823,0.0242,1259.62,731.3,-0.8855,3154,1,18550,1
6587,3981312,1405.05,590,-1.9105,-0.013967,5.93706,0.409524,0.010823,0.0242,1259.86,731.4,-0.9008,3161,3,19800,1
6588,3983360,1239.1,525,-2.0109,-0.011201,9.960614,0.356614,0.007488,0.0229,1261.66,712.0,-0.9115,3149,0,18600,1
6589,3983360,1260.48,559,-2.1016,-0.011201,9.960614,0.356614,0.007488,0.0229,1261.65,712.0,-0.9288,3151,1,18500,1
6590,3983360,1251.63,544,-2.1028,-0.011201,9.960614,0.356614,0.007488,0.0229,1261.0,711.6,-0.9461,3152,1,19950,1
6591,3985408,1442.41,691,-2.2129,-0.011176,6.942263,0.419798,0.008731,0.02,1262.93,693.3,-0.9596,3157,2,21400,1
6592,3985408,1245.36,557,-2.1966,-0.011176,6.942263,0.419798,0.008731,0.02,1261.98,693.3,-0.9781,3157,0,18300,1
6593,3985408,1229.73,527,-2.2472,-0.011176,6.942263,0.419798,0.008731,0.02,1261.86,693.3,-0.9971,3161,0,18600,1
6594,3985408,1384.14,608,-2.2431,-0.011176,6.942263,0.419798,0.008731,0.02,1264.46,691.8,-1.0138,3152,1,18500,1
6595,3987456,1232.29,519,-2.2615,-0.009918,5.723611,0.492905,0.00839,0.0195,1264.78,672.0,-1.0276,3149,0,18650,1
6596,3987456,1243.09,552,-2.2648,-0.009918,5.723611,0.492905,0.00839,0.0195,1264.88,672.2,-1.0474,3155,1,20050,1
6597,3987456,1254.45,582,-2.2511,-0.009918,5.723611,0.492905,0.00839,0.0195,1263.6,672.1,-1.0668,3156,0,18700,1
6598,3987456,1246.07,533,-2.2756,-0.009918,5.723611,0.492905,0.00839,0.0195,1262.09,671.3,-1.0858,3153,1,20050,1
6599,3989504,1235.08,559,-2.247,-0.005443,4.407292,0.421507,0.004425,0.019,1260.51,671.0,-1.1046,3150,0,18350,1
6600,3989504,1120.23,724,-2.2173,-0.005443,4.407292,0.421507,0.004425,0.019,1259.36,673.0,-1.1231,3151,1,18150,1
6601,3989504,1377.65,578,-2.0776,-0.005443,4.407292,0.421507,0.004425,0.019,1262.2,654.4,-1.1344,3154,4,19650,1
6602,3991552,1241.54,567,-2.1019,-0.007132,4.902808,0.500657,0.004676,0.0176,1261.88,654.7,-1.1507,3154,0,18150,1
6603,3991552,1236.79,555,-2.1059,-0.007132,4.902808,0.500657,0.004676,0.0176,1261.9,655.1,-1.167,3149,0,17850,1
6604,3993600,1140.14,674,-2.2088,-0.012056,3.18613,0.594958,0.011455,0.0242,1259.41,655.9,-1.1842,3152,2,18300,1
6605,3993600,1249.69,577,-2.043,-0.012056,3.18613,0.594958,0.011455,0.0242,1259.56,656.5,-1.1995,3153,0,17900,1
6606,3993600,1434.59,635,-2.0504,-0.012056,3.18613,0.594958,0.011455,0.0242,1260.55,657.1,-1.2135,3149,3,20250,1
6607,3993600,1244.16,538,-1.9167,-0.012056,3.18613,0.594958,0.011455,0.0242,1260.54,657.1,-1.2259,3150,0,20650,1
6608,3995648,1247.93,542,-1.7124,-0.011254,7.580674,0.399832,0.007718,0.0132,1258.4,656.2,-1.2359,3151,0,18950,1
6609,3995648,639.76,314,-1.7396,-0.011254,7.580674,0.399832,0.007718,0.0132,1253.43,652.5,-1.2433,2750,0,500,0
6610,3995648,1249.23,547,-1.7324,-0.011254,7.580674,0.399832,0.007718,0.0132,1253.39,652.7,-1.2514,3155,1,20050,1
6611,3995648,1481.12,653,-1.7246,-0.011254,7.580674,0.399832,0.007718,0.0132,1254.22,653.1,-1.2594,3151,3,20050,1
6612,3997696,1253.08,541,-1.8691,-0.010628,5.909736,0.482901,0.007957,0.0146,1254.39,653.2,-1.2683,3150,1,18700,1
6613,3997696,1244.82,557,-1.8753,-0.010628,5.909736,0.482901,0.007957,0.0146,1254.49,653.6,-1.2764,3161,0,21000,1
6614,3997696,1286.82,560,-1.8753,-0.010628,5.909736,0.482901,0.007957,0.0146,1254.93,653.8,-1.2843,3161,1,20350,1
6615,3999744,1228.3,541,-1.8342,-0.007351,2.412087,0.572749,0.00555,0.0283,1254.7,654.0,-1.2914,3152,0,18200,1
6616,3999744,1248.26,545,-1.7826,-0.007351,2.412087,0.572749,0.00555,0.0283,1253.83,653.8,-1.2977,3157,0,18100,1
6617,3999744,1398.32,643,-1.835,-0.007351,2.412087,0.572749,0.00555,0.0283,1255.37,654.9,-1.3036,3161,1,18750,1
6618,4001792,1386.09,590,-1.1651,-0.008797,1.339534,0.77317,0.009433,0.0439,1256.84,655.3,-1.3023,3152,1,19050,1
6619,4003840,1243.89,559,-0.466,-0.004616,0.743747,1.378626,0.010878,0.0942,1256.71,655.3,-1.2936,3161,0,18900,1
6620,4005888,1120.81,2495,-1.5661,-0.006353,0.505899,1.499006,0.003974,0.0378,1255.56,675.0,-1.2955,3149,4,19050,1
6621,4009984,1106.51,2465,-0.8321,-0.005993,0.483323,1.558081,0.003769,0.0347,1252.75,693.6,-1.2897,3156,3,18800,1
6622,4012032,1254.18,567,0.193,-0.007745,0.498807,1.423591,0.01099,0.0605,1252.76,694.0,-1.2728,3154,0,20150,1
6623,4016128,1130.17,2481,-0.3858,-0.007453,0.453242,1.651056,0.010928,0.0818,1251.51,713.2,-1.2612,3161,5,20050,1
6624,4016128,920.73,4367,-0.7128,-0.007453,0.453242,1.651056,0.010928,0.0818,1248.03,751.5,-1.2539,3161,8,19950,1
6625,4018176,1357.83,611,0.2858,-0.00497,0.500447,1.430264,0.009264,0.0278,1249.17,752.2,-1.2384,3156,2,18650,1
6626,4022272,1279.21,575,0.3181,-0.006268,0.51969,1.395318,0.006208,0.0588,1249.46,752.5,-1.2259,3152,2,18600,1
6627,4022272,1094.52,2462,-0.3093,-0.006268,0.51969,1.395318,0.006208,0.0588,1247.15,771.4,-1.2228,3155,4,18900,1
6628,4022272,976.29,4396,-0.4431,-0.006268,0.51969,1.395318,0.006208,0.0588,1242.22,809.1,-1.2223,3149,8,19950,1
6629,4024320,1298.1,561,0.2845,-0.006138,1.094166,0.779388,0.006259,0.0342,1240.28,808.4,-1.2156,3155,3,19300,1
6630,4024320,1427.21,622,0.2124,-0.006138,1.094166,0.779388,0.006259,0.0342,1242.82,789.7,-1.199,3150,3,19300,1
6631,4024320,1104.76,2473,-0.4345,-0.006138,1.094166,0.779388,0.006259,0.0342,1240.34,807.6,-1.1985,3161,4,19100,1
6632,4026368,1351.51,582,0.1168,-0.007267,0.823606,0.969558,0.001877,0.0127,1241.42,808.0,-1.1938,3157,3,20850,1
6633,4026368,1232.58,531,0.1377,-0.007267,0.823606,0.969558,0.001877,0.0127,1241.45,807.8,-1.1888,3161,0,18250,1
6634,4028416,1398.13,599,0.0551,-0.005895,1.27681,0.712493,0.004479,0.0115,1243.47,788.7,-1.1765,3161,2,20750,1
6635,4028416,1417.61,634,-0.0379,-0.005895,1.27681,0.712493,0.004479,0.0115,1243.84,788.9,-1.1721,3155,2,20550,1
6636,4030464,1530.48,717,-0.1351,-0.007609,0.70411,1.050939,0.004118,0.0225,1245.95,790.4,-1.1687,3156,2,18900,1
6637,4032512,1116.66,2468,-0.8248,-0.009777,0.618851,1.224462,0.003289,0.0269,1243.25,809.1,-1.1722,3155,5,21050,1
6638,4036608,1279.66,2540,-0.6433,-0.005104,0.474105,1.683836,0.002695,0.0244,1243.69,829.4,-1.1741,3156,6,21550,1
6639,4038656,1244.8,529,0.482,-0.005562,0.50802,1.433566,0.002067,0.0261,1243.16,829.2,-1.1655,3157,0,20050,1
6640,4038656,1114.75,2444,-0.4674,-0.005562,0.50802,1.433566,0.002067,0.0261,1240.26,847.6,-1.1662,3152,5,19750,1
6641,4040704,1053.0,2425,-0.4005,-0.004245,0.700155,1.059558,-0.000186,0.0161,1236.94,865.8,-1.1666,3161,4,19100,1
6642,4040704,1102.7,2464,-0.378,-0.004245,0.700155,1.059558,-0.000186,0.0161,1235.45,865.1,-1.1603,3161,4,19200,1
6643,4040704,1490.04,758,0.1389,-0.004245,0.700155,1.059558,-0.000186,0.0161,1235.04,865.6,-1.1545,3150,3,19900,1
6644,4042752,1549.82,693,0.1092,-0.010992,0.875559,0.937392,0.011408,0.0625,1237.85,847.0,-1.144,3154,2,19200,1
6645,4042752,1232.92,539,0.1378,-0.010992,0.875559,0.937392,0.011408,0.0625,1237.66,847.1,-1.1388,3150,0,18650,1
6646,4044800,1482.75,630,0.0804,-0.010492,1.311267,0.729725,0.004959,0.0266,1240.23,847.5,-1.1333,3150,2,19100,1
6647,4044800,1536.77,687,-0.0879,-0.010492,1.311267,0.729725,0.004959,0.0266,1241.1,848.2,-1.1295,3161,5,20000,1
6648,4046848,1393.94,593,-0.0944,-0.008537,1.20432,0.829984,0.005371,0.0295,1241.05,848.1,-1.1248,3157,3,20850,1
6649,4046848,1356.75,895,-0.4636,-0.008537,1.20432,0.829984,0.005371,0.0295,1242.05,851.4,-1.1232,3161,1,20250,1
6650,4048896,1419.72,618,-0.17,-0.005881,0.928162,0.862125,0.005311,0.0273,1252.86,855.9,-1.1185,3154,5,19700,1
6651,4048896,1255.43,2533,-0.7091,-0.005881,0.928162,0.862125,0.005311,0.0273,1252.85,875.7,-1.1192,3153,6,19700,1
6652,4048896,1523.89,721,-0.2548,-0.005881,0.928162,0.862125,0.005311,0.0273,1255.6,877.6,-1.115,3150,2,21900,1
6653,4050944,1242.78,548,-0.2107,-0.008418,2.798182,0.498807,0.007287,0.0195,1255.17,877.4,-1.1102,3153,1,18500,1
6654,4050944,1246.62,534,-0.2462,-0.008418,2.798182,0.498807,0.007287,0.0195,1255.21,877.2,-1.1054,3161,0,18600,1
6655,4052992,1354.53,597,-0.2824,-0.004663,0.793198,0.857554,0.005811,0.061,1256.22,877.8,-1.1012,3151,3,19050,1
6656,4055040,1071.12,528,-0.1809,-0.006383,0.575788,1.217696,0.0026,0.0164,1254.63,878.0,-1.0962,3161,1,18150,1
6657,4057088,1111.19,2453,-0.9219,-0.006423,0.521519,1.447296,0.003847,0.0266,1253.29,897.2,-1.0983,3155,4,19500,1
6658,4057088,1238.44,540,0.235,-0.006423,0.521519,1.447296,0.003847,0.0266,1253.67,877.8,-1.0845,3154,0,18050,1
6659,4059136,1119.2,2479,-0.8679,-0.004677,0.569161,1.204365,0.005704,0.0227,1260.1,900.5,-1.086,3155,6,19250,1
6660,4059136,1352.16,604,0.21,-0.004677,0.569161,1.204365,0.005704,0.0227,1261.07,901.1,-1.0768,3157,3,19150,1
6661,4061184,1149.23,592,-0.0117,-0.006246,1.228429,0.742056,0.005644,0.0242,1260.23,901.9,-1.0697,3154,1,18500,1
6662,4061184,1329.04,570,0.1805,-0.006246,1.228429,0.742056,0.005644,0.0242,1259.77,899.6,-1.0584,3161,4,19500,1
6663,4061184,1116.41,2482,-0.6863,-0.006246,1.228429,0.742056,0.005644,0.0242,1258.23,919.0,-1.0571,3156,4,19100,1
6664,4061184,1432.99,623,0.054,-0.006246,1.228429,0.742056,0.005644,0.0242,1260.14,919.8,-1.0479,3150,1,19100,1
6665,4063232,1404.48,597,-0.0652,-0.011275,4.082289,0.406657,0.00939,0.0244,1261.83,920.6,-1.0399,3151,0,19100,1
6666,4063232,1213.78,777,-0.4168,-0.011275,4.082289,0.406657,0.00939,0.0244,1261.46,923.0,-1.0348,3153,0,20250,1
6667,4065280,1398.81,603,-0.1801,-0.011599,1.178596,0.783645,0.012308,0.0544,1260.95,922.8,-1.0269,3149,2,19100,1
6668,4065280,1423.38,600,-0.2773,-0.011599,1.178596,0.783645,0.012308,0.0544,1262.69,923.4,-1.0196,3156,3,19750,1
6669,4067328,1253.37,540,-0.3188,-0.011529,0.848518,0.851416,0.014212,0.084,1262.88,923.5,-1.0127,3149,2,18900,1
6670,4067328,1590.13,670,-0.3498,-0.011529,0.848518,0.851416,0.014212,0.084,1266.46,925.0,-1.0054,3153,6,20750,1
6671,4069376,1420.34,737,-0.564,-0.008891,0.712542,1.064528,0.00365,0.0388,1268.35,927.2,-0.9993,3161,4,19950,1
6672,4069376,1103.34,2447,-0.8685,-0.008891,0.712542,1.064528,0.00365,0.0388,1265.31,945.4,-0.9961,3157,4,20350,1
6673,4069376,1361.16,590,-0.3067,-0.008891,0.712542,1.064528,0.00365,0.0388,1266.34,945.9,-0.9872,3152,2,19650,1
6674,4073472,1299.12,548,-0.0764,-0.006146,0.762625,0.947748,0.004483,0.0183,1273.04,948.6,-0.9745,3161,1,20550,1
6675,4073472,1178.16,2482,-0.8959,-0.006146,0.762625,0.947748,0.004483,0.0183,1272.13,967.7,-0.9706,3157,5,19500,1
6676,4075520,1267.27,565,-0.1228,-0.007184,0.66308,1.070314,0.008057,0.0317,1271.48,967.6,-0.9576,3156,2,18400,1
6677,4075520,1349.26,589,-0.1272,-0.007184,0.66308,1.070314,0.008057,0.0317,1271.68,967.7,-0.9444,3151,4,20050,1
6678,4077568,1311.8,575,-0.1214,-0.004285,0.686078,1.042259,0.001892,0.0093,1272.27,968.0,-0.9305,3154,2,18700,1
6679,4079616,1101.86,2457,-0.7556,-0.003895,0.631083,1.145824,-3.3e-05,0.0166,1270.56,986.7,-0.923,3152,4,19000,1
6680,4079616,1650.23,757,-0.2055,-0.003895,0.631083,1.145824,-3.3e-05,0.0166,1274.71,989.0,-0.9086,3151,4,20200,1
6681,4081664,1355.8,587,-0.0483,-0.009632,0.641829,1.144338,0.003492,0.0208,1274.26,988.5,-0.8915,3152,3,19700,1
6682,4083712,1138.58,703,-0.2743,-0.008172,0.614566,1.15776,0.004622,0.04,1273.21,990.0,-0.8765,3152,1,18400,1
6683,4083712,1238.82,554,-0.0383,-0.008172,0.614566,1.15776,0.004622,0.04,1273.25,990.1,-0.8591,3161,0,18400,1
6684,4085760,1421.62,620,-0.0732,-0.005081,0.672746,1.064284,0.002304,0.0278,1275.11,990.9,-0.841,3150,2,19100,1
6685,4085760,1180.98,2511,-0.6762,-0.005081,0.672746,1.064284,0.002304,0.0278,1274.58,1010.4,-0.8286,3154,4,19350,1
6686,4087808,1061.38,4432,-0.7748,-0.007305,0.82985,0.8965,0.008585,0.0449,1272.63,1049.5,-0.8172,3150,9,20650,1
6687,4087808,1163.54,670,-0.2978,-0.007305,0.82985,0.8965,0.008585,0.0449,1270.21,1050.3,-0.8011,3157,2,20350,1
6688,4087808,1262.22,550,-0.1255,-0.007305,0.82985,0.8965,0.008585,0.0449,1270.44,1050.6,-0.7823,3161,1,18700,1
6689,4087808,1249.32,538,-0.1409,-0.007305,0.82985,0.8965,0.008585,0.0449,1270.33,1050.4,-0.7626,3155,2,18900,1
6690,4089856,1333.99,570,-0.2717,-0.011065,3.508312,0.3775,0.010291,0.0256,1271.16,1050.6,-0.7443,3150,1,19100,1
6691,4089856,1239.18,562,-0.3112,-0.011065,3.508312,0.3775,0.010291,0.0256,1269.12,1049.3,-0.7253,3161,1,18600,1
6692,4089856,1324.88,568,-0.3781,-0.011065,3.508312,0.3775,0.010291,0.0256,1269.92,1049.4,-0.7071,3161,3,19150,1
6693,4091904,1376.59,585,-0.5438,-0.008699,1.434291,0.585658,0.007725,0.0137,1271.39,1050.0,-0.6901,3153,3,20150,1
6694,4091904,1246.14,536,-0.5403,-0.008699,1.434291,0.585658,0.007725,0.0137,1270.01,1049.3,-0.6731,3155,0,18650,1
6695,4091904,1290.84,568,-0.5925,-0.008699,1.434291,0.585658,0.007725,0.0137,1270.59,1049.8,-0.6564,3156,3,18950,1
6696,4093952,1267.31,529,-0.6704,-0.006338,1.2934,0.618473,0.008914,0.0432,1270.84,1049.6,-0.6404,3156,3,19200,1
6697,4093952,1423.1,625,-0.7003,-0.006338,1.2934,0.618473,0.008914,0.0432,1272.52,1050.0,-0.6249,3161,1,20550,1
6698,4093952,1234.4,542,-0.7228,-0.006338,1.2934,0.618473,0.008914,0.0432,1272.41,1050.1,-0.6094,3161,0,18350,1
6699,4096000,1247.18,533,-0.7443,-0.004301,1.269348,0.64133,0.003766,0.0166,1272.53,1049.8,-0.5944,3151,0,18500,1
6700,4096000,1396.33,591,-0.7335,-0.004301,1.269348,0.64133,0.003766,0.0166,1275.29,1048.5,-0.5795,3157,2,18800,1
6701,4096000,1276.68,559,-0.7426,-0.004301,1.269348,0.64133,0.003766,0.0166,1274.28,1048.3,-0.5662,3156,3,19250,1
6702,4098048,1212.02,2499,-1.1848,-0.006044,1.54296,0.58899,0.004432,0.0222,1273.98,1067.6,-0.557,3155,7,21550,1
6703,4098048,1436.97,628,-0.7779,-0.006044,1.54296,0.58899,0.004432,0.0222,1275.98,1068.3,-0.5437,3154,3,19950,1
6704,4098048,1239.9,522,-0.7786,-0.006044,1.54296,0.58899,0.004432,0.0222,1276.98,1066.8,-0.5294,3150,0,20050,1
6705,4100096,1395.12,589,-0.8711,-0.011249,5.121991,0.336146,0.011241,0.032,1278.44,1067.0,-0.5177,3155,3,19400,1
6706,4100096,1118.73,757,-1.2549,-0.011249,5.121991,0.336146,0.011241,0.032,1275.28,1068.2,-0.5098,3153,1,18550,1
6707,4100096,1251.7,511,-0.9772,-0.011249,5.121991,0.336146,0.011241,0.032,1275.35,1067.9,-0.5004,3155,1,18950,1
6708,4102144,1207.77,738,-1.3183,-0.013105,2.048025,0.528888,0.014012,0.051,1274.95,1069.9,-0.4964,3153,2,18650,1
6709,4102144,1420.22,628,-1.0198,-0.013105,2.048025,0.528888,0.014012,0.051,1282.76,1073.0,-0.4892,3161,1,19100,1
6710,4102144,1522.05,723,-1.0562,-0.013105,2.048025,0.528888,0.014012,0.051,1285.48,1074.8,-0.4825,3156,3,22500,1
6711,4102144,1344.22,568,-1.006,-0.013105,2.048025,0.528888,0.014012,0.051,1284.12,1073.9,-0.4753,3152,3,19100,1
6712,4104192,1245.58,527,-1.0318,-0.01323,5.704327,0.376486,0.013097,0.0291,1284.04,1073.8,-0.4669,3150,0,18600,1
6713,4104192,1316.47,594,-1.1248,-0.01323,5.704327,0.376486,0.013097,0.0291,1284.76,1074.1,-0.4594,3153,2,21600,1
6714,4104192,1257.4,541,-1.1588,-0.01323,5.704327,0.376486,0.013097,0.0291,1284.46,1074.0,-0.4522,3155,1,18500,1
6715,4106240,1263.91,535,-1.2009,-0.008967,4.210334,0.365047,0.009506,0.0315,1284.82,1073.9,-0.4459,3161,1,20350,1
6716,4106240,1159.59,703,-1.4217,-0.008967,4.210334,0.365047,0.009506,0.0315,1283.93,1075.5,-0.4423,3161,1,18300,1
6717,4108288,1405.41,604,-1.3055,-0.011189,5.280884,0.337912,0.010243,0.0247,1284.0,1075.1,-0.437,3155,3,19100,1
6718,4108288,1422.37,669,-1.4143,-0.011189,5.280884,0.337912,0.010243,0.0247,1284.37,1075.9,-0.4395,3157,2,18700,1
6719,4108288,1232.48,513,-1.3574,-0.011189,5.280884,0.337912,0.010243,0.0247,1284.25,1075.4,-0.4484,3149,0,18650,1
6720,4108288,1288.75,547,-1.3627,-0.011189,5.280884,0.337912,0.010243,0.0247,1285.93,1055.9,-0.4464,3150,2,18900,1
6721,4110336,1244.79,547,-1.476,-0.011887,7.578827,0.285457,0.010359,0.0308,1287.31,1036.8,-0.4528,3155,0,18750,1
6722,4110336,1343.6,578,-1.4647,-0.011887,7.578827,0.285457,0.010359,0.0308,1288.21,1036.9,-0.4694,3161,3,19400,1
6723,4110336,1233.77,518,-1.4907,-0.011887,7.578827,0.285457,0.010359,0.0308,1289.24,1017.2,-0.4804,3156,0,18600,1
6724,4110336,1353.76,808,-1.8907,-0.011887,7.578827,0.285457,0.010359,0.0308,1293.57,981.6,-0.4922,3151,2,19050,1
6725,4112384,1244.01,528,-1.5445,-0.014419,2.904689,0.456492,0.011436,0.0459,1292.44,980.8,-0.5105,3149,0,18600,1
6726,4112384,1251.33,548,-1.532,-0.014419,2.904689,0.456492,0.011436,0.0459,1292.16,980.5,-0.529,3161,1,18400,1
6727,4112384,1299.39,552,-1.5297,-0.014419,2.904689,0.456492,0.011436,0.0459,1294.21,961.4,-0.5412,3153,2,18900,1
6728,4114432,1405.37,603,-1.4706,-0.011074,9.079284,0.288856,0.009337,0.0222,1298.5,923.5,-0.5515,3152,2,20650,1
6729,4114432,1269.59,566,-1.5031,-0.011074,9.079284,0.288856,0.009337,0.0222,1298.21,923.6,-0.5694,3155,2,18850,1
6730,4114432,1261.36,537,-1.5096,-0.011074,9.079284,0.288856,0.009337,0.0222,1296.55,922.7,-0.5866,3155,2,18800,1
6731,4114432,1429.16,629,-1.5036,-0.011074,9.079284,0.288856,0.009337,0.0222,1299.8,904.3,-0.5973,3152,2,19350,1
6732,4116480,1484.89,607,-1.6122,-0.008317,9.628558,0.267172,0.00931,0.0261,1301.13,904.5,-0.6146,3155,4,19850,1
6733,4116480,1250.78,541,-1.6645,-0.008317,9.628558,0.267172,0.00931,0.0261,1301.31,904.6,-0.6326,3161,1,20250,1
6734,4116480,1390.82,595,-1.6619,-0.008317,9.628558,0.267172,0.00931,0.0261,1301.24,904.6,-0.6498,3161,2,19700,1
6735,4116480,1402.5,810,-1.9123,-0.008317,9.628558,0.267172,0.00931,0.0261,1301.09,906.3,-0.6685,3154,1,19350,1
6736,4118528,1389.64,588,-1.7015,-0.012878,3.144496,0.500409,0.010962,0.0281,1299.68,905.0,-0.6842,3157,2,20550,1
6737,4118528,1258.05,550,-1.6857,-0.012878,3.144496,0.500409,0.010962,0.0281,1301.09,885.9,-0.6928,3161,1,18650,1
6738,4118528,1308.94,549,-1.6902,-0.012878,3.144496,0.500409,0.010962,0.0281,1301.39,866.0,-0.7033,3161,2,19200,1
6739,4120576,1251.61,549,-1.6881,-0.010543,9.612483,0.292606,0.00766,0.0212,1301.46,866.2,-0.725,3150,2,19350,1
6740,4120576,1461.3,607,-1.7304,-0.010543,9.612483,0.292606,0.00766,0.0212,1304.92,847.8,-0.7376,3161,2,19600,1
6741,4120576,1169.79,557,-1.8118,-0.010543,9.612483,0.292606,0.00766,0.0212,1306.09,829.1,-0.7517,3157,2,19550,1
6742,4122624,1551.89,774,-1.6975,-0.007621,2.177617,0.589876,0.006856,0.0232,1310.58,812.2,-0.7649,3153,2,19550,1
6743,4122624,1234.82,520,-1.5111,-0.007621,2.177617,0.589876,0.006856,0.0232,1308.03,809.8,-0.7814,3157,0,20050,1
6744,4122624,1415.88,601,-1.4659,-0.007621,2.177617,0.589876,0.006856,0.0232,1306.69,808.9,-0.7971,3155,4,20750,1
6745,4124672,1241.95,548,-1.0507,-0.006236,1.260724,0.776923,0.005229,0.0195,1306.78,809.0,-0.809,3157,0,18300,1
6746,4124672,1411.13,614,-1.0073,-0.006236,1.260724,0.776923,0.005229,0.0195,1306.06,808.8,-0.8199,3153,2,19100,1
6747,4124672,1256.73,537,-0.8979,-0.006236,1.260724,0.776923,0.005229,0.0195,1303.26,807.3,-0.828,3150,1,20250,1
6748,4126720,1313.86,552,-0.8135,-0.00425,1.26902,0.753344,0.001072,0.0154,1302.46,806.9,-0.8352,3152,3,19300,1
6749,4126720,1246.68,530,-0.8015,-0.00425,1.26902,0.753344,0.001072,0.0154,1301.36,803.3,-0.8386,3161,0,18600,1
6750,4128768,1092.33,667,-0.9139,-0.008178,1.083843,0.797321,0.006807,0.0439,1298.09,803.8,-0.846,3155,0,19100,1
6751,4128768,1246.2,2513,-1.6624,-0.008178,1.083843,0.797321,0.006807,0.0439,1298.0,803.6,-0.8555,3161,6,20100,1
6752,4128768,1235.84,526,-0.7812,-0.008178,1.083843,0.797321,0.006807,0.0439,1295.11,801.6,-0.8608,3149,0,18500,1
6753,4130816,1251.35,545,-0.787,-0.00833,4.475468,0.387896,0.006328,0.0239,1295.2,801.6,-0.8666,3151,0,18400,1
6754,4130816,1313.02,582,-0.8267,-0.00833,4.475468,0.387896,0.006328,0.0239,1295.86,802.1,-0.8724,3151,2,19650,1
6755,4130816,1302.89,562,-0.8573,-0.00833,4.475468,0.387896,0.006328,0.0239,1295.35,801.7,-0.8781,3153,1,18600,1
6756,4130816,339.36,167,-0.8713,-0.00833,4.475468,0.387896,0.006328,0.0239,1288.03,798.1,-0.885,1419,0,200,0
6757,4130816,1054.45,484,-0.8532,-0.00833,4.475468,0.387896,0.006328,0.0239,1287.46,778.4,-0.8843,3151,1,19100,1
6758,4132864,1250.64,531,-0.8988,-0.008677,8.627958,0.28543,0.006724,0.0129,1287.59,778.3,-0.8957,3156,1,18700,1
6759,4132864,1244.83,565,-1.0115,-0.008677,8.627958,0.28543,0.006724,0.0129,1288.84,759.2,-0.8971,3161,0,18300,1
6760,4132864,1408.97,599,-0.988,-0.008677,8.627958,0.28543,0.006724,0.0129,1289.41,759.1,-0.9091,3161,4,19700,1
6761,4132864,1417.76,612,-1.0144,-0.008677,8.627958,0.28543,0.006724,0.0129,1292.09,759.3,-0.9191,3157,2,19400,1
6762,4134912,1260.95,532,-1.085,-0.009794,7.008631,0.429457,0.007415,0.0186,1291.41,759.0,-0.9318,3149,1,22000,1
6763,4134912,1396.63,608,-1.1869,-0.009794,7.008631,0.429457,0.007415,0.0186,1294.22,740.2,-0.9368,3153,4,19250,1
6764,4134912,1272.75,631,-1.2417,-0.009794,7.008631,0.429457,0.007415,0.0186,1292.61,740.3,-0.9497,3153,2,20000,1
6765,4136960,1381.64,604,-1.2058,-0.01159,6.485134,0.458537,0.007945,0.02,1292.39,740.4,-0.9612,3153,1,18700,1
6766,4136960,1231.72,552,-1.2465,-0.01159,6.485134,0.458537,0.007945,0.02,1292.56,738.1,-0.9694,3161,0,18150,1
6767,4136960,1250.64,526,-1.2689,-0.01159,6.485134,0.458537,0.007945,0.02,1291.08,737.4,-0.9803,3150,1,18850,1
6768,4139008,1421.61,613,-1.3028,-0.009289,6.396273,0.388575,0.006153,0.0203,1291.07,737.5,-0.9906,3156,1,20850,1
6769,4139008,1250.33,563,-1.3131,-0.009289,6.396273,0.388575,0.006153,0.0203,1291.04,737.7,-1.0005,3155,1,18350,1
6770,4139008,1440.27,673,-1.3376,-0.009289,6.396273,0.388575,0.006153,0.0203,1289.54,737.7,-1.0104,3161,6,19400,1
6771,4141056,1409.79,600,-1.4156,-0.011628,8.630467,0.345371,0.008981,0.0212,1289.43,736.4,-1.0189,3161,3,20650,1
6772,4141056,1216.98,536,-1.4859,-0.011628,8.630467,0.345371,0.008981,0.0212,1290.57,717.3,-1.0251,3155,1,18700,1
6773,4141056,1244.52,522,-1.459,-0.011628,8.630467,0.345371,0.008981,0.0212,1289.4,716.6,-1.0366,3152,0,18600,1
6774,4141056,1242.57,550,-1.4873,-0.011628,8.630467,0.345371,0.008981,0.0212,1288.84,716.6,-1.0507,3156,0,18350,1
6775,4143104,1259.56,532,-1.5603,-0.012482,7.363827,0.339986,0.009242,0.021,1289.65,697.1,-1.0574,3154,1,20250,1
6776,4143104,1254.44,542,-1.5837,-0.012482,7.363827,0.339986,0.009242,0.021,1289.52,696.9,-1.072,3154,1,19150,1
6777,4143104,1586.79,702,-1.6279,-0.012482,7.363827,0.339986,0.009242,0.021,1291.9,698.0,-1.087,3161,4,20000,1
6778,4143104,1697.7,751,-1.6363,-0.012482,7.363827,0.339986,0.009242,0.021,1295.76,699.8,-1.1021,3152,4,20550,1
6779,4145152,1333.11,569,-1.709,-0.009803,6.149269,0.522036,0.0074,0.0198,1298.07,680.9,-1.1117,3149,1,20550,1
6780,4145152,1254.26,542,-1.7327,-0.009803,6.149269,0.522036,0.0074,0.0198,1294.11,678.7,-1.1269,3153,1,18950,1
6781,4145152,1210.06,524,-1.7533,-0.009803,6.149269,0.522036,0.0074,0.0198,1292.65,678.1,-1.144,3161,2,18850,1
6782,4147200,1245.51,549,-1.1758,-0.001961,1.525867,0.660154,0.006992,0.0625,1293.72,676.6,-1.153,3152,0,18250,1
6783,4149248,1574.12,702,-1.0562,-0.003626,0.845461,1.032592,0.00213,0.0293,1297.07,678.0,-1.1632,3156,2,19500,1
6784,4149248,1385.4,581,-0.5998,-0.003626,0.845461,1.032592,0.00213,0.0293,1296.71,677.6,-1.1685,3157,1,19100,1
6785,4151296,1269.5,558,-0.4889,-0.006919,0.704853,1.133732,0.002769,0.0259,1297.6,658.1,-1.1666,3152,3,19250,1
6786,4153344,1117.39,2502,-1.6236,-0.003355,0.837605,0.982,0.000953,0.0056,1298.16,638.8,-1.1751,3156,5,18950,1
6787,4153344,1249.26,542,-0.4274,-0.003355,0.837605,0.982,0.000953,0.0056,1299.01,637.5,-1.1764,3150,0,18750,1
6788,4153344,1569.69,777,-0.5231,-0.003355,0.837605,0.982,0.000953,0.0056,1302.09,639.8,-1.1803,3161,2,19400,1
6789,4155392,1228.73,620,-0.5044,-0.006783,1.130607,0.8392,0.008974,0.0278,1301.88,640.6,-1.184,3157,0,17600,1
6790,4155392,1344.37,576,-0.4738,-0.006783,1.130607,0.8392,0.008974,0.0278,1301.99,640.7,-1.186,3161,4,19700,1
6791,4157440,1266.54,556,-0.4894,-0.006906,0.882706,0.871236,0.006025,0.0193,1302.26,640.6,-1.1878,3156,1,19150,1
6792,4157440,1249.37,541,-0.4748,-0.006906,0.882706,0.871236,0.006025,0.0193,1301.5,640.4,-1.1887,3152,0,19050,1
6793,4159488,1342.08,639,-0.5321,-0.008009,0.704152,1.025489,0.009413,0.041,1301.16,640.9,-1.1886,3153,2,20550,1
6794,4159488,1249.17,531,-0.4291,-0.008009,0.704152,1.025489,0.009413,0.041,1301.19,640.9,-1.1875,3152,2,18550,1
6795,4161536,1265.77,537,-0.3463,-0.008891,0.68169,1.124076,0.006017,0.0547,1300.94,640.5,-1.1851,3157,1,20350,1
6796,4161536,1135.57,591,-0.4637,-0.008891,0.68169,1.124076,0.006017,0.0547,1299.62,641.2,-1.183,3153,1,18850,1
6797,4163584,983.65,4392,-1.1362,-0.005049,0.694876,1.144034,0.000856,0.0117,1295.23,678.8,-1.1873,3157,9,21850,1
6798,4163584,1365.87,2576,-0.9328,-0.005049,0.694876,1.144034,0.000856,0.0117,1296.54,699.2,-1.1894,3161,8,21100,1
6799,4163584,1259.96,539,-0.3022,-0.005049,0.694876,1.144034,0.000856,0.0117,1296.67,699.2,-1.185,3161,1,18800,1
6800,4165632,1671.25,716,-0.341,-0.011491,7.724232,0.414696,0.008009,0.0198,1299.42,700.5,-1.1811,3150,5,22250,1
6801,4165632,1256.49,546,-0.3216,-0.011491,7.724232,0.414696,0.008009,0.0198,1299.22,700.4,-1.1769,3149,1,19150,1
6802,4165632,1314.73,553,-0.3545,-0.011491,7.724232,0.414696,0.008009,0.0198,1300.24,680.9,-1.1686,3152,2,19450,1
6803,4165632,1240.95,540,-0.4056,-0.011491,7.724232,0.414696,0.008009,0.0198,1298.28,680.0,-1.1649,3157,0,18350,1
6804,4167680,1275.97,572,-0.4764,-0.010801,7.249974,0.321493,0.00783,0.0122,1298.64,680.5,-1.1618,3161,2,18700,1
6805,4167680,1272.0,559,-0.5101,-0.010801,7.249974,0.321493,0.00783,0.0122,1297.41,680.2,-1.1582,3154,3,19000,1
6806,4167680,1476.11,753,-0.5565,-0.010801,7.249974,0.321493,0.00783,0.0122,1300.99,680.2,-1.1512,3157,1,19050,1
6807,4167680,1249.36,525,-0.5571,-0.010801,7.249974,0.321493,0.00783,0.0122,1300.96,680.3,-1.147,3161,1,20250,1
6808,4169728,1234.85,520,-0.6656,-0.011325,4.134273,0.420942,0.008666,0.0161,1301.23,678.1,-1.1405,3152,0,18600,1
6809,4169728,1251.64,541,-0.678,-0.011325,4.134273,0.420942,0.008666,0.0161,1299.55,677.3,-1.1371,3156,1,18700,1
6810,4171776,1414.07,628,-0.7201,-0.00537,1.31828,0.706079,0.004775,0.0085,1298.47,676.3,-1.1337,3161,4,19300,1
6811,4171776,1231.9,532,-0.7795,-0.00537,1.31828,0.706079,0.004775,0.0085,1297.35,676.0,-1.1315,3153,0,18100,1
6812,4171776,1345.54,602,-0.8008,-0.00537,1.31828,0.706079,0.004775,0.0085,1298.35,676.7,-1.1292,3150,1,18250,1
6813,4173824,1328.29,548,-0.7962,-0.008922,1.303772,0.713033,0.006522,0.032,1298.46,676.2,-1.1259,3156,3,19250,1
6814,4173824,1236.1,511,-0.7872,-0.008922,1.303772,0.713033,0.006522,0.032,1298.25,675.9,-1.1222,3156,0,18650,1
6815,4173824,1237.3,531,-0.8221,-0.008922,1.303772,0.713033,0.006522,0.032,1297.98,675.9,-1.1184,3149,0,18500,1
6816,4175872,1250.86,548,-0.8192,-0.007849,1.331869,0.655988,0.006517,0.041,1298.9,674.4,-1.1124,3161,0,18500,1
6817,4177920,1239.58,564,-0.8409,-0.007861,1.008616,0.828649,0.005924,0.0229,1297.24,674.0,-1.1077,3161,1,18650,1
6818,4177920,1099.65,2444,-1.2411,-0.007861,1.008616,0.828649,0.005924,0.0229,1294.01,691.7,-1.106,3161,4,19400,1
6819,4177920,1248.25,541,-0.7931,-0.007861,1.008616,0.828649,0.005924,0.0229,1294.17,692.0,-1.1003,3149,1,18800,1
6820,4179968,1128.63,550,-0.7665,-0.005526,1.172171,0.745818,0.004025,0.0234,1292.57,692.0,-1.0944,3157,1,19600,1
6821,4179968,1265.08,738,-0.8967,-0.005526,1.172171,0.745818,0.004025,0.0234,1292.77,693.9,-1.0886,3157,1,18550,1
6822,4179968,412.23,188,-0.7415,-0.005526,1.172171,0.745818,0.004025,0.0234,1283.46,690.0,-1.0813,1795,0,200,0
6823,4182016,1240.27,526,-0.6859,-0.005723,0.767377,1.010931,0.006946,0.0254,1283.52,690.1,-1.0733,3157,0,18300,1
6824,4184064,1266.52,543,-0.4279,-0.00541,0.699443,1.08967,0.000697,0.0129,1282.65,687.5,-1.0587,3157,2,18700,1
6825,4184064,1417.24,747,-0.5554,-0.00541,0.699443,1.08967,0.000697,0.0129,1284.38,689.6,-1.0488,3161,2,20750,1
6826,4184064,1057.24,2436,-1.1652,-0.00541,0.699443,1.08967,0.000697,0.0129,1282.44,708.5,-1.0451,3161,4,19000,1
6827,4186112,1303.44,564,-0.3924,-0.004,1.126494,0.730268,0.006398,0.0217,1282.48,708.6,-1.0337,3157,1,18900,1
6828,4186112,1514.62,644,-0.4005,-0.004,1.126494,0.730268,0.006398,0.0217,1283.57,709.0,-1.023,3161,4,21650,1
6829,4188160,1104.45,2456,-1.0256,-0.007858,1.002552,0.835399,0.006166,0.0483,1281.92,728.0,-1.0183,3151,4,19300,1
6830,4188160,1539.63,927,-0.5567,-0.007858,1.002552,0.835399,0.006166,0.0483,1284.71,731.9,-1.0087,3153,6,20500,1
6831,4188160,1339.96,567,-0.4683,-0.007858,1.002552,0.835399,0.006166,0.0483,1283.81,731.2,-0.9984,3161,3,20750,1
6832,4190208,1250.3,530,-0.5107,-0.010604,2.124334,0.558588,0.0083,0.0259,1281.47,730.5,-0.9874,3161,1,18900,1
6833,4190208,1132.29,609,-0.6639,-0.010604,2.124334,0.558588,0.0083,0.0259,1280.28,731.1,-0.9774,3153,2,18400,1
6834,4192256,1271.08,544,-0.5709,-0.008878,0.834267,0.964227,0.010045,0.0374,1279.09,730.6,-0.9664,3157,3,20650,1
6835,4192256,1256.41,543,-0.5773,-0.008878,0.834267,0.964227,0.010045,0.0374,1277.62,728.0,-0.9531,3155,1,19150,1
6836,4192256,1280.95,963,-0.8155,-0.008878,0.834267,0.964227,0.010045,0.0374,1276.54,731.7,-0.9442,3153,1,18150,1
6837,4194304,1255.99,556,-0.5299,-0.004745,1.141887,0.765877,0.005663,0.0103,1276.52,731.8,-0.9327,3150,1,18550,1
6838,4194304,1397.74,604,-0.5329,-0.004745,1.141887,0.765877,0.005663,0.0103,1277.41,732.3,-0.9211,3161,3,20650,1
6839,4194304,1278.74,570,-0.5403,-0.004745,1.141887,0.765877,0.005663,0.0103,1277.68,732.5,-0.9096,3154,2,18300,1
6840,4196352,1241.68,2508,-1.1041,-0.002582,0.926175,0.810288,0.000838,0.0066,1275.48,751.5,-0.9034,3157,5,21250,1
6841,4196352,1252.7,544,-0.545,-0.002582,0.926175,0.810288,0.000838,0.0066,1276.31,751.4,-0.8907,3161,1,19150,1
6842,4196352,767.83,595,-0.7653,-0.002582,0.926175,0.810288,0.000838,0.0066,1268.47,749.6,-0.8814,2753,0,300,0
6843,4198400,1296.71,797,-0.6767,-0.008864,1.921184,0.612842,0.008433,0.0205,1269.09,752.4,-0.873,3161,3,19200,1
6844,4198400,1234.47,529,-0.5847,-0.008864,1.921184,0.612842,0.008433,0.0205,1267.27,751.7,-0.8642,3151,0,18500,1
6845,4198400,1248.26,544,-0.5974,-0.008864,1.921184,0.612842,0.008433,0.0205,1267.34,751.6,-0.8597,3161,1,18800,1
6846,4198400,1395.21,609,-0.6383,-0.008864,1.921184,0.612842,0.008433,0.0205,1267.18,751.6,-0.856,3155,3,22700,1
6847,4200448,1383.61,603,-0.6849,-0.011582,8.665742,0.330449,0.0074,0.0164,1268.45,752.2,-0.8539,3155,1,18750,1
6848,4200448,1255.07,539,-0.7304,-0.011582,8.665742,0.330449,0.0074,0.0164,1267.86,752.1,-0.853,3155,2,18900,1
6849,4200448,1265.29,523,-0.7763,-0.011582,8.665742,0.330449,0.0074,0.0164,1268.04,752.0,-0.8528,3155,3,19350,1
6850,4202496,1364.39,889,-0.9181,-0.008536,1.591357,0.639307,0.007833,0.0374,1270.77,754.3,-0.8528,3161,1,20450,1
6851,4202496,1278.43,757,-1.0674,-0.008536,1.591357,0.639307,0.007833,0.0374,1271.09,736.7,-0.8469,3149,1,18750,1
6852,4202496,1217.95,651,-0.9887,-0.008536,1.591357,0.639307,0.007833,0.0374,1270.91,738.0,-0.8489,3157,2,19350,1
6853,4204544,1386.19,603,-0.9072,-0.012745,4.588171,0.539526,0.008431,0.0144,1272.26,738.5,-0.8501,3155,2,19100,1
6854,4204544,1691.73,857,-1.0202,-0.012745,4.588171,0.539526,0.008431,0.0144,1276.04,741.3,-0.8521,3161,5,20100,1
6855,4204544,1479.84,623,-0.9384,-0.012745,4.588171,0.539526,0.008431,0.0144,1277.81,741.9,-0.8529,3161,3,21450,1
6856,4204544,1332.11,564,-0.9653,-0.012745,4.588171,0.539526,0.008431,0.0144,1287.74,745.9,-0.8538,3149,3,19400,1
6857,4206592,1391.97,613,-1.0041,-0.013249,4.115337,0.500367,0.009917,0.0291,1291.12,747.1,-0.8553,3161,1,18850,1
6858,4206592,1319.14,576,-1.0363,-0.013249,4.115337,0.500367,0.009917,0.0291,1291.8,747.6,-0.8567,3153,2,18500,1
6859,4208640,1389.56,605,-1.0861,-0.01136,9.057074,0.345863,0.008334,0.0156,1293.25,748.0,-0.8575,3150,1,19350,1
6860,4208640,1405.02,622,-1.1192,-0.01136,9.057074,0.345863,0.008334,0.0156,1293.21,748.2,-0.8588,3161,2,19400,1
6861,4208640,1356.15,594,-1.1575,-0.01136,9.057074,0.345863,0.008334,0.0156,1292.59,748.0,-0.8602,3149,3,19850,1
6862,4208640,1546.42,667,-1.1706,-0.01136,9.057074,0.345863,0.008334,0.0156,1295.45,749.4,-0.8611,3155,5,20400,1
6863,4210688,1309.61,579,-1.2093,-0.010085,7.377029,0.444016,0.008125,0.0144,1294.58,749.1,-0.8613,3156,2,18550,1
6864,4210688,1449.24,624,-1.2842,-0.010085,7.377029,0.444016,0.008125,0.0144,1296.34,749.0,-0.8617,3161,5,20100,1
6865,4212736,1238.42,525,-1.2074,-0.008751,1.407278,0.786186,0.004932,0.0178,1294.91,748.2,-0.8617,3151,0,20050,1
6866,4212736,1401.86,916,-1.5373,-0.008751,1.407278,0.786186,0.004932,0.0178,1296.61,751.9,-0.8646,3161,4,18900,1
6867,4214784,1399.19,593,-0.942,-0.006404,0.976908,0.848069,0.00677,0.0391,1298.1,752.6,-0.8614,3153,5,19700,1
6868,4214784,1271.46,541,-0.8941,-0.006404,0.976908,0.848069,0.00677,0.0391,1296.6,751.8,-0.8573,3153,3,19200,1
6869,4214784,1338.15,596,-0.8193,-0.006404,0.976908,0.848069,0.00677,0.0391,1297.47,752.2,-0.8523,3151,1,18650,1
6870,4216832,1688.68,723,-0.7108,-0.004729,1.276524,0.724797,0.002046,0.0134,1299.96,752.7,-0.8461,3161,6,22350,1
6871,4216832,1256.51,519,-0.6866,-0.004729,1.276524,0.724797,0.002046,0.0134,1298.42,751.9,-0.8388,3154,2,19250,1
6872,4216832,1230.34,853,-0.9691,-0.004729,1.276524,0.724797,0.002046,0.0134,1298.56,755.0,-0.8336,3161,2,19450,1
6873,4218880,1197.19,2508,-1.4345,-0.008083,1.074362,0.902857,0.005811,0.0308,1298.08,774.9,-0.8334,3151,6,19550,1
6874,4218880,1419.38,618,-0.6811,-0.008083,1.074362,0.902857,0.005811,0.0308,1299.85,775.6,-0.8253,3152,2,20950,1
6875,4218880,1257.88,554,-0.671,-0.008083,1.074362,0.902857,0.005811,0.0308,1299.84,775.8,-0.8164,3152,0,18500,1
6876,4218880,1255.61,526,-0.6535,-0.008083,1.074362,0.902857,0.005811,0.0308,1299.85,775.6,-0.8071,3161,1,18950,1
6877,4220928,1391.9,605,-0.6943,-0.01102,8.183224,0.362966,0.006886,0.0161,1297.9,774.7,-0.7978,3161,1,19350,1
6878,4220928,1240.31,554,-0.7599,-0.01102,8.183224,0.362966,0.006886,0.0161,1293.33,772.7,-0.789,3161,1,18850,1
6879,4222976,1482.38,803,-0.9198,-0.010877,4.905194,0.439832,0.007402,0.0195,1294.82,775.0,-0.7811,3157,3,19600,1
6880,4222976,1382.92,577,-0.8239,-0.010877,4.905194,0.439832,0.007402,0.0195,1296.1,775.4,-0.772,3161,2,19750,1
6881,4222976,1302.04,549,-0.8888,-0.010877,4.905194,0.439832,0.007402,0.0195,1297.02,775.6,-0.7634,3157,1,18850,1
6882,4225024,1225.3,1049,-1.1914,-0.010217,1.378682,0.698042,0.010425,0.0522,1296.82,780.6,-0.7635,3152,1,18950,1
6883,4225024,1243.74,533,-0.8932,-0.010217,1.378682,0.698042,0.010425,0.0522,1293.52,778.9,-0.7619,3151,0,18600,1
6884,4225024,1344.24,615,-0.8995,-0.010217,1.378682,0.698042,0.010425,0.0522,1293.11,779.3,-0.7649,3149,3,22550,1
6885,4227072,1254.99,538,-0.8783,-0.01201,5.732344,0.34556,0.008482,0.0156,1292.96,779.1,-0.7688,3156,1,20250,1
6886,4227072,1481.17,666,-0.9177,-0.01201,5.732344,0.34556,0.008482,0.0156,1296.6,760.7,-0.7617,3153,5,19750,1
6887,4227072,1347.75,604,-0.9454,-0.01201,5.732344,0.34556,0.008482,0.0156,1297.58,761.3,-0.7669,3150,1,18750,1
6888,4227072,1430.58,639,-0.9741,-0.01201,5.732344,0.34556,0.008482,0.0156,1296.19,760.0,-0.7714,3153,1,19350,1
6889,4229120,1247.66,540,-1.0127,-0.008768,8.048549,0.38477,0.006032,0.0151,1296.38,759.2,-0.7765,3151,0,18500,1
6890,4229120,1412.04,613,-1.0578,-0.008768,8.048549,0.38477,0.006032,0.0151,1297.06,759.5,-0.7824,3153,1,19850,1
6891,4229120,1383.84,604,-1.0714,-0.008768,8.048549,0.38477,0.006032,0.0151,1298.23,760.0,-0.7882,3157,0,18800,1
6892,4229120,1183.01,589,-1.1829,-0.008768,8.048549,0.38477,0.006032,0.0151,1297.57,760.5,-0.7953,3153,0,18350,1
6893,4231168,1569.17,721,-1.1793,-0.011913,5.746069,0.467936,0.010591,0.0173,1299.84,761.3,-0.8017,3154,6,20100,1
6894,4231168,1234.03,524,-1.1552,-0.011913,5.746069,0.467936,0.010591,0.0173,1299.69,761.2,-0.809,3150,0,18600,1
6895,4233216,1395.7,625,-1.1979,-0.010236,2.649895,0.540559,0.007922,0.0195,1300.99,762.1,-0.8175,3161,1,18900,1
6896,4233216,1420.83,635,-1.25,-0.010236,2.649895,0.540559,0.007922,0.0195,1303.84,762.6,-0.8254,3149,2,19250,1
6897,4233216,1471.02,625,-1.2306,-0.010236,2.649895,0.540559,0.007922,0.0195,1308.71,724.9,-0.8263,3152,3,21250,1
6898,4235264,1228.75,501,-1.1923,-0.006977,1.369248,0.726368,0.00315,0.0137,1307.34,704.1,-0.8289,3155,0,18750,1
6899,4235264,1253.61,555,-1.0936,-0.006977,1.369248,0.726368,0.00315,0.0137,1307.28,704.3,-0.8368,3151,0,18450,1
6900,4235264,1330.73,561,-1.0671,-0.006977,1.369248,0.726368,0.00315,0.0137,1303.87,702.8,-0.8441,3157,1,18900,1
6901,4237312,1616.61,733,-1.0662,-0.003083,1.332415,0.673567,0.000985,0.0054,1307.48,704.6,-0.8515,3161,3,21450,1
6902,4237312,1238.4,536,-1.0105,-0.003083,1.332415,0.673567,0.000985,0.0054,1306.71,704.5,-0.8581,3155,0,18100,1
6903,4239360,1193.0,2491,-1.5359,-0.00647,1.266215,0.780937,0.002118,0.0166,1306.23,724.0,-0.8694,3151,7,20300,1
6904,4239360,1563.04,891,-1.123,-0.00647,1.266215,0.780937,0.002118,0.0166,1309.1,727.1,-0.8759,3155,3,19400,1
6905,4239360,1351.16,596,-0.9661,-0.00647,1.266215,0.780937,0.002118,0.0166,1309.9,727.5,-0.8804,3156,2,18900,1
6906,4241408,1331.52,736,-1.077,-0.00788,1.862642,0.686157,0.006395,0.0188,1308.45,727.4,-0.8856,3161,2,18750,1
6907,4241408,1318.22,557,-0.9536,-0.00788,1.862642,0.686157,0.006395,0.0188,1309.14,727.7,-0.8896,3154,4,20850,1
6908,4241408,1243.28,547,-0.9663,-0.00788,1.862642,0.686157,0.006395,0.0188,1309.22,727.9,-0.8926,3150,0,18500,1
6909,4241408,1497.23,649,-0.9631,-0.00788,1.862642,0.686157,0.006395,0.0188,1311.68,729.0,-0.8955,3161,4,20150,1
6910,4243456,1245.79,527,-1.0139,-0.009782,4.512395,0.463521,0.006838,0.0164,1310.0,728.0,-0.8984,3161,0,18600,1
6911,4243456,1255.31,550,-1.042,-0.009782,4.512395,0.463521,0.006838,0.0164,1310.23,728.2,-0.901,3151,1,18700,1
6912,4243456,1335.6,571,-1.0282,-0.009782,4.512395,0.463521,0.006838,0.0164,1310.13,727.9,-0.9033,3156,3,20750,1
6913,4245504,1414.7,1142,-1.4364,-0.005983,2.18919,0.547507,0.006093,0.032,1310.99,733.8,-0.9097,3156,3,18950,1
6914,4245504,1248.26,540,-1.0787,-0.005983,2.18919,0.547507,0.006093,0.032,1311.12,734.1,-0.9126,3161,1,18900,1
6915,4245504,1247.12,523,-1.0761,-0.005983,2.18919,0.547507,0.006093,0.032,1311.21,734.0,-0.9151,3157,0,18600,1
6916,4245504,1236.65,534,-1.0647,-0.005983,2.18919,0.547507,0.006093,0.032,1311.07,733.9,-0.9176,3156,0,18950,1
6917,4247552,1237.76,531,-1.1123,-0.006127,2.990078,0.427044,0.00772,0.0303,1311.05,733.6,-0.9203,3150,0,18500,1
6918,4249600,1239.07,528,-1.1154,-0.010872,4.967475,0.425716,0.009562,0.0281,1312.45,714.4,-0.9191,3149,0,18500,1
6919,4249600,1349.68,579,-1.1356,-0.010872,4.967475,0.425716,0.009562,0.0281,1313.46,714.8,-0.9225,3150,2,18900,1
6920,4249600,1594.05,842,-1.3439,-0.010872,4.967475,0.425716,0.009562,0.0281,1318.12,717.7,-0.9283,3153,5,20100,1
6921,4249600,1247.5,551,-1.1901,-0.010872,4.967475,0.425716,0.009562,0.0281,1317.94,715.8,-0.9312,3161,0,18350,1
6922,4251648,1234.07,529,-1.2036,-0.012689,5.067735,0.422919,0.00863,0.0205,1326.16,719.2,-0.9358,3161,0,19850,1
6923,4251648,1396.76,610,-1.2044,-0.012689,5.067735,0.422919,0.00863,0.0205,1327.72,720.1,-0.941,3161,2,18900,1
6924,4251648,1402.3,642,-1.2415,-0.012689,5.067735,0.422919,0.00863,0.0205,1329.08,721.1,-0.9491,3150,2,18950,1
6925,4251648,418.43,184,-1.2165,-0.012689,5.067735,0.422919,0.00863,0.0205,1319.09,715.4,-0.9557,1794,0,200,0
6926,4251648,1275.11,549,-1.2593,-0.012689,5.067735,0.422919,0.00863,0.0205,1321.27,696.6,-0.9567,3153,3,19350,1
6927,4253696,1255.37,544,-1.2786,-0.00941,7.551582,0.338695,0.005235,0.022,1320.79,696.4,-0.9655,3161,1,18700,1
6928,4253696,1415.83,603,-1.3435,-0.00941,7.551582,0.338695,0.005235,0.022,1319.8,696.0,-0.975,3161,2,19700,1
6929,4253696,1559.46,682,-1.3662,-0.00941,7.551582,0.338695,0.005235,0.022,1324.35,678.2,-0.9784,3151,3,20250,1
6930,4255744,1256.9,560,-1.3995,-0.011644,10.293902,0.420932,0.006803,0.0117,1321.53,674.5,-0.9868,3156,1,20250,1
6931,4255744,1364.26,868,-1.9022,-0.011644,10.293902,0.420932,0.006803,0.0117,1321.77,677.6,-1.0012,3161,2,19050,1
6932,4255744,1236.74,536,-1.4014,-0.011644,10.293902,0.420932,0.006803,0.0117,1321.63,677.6,-1.0101,3153,0,18450,1
6933,4255744,1316.66,558,-1.4418,-0.011644,10.293902,0.420932,0.006803,0.0117,1323.48,677.1,-1.0178,3150,2,20650,1
6934,4255744,718.76,319,-1.3426,-0.011644,10.293902,0.420932,0.006803,0.0117,1317.95,674.9,-1.0256,2750,0,600,0
6935,4257792,452.06,200,-1.3512,-0.007689,2.442571,0.527543,0.005206,0.0139,1309.91,671.4,-1.0333,1949,0,100,0
6936,4257792,1519.08,623,-1.3438,-0.007689,2.442571,0.527543,0.005206,0.0139,1312.29,668.0,-1.0386,3161,4,23100,1
6937,4259840,1444.01,625,-1.3476,-0.008787,9.199323,0.423669,0.004884,0.0156,1314.17,668.7,-1.0468,3161,3,19400,1
6938,4259840,1383.58,583,-1.3361,-0.008787,9.199323,0.423669,0.004884,0.0156,1314.03,668.5,-1.0548,3156,2,20550,1
6939,4259840,1251.02,559,-1.3341,-0.008787,9.199323,0.423669,0.004884,0.0156,1313.75,668.4,-1.0627,3157,0,18250,1
6940,4259840,710.1,303,-1.3603,-0.008787,9.199323,0.423669,0.004884,0.0156,1308.44,646.4,-1.0653,2747,0,200,0
6941,4261888,1356.61,588,-1.4276,-0.009698,8.092879,0.307311,0.005376,0.0107,1309.48,646.8,-1.0741,3157,4,19750,1
6942,4261888,1526.42,664,-1.4344,-0.009698,8.092879,0.307311,0.005376,0.0107,1317.06,647.5,-1.0808,3152,2,19850,1
6943,4261888,1241.94,548,-1.4464,-0.009698,8.092879,0.307311,0.005376,0.0107,1316.51,645.0,-1.0885,3150,0,18100,1
6944,4263936,1376.81,593,-1.3059,-0.008752,1.531731,0.69698,0.007798,0.0388,1317.94,645.6,-1.0957,3154,1,19050,1
6945,4263936,1337.9,585,-1.2819,-0.008752,1.531731,0.69698,0.007798,0.0388,1318.83,646.0,-1.1026,3156,3,19450,1
6946,4263936,1251.87,534,-1.2136,-0.008752,1.531731,0.69698,0.007798,0.0388,1317.4,645.3,-1.1083,3161,1,18700,1
6947,4263936,1193.6,1414,-1.8413,-0.008752,1.531731,0.69698,0.007798,0.0388,1315.5,653.4,-1.1199,3161,1,18800,1
6948,4265984,1259.14,602,-1.1162,-0.008218,1.551769,0.643512,0.0076,0.033,1315.54,654.0,-1.1237,3152,3,19000,1
6949,4265984,1245.22,533,-1.0613,-0.008218,1.551769,0.643512,0.0076,0.033,1315.34,654.1,-1.1266,3149,0,20050,1
6950,4265984,1601.81,791,-1.1423,-0.008218,1.551769,0.643512,0.0076,0.033,1317.72,653.1,-1.1288,3150,3,19600,1
6951,4268032,1661.46,728,-1.0915,-0.010977,5.163143,0.504207,0.00642,0.0115,1321.55,652.9,-1.1291,3161,7,21850,1
6952,4268032,1249.89,550,-1.0989,-0.010977,5.163143,0.504207,0.00642,0.0115,1321.86,651.9,-1.1302,3157,1,18650,1
6953,4270080,1427.03,603,-1.1391,-0.009212,3.373559,0.487308,0.006299,0.0181,1322.27,651.9,-1.1325,3161,4,20000,1
6954,4270080,1314.28,811,-1.3421,-0.009212,3.373559,0.487308,0.006299,0.0181,1318.5,651.4,-1.1357,3156,1,18800,1
6955,4270080,1397.29,601,-1.1931,-0.009212,3.373559,0.487308,0.006299,0.0181,1317.67,651.2,-1.1383,3155,2,20650,1
6956,4272128,1344.42,578,-1.0344,-0.007356,1.056021,0.775307,0.006413,0.0352,1317.8,651.3,-1.1389,3151,1,19250,1
6957,4272128,1236.37,522,-0.9198,-0.007356,1.056021,0.775307,0.006413,0.0352,1316.24,650.4,-1.1381,3161,0,20050,1
6958,4274176,1332.62,612,-0.7921,-0.007273,1.299377,0.695912,0.005775,0.0244,1316.38,650.8,-1.1357,3161,1,19950,1
6959,4274176,1473.25,615,-0.7676,-0.007273,1.299377,0.695912,0.005775,0.0244,1317.21,650.9,-1.1325,3161,2,19500,1
6960,4274176,1236.0,539,-0.768,-0.007273,1.299377,0.695912,0.005775,0.0244,1315.52,650.0,-1.129,3151,0,18950,1
6961,4276224,1238.5,534,-0.7713,-0.004702,1.29638,0.705439,0.003119,0.0117,1314.35,649.4,-1.1251,3154,0,18950,1
6962,4276224,1237.91,527,-0.7717,-0.004702,1.29638,0.705439,0.003119,0.0117,1311.26,648.0,-1.1211,3161,0,18500,1
6963,4276224,1182.92,2499,-1.4651,-0.004702,1.29638,0.705439,0.003119,0.0117,1309.99,667.2,-1.1237,3151,4,19250,1
6964,4278272,1375.82,998,-1.0213,-0.008025,1.245634,0.779794,0.005901,0.0205,1309.26,671.0,-1.121,3155,1,18750,1
6965,4278272,1350.31,597,-0.8033,-0.008025,1.245634,0.779794,0.005901,0.0205,1310.38,671.7,-1.117,3154,2,18750,1
6966,4278272,1253.44,602,-0.8475,-0.008025,1.245634,0.779794,0.005901,0.0205,1308.89,668.5,-1.1101,3152,1,18950,1
6967,4278272,1297.62,533,-0.7848,-0.008025,1.245634,0.779794,0.005901,0.0205,1307.88,668.0,-1.1085,3156,2,19450,1
6968,4280320,1527.81,758,-0.8525,-0.009377,3.653486,0.519363,0.005094,0.0088,1310.44,670.1,-1.1081,3161,1,19700,1
6969,4280320,1235.05,520,-0.8275,-0.009377,3.653486,0.519363,0.005094,0.0088,1309.41,669.4,-1.1082,3154,0,18600,1
6970,4280320,1393.63,581,-0.8522,-0.009377,3.653486,0.519363,0.005094,0.0088,1306.46,667.9,-1.1096,3154,1,19350,1
6971,4282368,1168.45,744,-1.1303,-0.010367,4.84696,0.465302,0.006202,0.0112,1305.58,670.2,-1.114,3156,1,18500,1
6972,4282368,1256.23,544,-0.8889,-0.010367,4.84696,0.465302,0.006202,0.0112,1305.84,667.1,-1.1132,3153,1,19150,1
6973,4284416,1383.09,581,-0.9316,-0.008247,4.411218,0.452136,0.005983,0.0166,1307.7,647.8,-1.1082,3151,2,20550,1
6974,4284416,1389.08,620,-0.9891,-0.008247,4.411218,0.452136,0.005983,0.0166,1307.39,647.9,-1.1113,3161,1,19500,1
6975,4284416,1351.88,835,-1.3108,-0.008247,4.411218,0.452136,0.005983,0.0166,1308.33,650.7,-1.1177,3161,1,20650,1
6976,4284416,1264.45,562,-1.0025,-0.008247,4.411218,0.452136,0.005983,0.0166,1308.42,651.0,-1.1212,3156,2,19450,1
6977,4286464,1248.78,557,-1.0238,-0.010021,2.367388,0.562975,0.008002,0.0098,1306.99,650.5,-1.1245,3150,0,18100,1
6978,4286464,1250.07,549,-1.013,-0.010021,2.367388,0.562975,0.008002,0.0098,1307.09,650.5,-1.127,3161,0,18100,1
6979,4286464,1539.15,971,-1.3616,-0.010021,2.367388,0.562975,0.008002,0.0098,1307.66,652.2,-1.1314,3157,1,18900,1
6980,4288512,1302.57,688,-1.2513,-0.011416,1.875781,0.683861,0.00847,0.0212,1306.85,653.3,-1.1357,3156,1,18700,1
6981,4288512,503.97,230,-1.0343,-0.011416,1.875781,0.683861,0.00847,0.0212,1298.87,650.1,-1.1372,1794,0,200,0
6982,4290560,1313.65,595,-1.0078,-0.004869,1.57073,0.738727,0.003204,0.0176,1299.76,645.5,-1.1353,3157,1,18450,1
6983,4290560,1396.36,594,-0.9888,-0.004869,1.57073,0.738727,0.003204,0.0176,1301.28,646.2,-1.1363,3161,2,20450,1
6984,4290560,1357.7,951,-1.3136,-0.004869,1.57073,0.738727,0.003204,0.0176,1301.42,649.5,-1.1404,3154,3,19100,1
6985,4290560,561.19,427,-1.469,-0.004869,1.57073,0.738727,0.003204,0.0176,1294.48,648.4,-1.1463,1794,0,300,0
6986,4292608,1395.38,592,-0.9476,-0.007866,1.330401,0.785237,0.005753,0.0208,1293.62,647.7,-1.1466,3161,2,19300,1
6987,4292608,1383.94,564,-0.9259,-0.007866,1.330401,0.785237,0.005753,0.0208,1293.98,647.3,-1.1464,3151,2,19450,1
6988,4294656,1232.5,521,-0.8638,-0.00819,1.253813,0.742621,0.006255,0.0349,1292.0,646.1,-1.1453,3149,0,20050,1
6989,4294656,1364.87,780,-1.0355,-0.00819,1.253813,0.742621,0.006255,0.0349,1293.17,648.5,-1.1456,3161,1,18750,1
6990,4294656,1477.48,649,-0.8759,-0.00819,1.253813,0.742621,0.006255,0.0349,1293.83,648.9,-1.1437,3154,4,19950,1
6991,4296704,423.26,297,-1.1467,-0.005729,0.982379,0.941153,0.004181,0.0098,1284.22,645.8,-1.1445,1799,0,200,0
6992,4296704,1253.87,543,-0.7982,-0.005729,0.982379,0.941153,0.004181,0.0098,1284.93,645.3,-1.1406,3152,1,18400,1
6993,4298752,1380.88,595,-0.7462,-0.005348,1.178137,0.745356,0.004429,0.0171,1283.05,644.1,-1.1363,3161,1,18800,1
6994,4298752,1111.62,2704,-1.4058,-0.005348,1.178137,0.745356,0.004429,0.0171,1281.82,665.9,-1.1388,3153,6,17250,1
6995,4298752,1379.55,572,-0.7456,-0.005348,1.178137,0.745356,0.004429,0.0171,1281.66,665.3,-1.1343,3150,3,22700,1
6996,4300800,1235.87,534,-0.7469,-0.005396,1.136098,0.733986,0.002169,0.0061,1279.81,664.3,-1.1293,3153,0,18250,1
6997,4300800,1400.48,591,-0.7643,-0.005396,1.136098,0.733986,0.002169,0.0061,1279.11,664.0,-1.1246,3153,1,19000,1
6998,4300800,1268.87,544,-0.7566,-0.005396,1.136098,0.733986,0.002169,0.0061,1279.51,664.4,-1.1202,3154,2,20350,1
6999,4302848,1273.5,534,-0.766,-0.004206,1.357318,0.66091,0.002072,0.0088,1279.71,664.2,-1.117,3161,1,18950,1
7000,4302848,1236.92,523,-0.7724,-0.004206,1.357318,0.66091,0.002072,0.0088,1278.77,663.8,-1.114,3161,0,20050,1
7001,4302848,1332.14,563,-0.7791,-0.004206,1.357318,0.66091,0.002072,0.0088,1275.93,662.1,-1.1111,3161,1,18950,1
7002,4304896,1305.09,578,-0.7995,-0.004944,1.324318,0.67825,0.0029,0.0168,1276.59,662.5,-1.109,3155,2,18700,1
7003,4304896,1123.6,2467,-1.312,-0.004944,1.324318,0.67825,0.0029,0.0168,1275.9,662.3,-1.1068,3155,5,19800,1
7004,4306944,1300.7,554,-0.7934,-0.006073,1.09796,0.775521,0.004055,0.0093,1273.27,658.9,-1.1035,3155,1,18800,1
7005,4306944,1546.68,668,-0.796,-0.006073,1.09796,0.775521,0.004055,0.0093,1275.23,659.6,-1.1018,3154,1,19650,1
7006,4308992,1391.1,578,-0.6037,-0.004479,0.739078,1.078539,0.000518,0.0105,1275.83,658.1,-1.0971,3161,2,19050,1
7007,4308992,341.74,162,-0.4892,-0.004479,0.739078,1.078539,0.000518,0.0105,1266.06,654.1,-1.0924,1426,0,200,0
7008,4311040,1469.27,811,-0.566,-0.004113,0.69025,1.083565,0.000358,0.0051,1268.32,656.8,-1.0884,3156,2,19050,1
7009,4311040,1237.15,528,-0.3764,-0.004113,0.69025,1.083565,0.000358,0.0051,1265.72,655.5,-1.0826,3156,0,18500,1
7010,4313088,1246.42,2505,-1.083,-0.005652,0.637243,1.16744,0.005336,0.0217,1265.73,675.3,-1.0832,3151,4,19550,1
7011,4313088,1118.68,2470,-1.0506,-0.005652,0.637243,1.16744,0.005336,0.0217,1264.36,694.5,-1.0833,3150,4,19100,1
7012,4313088,1306.01,566,-0.3333,-0.005652,0.637243,1.16744,0.005336,0.0217,1264.06,694.5,-1.0764,3154,4,18900,1
7013,4315136,1494.46,633,-0.3332,-0.00336,1.673004,0.573898,0.002678,0.0056,1264.86,689.4,-1.0653,3156,3,21150,1
7014,4315136,1259.26,535,-0.3425,-0.00336,1.673004,0.573898,0.002678,0.0056,1264.97,689.3,-1.058,3161,1,19050,1
7015,4315136,1256.03,543,-0.3549,-0.00336,1.673004,0.573898,0.002678,0.0056,1265.06,689.5,-1.0508,3161,1,19250,1
7016,4315136,1297.06,550,-0.3643,-0.00336,1.673004,0.573898,0.002678,0.0056,1265.67,689.7,-1.0438,3151,3,19350,1
7017,4317184,1219.94,705,-0.6191,-0.00708,5.844103,0.367886,0.00624,0.0208,1265.49,691.4,-1.0388,3161,1,18900,1
7018,4317184,1316.82,571,-0.4613,-0.00708,5.844103,0.367886,0.00624,0.0208,1266.26,691.9,-1.0323,3161,3,19400,1
7019,4317184,1231.85,515,-0.4572,-0.00708,5.844103,0.367886,0.00624,0.0208,1265.09,691.2,-1.0255,3161,0,18600,1
7020,4319232,1511.81,733,-0.563,-0.007898,4.09209,0.434447,0.005802,0.0088,1264.26,690.1,-1.0177,3157,2,20400,1
7021,4319232,1246.42,522,-0.5768,-0.007898,4.09209,0.434447,0.005802,0.0088,1264.25,689.9,-1.0116,3156,1,18800,1
7022,4319232,1327.85,561,-0.5831,-0.007898,4.09209,0.434447,0.005802,0.0088,1265.19,690.2,-1.0054,3154,1,18700,1
7023,4319232,1121.5,644,-0.7649,-0.007898,4.09209,0.434447,0.005802,0.0088,1262.44,690.5,-1.001,3153,2,18750,1
7024,4321280,1334.82,577,-0.6478,-0.012688,3.814839,0.471561,0.007931,0.0237,1261.76,689.9,-0.995,3161,1,18700,1
7025,4321280,1245.72,548,-0.6978,-0.012688,3.814839,0.471561,0.007931,0.0237,1270.04,693.5,-0.9898,3161,1,18550,1
7026,4321280,1396.62,598,-0.6991,-0.012688,3.814839,0.471561,0.007931,0.0237,1271.25,694.0,-0.9842,3161,4,20000,1
7027,4323328,1270.46,552,-0.7284,-0.008643,8.4871,0.349962,0.00693,0.0144,1271.4,694.1,-0.9787,3154,1,20050,1
7028,4323328,1238.57,547,-0.7492,-0.008643,8.4871,0.349962,0.00693,0.0144,1269.63,693.5,-0.9728,3161,0,18400,1
7029,4323328,1245.36,545,-0.8176,-0.008643,8.4871,0.349962,0.00693,0.0144,1266.49,692.1,-0.9673,3151,0,18600,1
7030,4323328,1250.04,546,-0.8103,-0.008643,8.4871,0.349962,0.00693,0.0144,1266.42,692.0,-0.9614,3156,1,18700,1
7031,4325376,1390.41,607,-0.8763,-0.009835,7.773071,0.336896,0.004729,0.0132,1266.68,689.4,-0.9512,3149,2,19100,1
7032,4325376,1333.75,758,-1.1068,-0.009835,7.773071,0.336896,0.004729,0.0132,1267.65,691.6,-0.9482,3161,1,18800,1
7033,4325376,1232.9,514,-0.9532,-0.009835,7.773071,0.336896,0.004729,0.0132,1266.81,691.2,-0.9433,3150,0,18650,1
7034,4327424,1402.63,644,-0.9876,-0.011949,3.095419,0.533616,0.008097,0.0125,1273.65,694.4,-0.9398,3155,1,18650,1
7035,4327424,1250.8,542,-0.9738,-0.011949,3.095419,0.533616,0.008097,0.0125,1281.64,697.8,-0.936,3155,0,18100,1
7036,4327424,1335.65,583,-1.03,-0.011949,3.095419,0.533616,0.008097,0.0125,1279.81,697.4,-0.9329,3157,2,18900,1
7037,4329472,1376.05,598,-1.0383,-0.007268,9.509176,0.353012,0.00458,0.0088,1279.13,697.2,-0.9298,3157,1,19000,1
7038,4329472,1356.91,588,-1.0549,-0.007268,9.509176,0.353012,0.00458,0.0088,1278.86,697.2,-0.927,3152,2,19600,1
7039,4329472,1295.71,543,-1.0591,-0.007268,9.509176,0.353012,0.00458,0.0088,1279.31,697.1,-0.9242,3154,1,18800,1
7040,4331520,1231.6,527,-1.1378,-0.010236,3.775364,0.37458,0.005744,0.0105,1284.52,699.3,-0.922,3161,0,20050,1
7041,4331520,1403.54,595,-1.1741,-0.010236,3.775364,0.37458,0.005744,0.0105,1284.99,699.4,-0.9195,3161,4,21250,1
7042,4333568,1299.87,543,-0.8615,-0.003277,0.92972,1.022249,0.004975,0.0349,1282.73,698.2,-0.9137,3154,1,18600,1
7043,4333568,1197.8,757,-1.2814,-0.003277,0.92972,1.022249,0.004975,0.0349,1282.28,700.2,-0.9121,3149,1,18800,1
7044,4335616,1237.78,530,-0.3547,-0.004994,0.668114,1.212486,0.004224,0.031,1280.89,699.6,-0.9026,3150,0,18200,1
7045,4335616,1408.89,592,-0.3315,-0.004994,0.668114,1.212486,0.004224,0.031,1281.6,699.7,-0.8931,3156,1,19200,1
7046,4337664,1006.03,432,-0.3072,-0.007937,0.705832,1.114185,0.00604,0.0452,1279.15,698.7,-0.884,3155,1,19350,1
7047,4337664,1255.28,2507,-1.1132,-0.007937,0.705832,1.114185,0.00604,0.0452,1279.76,709.6,-0.8767,3161,5,23300,1
7048,4337664,1052.15,2454,-1.1413,-0.007937,0.705832,1.114185,0.00604,0.0452,1277.69,728.1,-0.877,3156,4,18350,1
7049,4339712,1248.98,516,-0.2915,-0.004277,1.059722,0.858684,0.001478,0.0117,1277.73,728.0,-0.8693,3149,1,21700,1
7050,4339712,1172.88,836,-0.5092,-0.004277,1.059722,0.858684,0.001478,0.0117,1273.44,728.4,-0.8629,3161,2,19000,1
7051,4339712,1236.83,539,-0.3119,-0.004277,1.059722,0.858684,0.001478,0.0117,1269.19,726.5,-0.8551,3153,0,18050,1
7052,4339712,1322.39,571,-0.3292,-0.004277,1.059722,0.858684,0.001478,0.0117,1269.92,726.7,-0.8474,3161,3,19450,1
7053,4341760,1256.16,559,-0.3886,-0.010086,2.81159,0.45465,0.007569,0.0173,1268.21,726.3,-0.8399,3153,1,20050,1
7054,4341760,1468.06,652,-0.4398,-0.010086,2.81159,0.45465,0.007569,0.0173,1269.75,724.7,-0.8309,3154,3,20000,1
7055,4341760,1316.21,544,-0.4093,-0.010086,2.81159,0.45465,0.007569,0.0173,1268.94,724.1,-0.8231,3156,5,20050,1
7056,4343808,1406.41,605,-0.4571,-0.008721,8.725123,0.329919,0.005107,0.0085,1269.56,724.4,-0.8173,3153,3,20050,1
7057,4343808,1275.77,578,-0.5111,-0.008721,8.725123,0.329919,0.005107,0.0085,1269.95,725.0,-0.8132,3156,1,18350,1
7058,4345856,1410.47,637,-0.6322,-0.010662,3.444426,0.536022,0.006741,0.0151,1270.73,725.2,-0.8116,3161,2,19650,1
7059,4345856,1255.81,548,-0.5666,-0.010662,3.444426,0.536022,0.006741,0.0151,1268.56,724.5,-0.8096,3151,1,18600,1
7060,4345856,1113.73,728,-0.9648,-0.010662,3.444426,0.536022,0.006741,0.0151,1267.33,726.4,-0.8116,3155,1,19100,1
7061,4345856,1338.16,632,-0.7355,-0.010662,3.444426,0.536022,0.006741,0.0151,1268.33,727.4,-0.8112,3152,2,19450,1
7062,4347904,1502.27,629,-0.6385,-0.009524,3.908219,0.466939,0.007392,0.0173,1270.97,728.4,-0.8099,3154,5,20200,1
7063,4347904,1328.35,580,-0.6432,-0.009524,3.908219,0.466939,0.007392,0.0173,1272.43,709.2,-0.8017,3152,3,19300,1
7064,4347904,1516.64,622,-0.6377,-0.009524,3.908219,0.466939,0.007392,0.0173,1273.84,705.5,-0.7978,3157,2,19650,1
7065,4347904,1246.07,531,-0.6507,-0.009524,3.908219,0.466939,0.007392,0.0173,1272.79,704.8,-0.7963,3156,0,20050,1
7066,4349952,1308.2,569,-0.6928,-0.007357,7.929265,0.347269,0.004666,0.0068,1273.34,704.5,-0.7948,3155,3,19100,1
7067,4349952,1347.81,588,-0.6954,-0.007357,7.929265,0.347269,0.004666,0.0068,1273.84,705.0,-0.7939,3156,3,19650,1
7068,4349952,1682.74,763,-0.843,-0.007357,7.929265,0.347269,0.004666,0.0068,1275.39,705.1,-0.7938,3161,4,21250,1
7069,4349952,1256.92,544,-0.7213,-0.007357,7.929265,0.347269,0.004666,0.0068,1275.61,705.3,-0.7927,3153,2,19050,1
7070,4352000,427.53,229,-0.9677,-0.009358,6.79864,0.419458,0.005317,0.0093,1265.95,701.8,-0.7939,1801,0,500,0
7071,4352000,1243.52,536,-0.7856,-0.009358,6.79864,0.419458,0.005317,0.0093,1266.7,699.7,-0.7904,3149,0,18950,1
7072,4354048,1301.13,552,-0.7968,-0.007883,2.450597,0.570795,0.005924,0.0103,1267.15,699.8,-0.7895,3156,1,18900,1
7073,4354048,1171.91,780,-1.24,-0.007883,2.450597,0.570795,0.005924,0.0103,1265.04,701.8,-0.7926,3152,3,18750,1
7074,4354048,1230.98,650,-1.1636,-0.007883,2.450597,0.570795,0.005924,0.0103,1263.46,702.1,-0.7943,3154,3,18950,1
7075,4356096,1295.42,564,-0.8412,-0.009847,4.618457,0.457979,0.006293,0.0098,1262.89,699.4,-0.7896,3161,2,18800,1
7076,4356096,1485.94,767,-1.1109,-0.009847,4.618457,0.457979,0.006293,0.0098,1265.11,701.4,-0.7907,3161,2,19300,1
7077,4356096,1546.03,655,-0.859,-0.009847,4.618457,0.457979,0.006293,0.0098,1268.08,702.4,-0.7891,3156,9,21300,1
7078,4356096,1496.68,637,-0.8604,-0.009847,4.618457,0.457979,0.006293,0.0098,1270.55,703.3,-0.7875,3155,4,19700,1
7079,4358144,1244.72,535,-0.8787,-0.009968,4.83655,0.381388,0.00821,0.0125,1267.6,698.9,-0.7827,3150,0,20150,1
7080,4358144,1391.46,605,-0.9167,-0.009968,4.83655,0.381388,0.00821,0.0125,1268.49,698.1,-0.7794,3161,2,19050,1
7081,4358144,1382.28,595,-0.9219,-0.009968,4.83655,0.381388,0.00821,0.0125,1277.27,701.8,-0.7782,3152,2,19300,1
7082,4358144,1252.8,528,-0.9111,-0.009968,4.83655,0.381388,0.00821,0.0125,1276.66,701.1,-0.7773,3157,1,18800,1
7083,4360192,1298.28,546,-0.9507,-0.008722,11.233733,0.292908,0.005002,0.01,1275.68,700.6,-0.7769,3152,1,20250,1
7084,4360192,1308.64,568,-1.0174,-0.008722,11.233733,0.292908,0.005002,0.01,1275.19,696.8,-0.7739,3151,0,19050,1
7085,4360192,1343.17,574,-1.0136,-0.008722,11.233733,0.292908,0.005002,0.01,1283.01,698.2,-0.7694,3152,3,19000,1
7086,4360192,1483.84,666,-1.1411,-0.008722,11.233733,0.292908,0.005002,0.01,1283.9,699.0,-0.7713,3153,2,19500,1
7087,4362240,1496.33,639,-1.1149,-0.010739,7.713532,0.41366,0.007497,0.0132,1285.02,699.7,-0.7732,3161,3,19900,1
7088,4362240,1328.9,546,-1.0985,-0.010739,7.713532,0.41366,0.007497,0.0132,1285.99,700.0,-0.7755,3161,1,18950,1
7089,4362240,1348.29,572,-1.1123,-0.010739,7.713532,0.41366,0.007497,0.0132,1285.82,697.9,-0.7763,3161,3,20650,1
7090,4362240,1351.61,584,-1.1503,-0.010739,7.713532,0.41366,0.007497,0.0132,1284.56,697.2,-0.7791,3151,3,19200,1
7091,4364288,1210.29,524,-1.193,-0.009839,11.547093,0.369536,0.005271,0.0081,1292.43,699.5,-0.7795,3161,2,19050,1
7092,4364288,1330.05,566,-1.2387,-0.009839,11.547093,0.369536,0.005271,0.0081,1293.19,699.8,-0.7839,3161,1,19000,1
7093,4368384,1257.36,534,-1.1671,-0.001006,1.008435,1.164564,0.006815,0.054,1291.96,699.1,-0.7881,3161,1,20250,1
7094,4368384,1416.03,787,-1.5091,-0.001006,1.008435,1.164564,0.006815,0.054,1295.0,680.0,-0.7892,3153,1,18700,1
7095,4370432,1320.84,556,-0.4716,-0.002466,0.702309,1.10968,0.00014,0.0085,1294.41,679.8,-0.7864,3161,4,19500,1
7096,4370432,1240.25,543,-0.4724,-0.002466,0.702309,1.10968,0.00014,0.0085,1294.46,679.9,-0.7837,3161,0,18200,1
7097,4372480,1309.64,652,-0.566,-0.002934,0.709452,1.059293,-0.000302,0.0051,1293.55,680.5,-0.7817,3161,3,19200,1
7098,4372480,1584.67,713,-0.4787,-0.002934,0.709452,1.059293,-0.000302,0.0051,1296.71,682.2,-0.7789,3153,4,23600,1
7099,4372480,1115.7,2473,-1.2728,-0.002934,0.709452,1.059293,-0.000302,0.0051,1295.13,701.6,-0.784,3151,5,19750,1
7100,4372480,1290.34,2542,-1.1912,-0.002934,0.709452,1.059293,-0.000302,0.0051,1295.66,721.8,-0.7882,3161,6,20200,1
7101,4374528,1260.1,539,-0.3757,-0.007251,1.256529,0.786255,0.006354,0.0149,1294.94,721.5,-0.7841,3161,0,18600,1
7102,4374528,1255.27,608,-0.5457,-0.007251,1.256529,0.786255,0.006354,0.0149,1294.45,721.8,-0.7816,3157,1,18700,1
7103,4374528,1491.44,639,-0.405,-0.007251,1.256529,0.786255,0.006354,0.0149,1298.12,703.6,-0.7725,3150,1,19950,1
7104,4376576,1238.32,834,-0.787,-0.009565,2.736059,0.567687,0.006171,0.0132,1297.5,706.4,-0.7725,3161,1,18350,1
7105,4376576,1234.77,511,-0.4122,-0.009565,2.736059,0.567687,0.006171,0.0132,1294.38,704.8,-0.7686,3151,0,18650,1
7106,4376576,1253.18,534,-0.4191,-0.009565,2.736059,0.567687,0.006171,0.0132,1293.0,704.4,-0.7668,3153,1,19750,1
7107,4376576,360.55,186,-0.6234,-0.009565,2.736059,0.567687,0.006171,0.0132,1293.19,704.6,-0.7681,1518,0,100,0
7108,4376576,1383.3,601,-0.4496,-0.009565,2.736059,0.567687,0.006171,0.0132,1292.33,702.5,-0.767,3157,2,18800,1
7109,4378624,1240.4,521,-0.4794,-0.008879,4.523038,0.419031,0.005211,0.011,1292.36,702.4,-0.768,3156,0,18650,1
7110,4380672,1502.31,661,-0.5419,-0.006806,2.037285,0.566504,0.005072,0.0112,1294.92,684.0,-0.7626,3156,2,18900,1
7111,4380672,1254.15,538,-0.5203,-0.006806,2.037285,0.566504,0.005072,0.0112,1296.28,664.7,-0.7573,3157,2,20450,1
7112,4380672,1330.53,579,-0.5768,-0.006806,2.037285,0.566504,0.005072,0.0112,1296.52,664.8,-0.7597,3157,1,18600,1
7113,4382720,1226.84,532,-0.5994,-0.002971,1.296702,0.694074,0.002131,0.0012,1293.85,663.8,-0.7624,3149,0,18600,1
7114,4382720,1402.55,601,-0.6147,-0.002971,1.296702,0.694074,0.002131,0.0012,1295.28,664.4,-0.7651,3161,1,19550,1
7115,4382720,1230.49,501,-0.6003,-0.002971,1.296702,0.694074,0.002131,0.0012,1295.02,664.0,-0.7676,3156,0,18750,1
7116,4384768,1234.0,523,-0.6303,-0.004625,1.347514,0.650598,0.003663,0.0076,1294.39,663.8,-0.7702,3150,0,19850,1
7117,4384768,1381.89,595,-0.6604,-0.004625,1.347514,0.650598,0.003663,0.0076,1296.01,662.6,-0.7706,3151,2,20750,1
7118,4384768,1317.95,564,-0.6587,-0.004625,1.347514,0.650598,0.003663,0.0076,1296.02,662.6,-0.7726,3153,2,18900,1
7119,4386816,1259.32,536,-0.6708,-0.003136,1.304893,0.663727,0.001147,0.0059,1296.3,662.8,-0.7747,3151,0,18600,1
7120,4386816,1341.08,2557,-1.1318,-0.003136,1.304893,0.663727,0.001147,0.0059,1294.59,681.0,-0.7804,3155,9,20800,1
7121,4386816,1062.82,495,-0.8478,-0.003136,1.304893,0.663727,0.001147,0.0059,1292.75,680.8,-0.7831,3154,1,18100,1
7122,4388864,1439.42,907,-1.1621,-0.008229,2.081939,0.662128,0.004566,0.0068,1293.87,684.2,-0.7889,3161,1,19000,1
7123,4388864,1251.03,540,-0.6771,-0.008229,2.081939,0.662128,0.004566,0.0068,1295.17,683.2,-0.7881,3150,1,19750,1
7124,4388864,1289.27,573,-0.6928,-0.008229,2.081939,0.662128,0.004566,0.0068,1294.71,683.1,-0.7885,3151,2,18800,1
7125,4388864,1407.36,614,-0.7078,-0.008229,2.081939,0.662128,0.004566,0.0068,1296.33,683.8,-0.7886,3157,4,19400,1
7126,4390912,1237.57,560,-0.7727,-0.008386,7.542521,0.378196,0.004812,0.0046,1294.74,683.4,-0.7893,3149,0,18600,1
7127,4390912,1389.49,584,-0.7211,-0.008386,7.542521,0.378196,0.004812,0.0046,1295.93,683.7,-0.7893,3151,1,18900,1
7128,4390912,1395.84,592,-0.7381,-0.008386,7.542521,0.378196,0.004812,0.0046,1297.5,684.2,-0.7892,3152,1,20350,1
7129,4392960,1227.91,527,-0.7411,-0.008644,8.862967,0.35758,0.005174,0.0071,1297.32,684.0,-0.7884,3149,0,18600,1
7130,4392960,1236.3,528,-0.7434,-0.008644,8.862967,0.35758,0.005174,0.0071,1297.19,683.8,-0.7877,3151,0,18500,1
7131,4392960,1373.23,565,-0.7746,-0.008644,8.862967,0.35758,0.005174,0.0071,1297.02,683.4,-0.7867,3161,1,19050,1
7132,4395008,1340.37,575,-0.8085,-0.007343,11.584899,0.283245,0.005099,0.0117,1297.08,681.6,-0.7837,3161,2,20850,1
7133,4395008,1249.36,549,-0.8183,-0.007343,11.584899,0.283245,0.005099,0.0117,1297.25,681.9,-0.7824,3157,0,18000,1
7134,4395008,1232.34,531,-0.8018,-0.007343,11.584899,0.283245,0.005099,0.0117,1295.54,680.8,-0.7805,3161,0,18500,1
7135,4395008,1338.25,644,-1.0964,-0.007343,11.584899,0.283245,0.005099,0.0117,1296.42,681.8,-0.7817,3150,1,20050,1
7136,4397056,1246.57,527,-0.8598,-0.010121,5.862012,0.435136,0.006314,0.01,1295.53,681.3,-0.78,3156,0,18600,1
7137,4397056,1523.91,636,-0.919,-0.010121,5.862012,0.435136,0.006314,0.01,1297.01,681.6,-0.7788,3154,5,19850,1
7138,4397056,1384.54,612,-0.9172,-0.010121,5.862012,0.435136,0.006314,0.01,1297.28,681.9,-0.7775,3150,1,18750,1
7139,4399104,1239.98,533,-0.9365,-0.007748,7.995284,0.413923,0.005305,0.0073,1296.72,681.8,-0.7762,3161,0,18200,1
7140,4399104,1557.91,697,-1.0284,-0.007748,7.995284,0.413923,0.005305,0.0073,1299.99,683.5,-0.7751,3161,11,20600,1
7141,4399104,1333.39,574,-1.0066,-0.007748,7.995284,0.413923,0.005305,0.0073,1299.29,683.3,-0.7735,3149,1,19000,1
7142,4399104,1390.21,588,-1.0078,-0.007748,7.995284,0.413923,0.005305,0.0073,1300.19,683.7,-0.7749,3151,1,20150,1
7143,4401152,1183.31,499,-0.9905,-0.007924,10.375597,0.365889,0.005397,0.0063,1300.04,681.1,-0.772,3161,0,18300,1
7144,4401152,1341.97,572,-1.048,-0.007924,10.375597,0.365889,0.005397,0.0063,1301.09,681.6,-0.779,3153,2,18800,1
7145,4401152,1250.71,523,-1.0645,-0.007924,10.375597,0.365889,0.005397,0.0063,1299.5,680.9,-0.7863,3149,1,18850,1
7146,4401152,1490.24,633,-1.1126,-0.007924,10.375597,0.365889,0.005397,0.0063,1304.35,682.9,-0.7943,3157,5,21950,1
7147,4403200,1415.11,616,-1.1693,-0.00748,8.759994,0.371792,0.00432,0.0098,1305.95,664.0,-0.7949,3156,4,19950,1
7148,4403200,1257.0,566,-1.1859,-0.00748,8.759994,0.371792,0.00432,0.0098,1307.99,645.1,-0.7953,3156,1,18800,1
7149,4403200,1166.57,734,-1.6817,-0.00748,8.759994,0.371792,0.00432,0.0098,1307.17,647.3,-0.8093,3157,1,20150,1
7150,4403200,1237.31,526,-1.1628,-0.00748,8.759994,0.371792,0.00432,0.0098,1307.81,644.2,-0.8158,3156,0,18500,1
7151,4405248,1347.37,580,-1.1724,-0.007803,2.928483,0.494594,0.006751,0.0244,1308.92,644.6,-0.8244,3154,1,18300,1
7152,4405248,1253.34,544,-1.1668,-0.007803,2.928483,0.494594,0.006751,0.0244,1308.23,644.3,-0.8328,3153,0,19850,1
7153,4405248,1476.35,668,-1.3142,-0.007803,2.928483,0.494594,0.006751,0.0244,1310.43,645.4,-0.842,3161,2,19250,1
7154,4407296,580.6,275,-1.1592,-0.009809,2.295469,0.601516,0.005333,0.0156,1301.56,641.6,-0.8492,2469,0,100,0
7155,4407296,1237.84,525,-1.102,-0.009809,2.295469,0.601516,0.005333,0.0156,1300.77,641.4,-0.8561,3161,0,18500,1
7156,4407296,1252.07,530,-1.1011,-0.009809,2.295469,0.601516,0.005333,0.0156,1299.23,640.7,-0.8626,3152,1,18800,1
7157,4409344,1236.25,514,-1.0242,-0.006246,1.331085,0.652854,0.00492,0.0178,1298.83,640.0,-0.8677,3157,0,18650,1
7158,4409344,1244.21,523,-0.9472,-0.006246,1.331085,0.652854,0.00492,0.0178,1297.17,638.9,-0.8709,3153,1,21600,1
7159,4411392,1069.65,806,-1.439,-0.005652,0.945873,0.932214,0.005377,0.0374,1295.31,641.5,-0.8796,3161,1,19950,1
7160,4411392,1385.53,592,-0.8398,-0.005652,0.945873,0.932214,0.005377,0.0374,1298.03,640.1,-0.8783,3154,3,19300,1
7161,4413440,1325.06,570,-0.6661,-0.00469,1.239427,0.757083,0.00319,0.0112,1297.9,639.5,-0.8776,3161,1,18400,1
7162,4413440,1414.07,617,-0.6801,-0.00469,1.239427,0.757083,0.00319,0.0112,1297.01,639.4,-0.8781,3154,0,19350,1
7163,4413440,1237.97,537,-0.652,-0.00469,1.239427,0.757083,0.00319,0.0112,1296.11,639.0,-0.8782,3155,0,18950,1
7164,4413440,1173.04,2498,-1.4566,-0.00469,1.239427,0.757083,0.00319,0.0112,1292.67,657.7,-0.8863,3149,4,20050,1
7165,4415488,1398.37,611,-0.6972,-0.006721,4.135006,0.46038,0.004836,0.0088,1294.2,658.5,-0.8868,3153,2,19750,1
7166,4415488,1396.73,586,-0.7227,-0.006721,4.135006,0.46038,0.004836,0.0088,1295.08,658.7,-0.8871,3157,3,19400,1
7167,4415488,1298.49,714,-0.9362,-0.006721,4.135006,0.46038,0.004836,0.0088,1294.59,660.0,-0.8895,3161,2,19200,1
7168,4417536,1378.7,596,-0.7781,-0.009437,1.902657,0.710733,0.006715,0.012,1291.55,658.3,-0.8889,3154,3,19300,1
7169,4417536,1165.08,528,-0.7778,-0.009437,1.902657,0.710733,0.006715,0.012,1290.63,658.1,-0.8894,3161,0,18850,1
7170,4417536,1389.03,603,-0.7992,-0.009437,1.902657,0.710733,0.006715,0.012,1300.25,661.9,-0.8877,3156,3,20150,1
7171,4419584,1255.45,538,-0.7728,-0.005014,1.295988,0.737022,0.002525,0.0063,1300.36,661.9,-0.8876,3151,1,20250,1
7172,4419584,1322.32,600,-0.7965,-0.005014,1.295988,0.737022,0.002525,0.0063,1300.58,662.4,-0.8876,3149,4,19200,1
7173,4419584,1249.06,513,-0.748,-0.005014,1.295988,0.737022,0.002525,0.0063,1301.35,659.7,-0.8827,3152,1,21800,1
7174,4421632,1248.36,521,-0.744,-0.003996,1.290373,0.721007,0.001239,0.0054,1301.52,658.4,-0.8785,3155,2,19050,1
7175,4423680,1410.48,625,-0.7756,-0.003789,1.199733,0.804616,0.001158,0.0032,1302.67,659.0,-0.8778,3161,2,18700,1
7176,4423680,1390.32,702,-0.9336,-0.003789,1.199733,0.804616,0.001158,0.0032,1301.72,658.4,-0.8761,3161,5,19900,1
7177,4423680,1113.1,2454,-1.3987,-0.003789,1.199733,0.804616,0.001158,0.0032,1297.39,676.4,-0.8815,3161,5,19600,1
7178,4423680,1332.06,581,-0.7355,-0.003789,1.199733,0.804616,0.001158,0.0032,1295.74,675.8,-0.8802,3152,2,18700,1
7179,4425728,1389.87,566,-0.7331,-0.007291,3.447418,0.495756,0.0046,0.0056,1297.19,676.1,-0.8788,3154,2,19550,1
7180,4425728,1233.21,512,-0.7436,-0.007291,3.447418,0.495756,0.0046,0.0056,1295.61,675.2,-0.877,3156,0,18650,1
7181,4425728,1170.01,715,-1.0186,-0.007291,3.447418,0.495756,0.0046,0.0056,1293.49,676.4,-0.878,3154,1,18500,1
7182,4425728,1238.33,527,-0.7551,-0.007291,3.447418,0.495756,0.0046,0.0056,1293.34,676.4,-0.8764,3156,0,18200,1
7183,4427776,1439.95,654,-0.865,-0.008654,3.337473,0.471812,0.006012,0.012,1294.76,677.4,-0.8756,3149,4,21150,1
7184,4427776,1238.12,516,-0.8106,-0.008654,3.337473,0.471812,0.006012,0.012,1294.05,676.9,-0.8735,3157,0,18650,1
7185,4427776,1299.8,559,-0.8305,-0.008654,3.337473,0.471812,0.006012,0.012,1293.62,676.8,-0.8717,3155,1,20250,1
7186,4429824,1526.99,866,-1.0974,-0.008919,3.117745,0.526599,0.006016,0.0142,1294.05,678.8,-0.8712,3152,3,23000,1
7187,4429824,1311.83,546,-0.8935,-0.008919,3.117745,0.526599,0.006016,0.0142,1292.21,677.8,-0.869,3151,1,18950,1
7188,4429824,1243.78,528,-0.8861,-0.008919,3.117745,0.526599,0.006016,0.0142,1291.36,677.7,-0.8669,3149,1,19950,1
7189,4429824,1275.32,563,-0.9389,-0.008919,3.117745,0.526599,0.006016,0.0142,1290.63,677.6,-0.8652,3150,2,19000,1
7190,4431872,1260.3,571,-0.9616,-0.008885,6.784498,0.363937,0.005747,0.0098,1289.71,677.4,-0.8633,3153,0,18750,1
7191,4431872,856.18,391,-0.9689,-0.008885,6.784498,0.363937,0.005747,0.0098,1286.17,676.1,-0.861,2747,0,100,0
7192,4431872,1298.73,561,-0.9748,-0.008885,6.784498,0.363937,0.005747,0.0098,1285.86,676.1,-0.8584,3154,2,18800,1
7193,4431872,634.31,272,-0.964,-0.008885,6.784498,0.363937,0.005747,0.0098,1279.63,673.4,-0.8564,2756,0,100,0
7194,4433920,1473.81,964,-1.4685,-0.007682,3.734864,0.473149,0.005159,0.0115,1280.21,675.2,-0.856,3161,3,19700,1
7195,4433920,1296.36,559,-1.0471,-0.007682,3.734864,0.473149,0.005159,0.0115,1279.96,675.2,-0.8617,3161,1,18800,1
7196,4433920,1249.38,533,-1.0442,-0.007682,3.734864,0.473149,0.005159,0.0115,1280.05,675.1,-0.8674,3157,0,20050,1
7197,4433920,1602.88,692,-1.1123,-0.007682,3.734864,0.473149,0.005159,0.0115,1282.98,675.5,-0.8729,3154,3,20450,1
7198,4435968,1333.92,570,-1.0712,-0.008883,2.588975,0.583497,0.00468,0.0122,1280.48,674.1,-0.8788,3161,2,18700,1
7199,4438016,1121.97,734,-1.4563,-0.007166,1.680561,0.740092,0.006302,0.0242,1280.54,656.7,-0.8807,3161,1,18850,1
7200,4438016,1479.16,767,-1.2181,-0.007166,1.680561,0.740092,0.006302,0.0242,1282.43,639.0,-0.8809,3155,3,19450,1
7201,4438016,1189.6,1030,-1.5604,-0.007166,1.680561,0.740092,0.006302,0.0242,1281.72,643.9,-0.8928,3161,2,20150,1
7202,4440064,1379.76,577,-0.9056,-0.007095,1.232193,0.787177,0.007078,0.0137,1282.97,643.6,-0.8964,3161,1,19150,1
7203,4440064,1582.07,683,-0.9195,-0.007095,1.232193,0.787177,0.007078,0.0137,1283.87,644.0,-0.9015,3151,4,20400,1
7204,4442112,1200.28,918,-1.1069,-0.006782,0.919016,1.024478,0.002691,0.0076,1283.49,644.9,-0.9047,3155,2,18700,1
7205,4442112,1320.63,575,-0.7604,-0.006782,0.919016,1.024478,0.002691,0.0076,1284.35,645.5,-0.9082,3149,2,19200,1
7206,4444160,1406.17,610,-0.7011,-0.005157,1.248165,0.805371,0.002688,0.0103,1285.88,646.2,-0.911,3156,2,19300,1
7207,4444160,1324.69,566,-0.6685,-0.005157,1.248165,0.805371,0.002688,0.0103,1295.52,650.0,-0.9115,3152,3,20750,1
7208,4446208,1411.02,595,-0.672,-0.005898,0.942069,0.91181,0.00213,0.0078,1295.8,650.0,-0.9137,3154,2,19700,1
7209,4446208,1298.92,573,-0.6793,-0.005898,0.942069,0.91181,0.00213,0.0078,1296.39,650.5,-0.9157,3161,1,18800,1
7210,4446208,1364.21,1004,-0.893,-0.005898,0.942069,0.91181,0.00213,0.0078,1295.01,653.9,-0.9192,3153,1,20050,1
7211,4446208,454.01,197,-0.7059,-0.005898,0.942069,0.91181,0.00213,0.0078,1287.0,650.5,-0.9211,1952,0,100,0
7212,4446208,1206.16,2532,-1.3416,-0.005898,0.942069,0.91181,0.00213,0.0078,1285.76,670.1,-0.9287,3161,5,22200,1
7213,4448256,594.35,276,-0.7287,-0.003531,1.814242,0.60204,0.003228,0.0071,1279.44,667.5,-0.93,2467,0,100,0
7214,4448256,1237.14,530,-0.6704,-0.003531,1.814242,0.60204,0.003228,0.0071,1277.78,666.8,-0.9306,3157,0,20050,1
7215,4448256,1233.59,532,-0.6902,-0.003531,1.814242,0.60204,0.003228,0.0071,1277.81,667.1,-0.9315,3154,0,18300,1
7216,4448256,1341.48,771,-0.8626,-0.003531,1.814242,0.60204,0.003228,0.0071,1278.89,669.6,-0.9338,3152,1,19100,1
7217,4450304,1231.23,748,-0.9984,-0.01021,2.976934,0.559493,0.007656,0.0225,1277.38,671.1,-0.9372,3155,1,18850,1
7218,4450304,1446.08,607,-0.7513,-0.01021,2.976934,0.559493,0.007656,0.0225,1278.66,671.5,-0.9381,3150,4,19950,1
7219,4450304,445.38,201,-0.812,-0.01021,2.976934,0.559493,0.007656,0.0225,1270.52,668.2,-0.9395,1794,0,200,0
7220,4452352,1392.27,614,-0.7688,-0.006644,2.441442,0.604299,0.004899,0.0059,1271.03,648.8,-0.9359,3161,2,19450,1
7221,4452352,1164.53,790,-1.1361,-0.006644,2.441442,0.604299,0.004899,0.0059,1272.05,651.7,-0.9388,3152,1,20050,1
7222,4452352,1501.4,663,-0.8438,-0.006644,2.441442,0.604299,0.004899,0.0059,1272.67,649.3,-0.9356,3150,4,20150,1
7223,4454400,1234.59,521,-0.8261,-0.009206,3.234558,0.563829,0.005457,0.0056,1272.51,649.1,-0.9371,3149,0,18650,1
7224,4454400,1401.43,598,-0.8391,-0.009206,3.234558,0.563829,0.005457,0.0056,1273.63,649.3,-0.9385,3151,2,18800,1
7225,4454400,1276.53,584,-0.8703,-0.009206,3.234558,0.563829,0.005457,0.0056,1272.32,649.0,-0.9402,3155,2,18450,1
7226,4456448,1312.33,559,-0.8778,-0.007645,8.58892,0.338879,0.004962,0.0054,1273.07,649.0,-0.9412,3156,2,20750,1
7227,4456448,1240.51,527,-0.8765,-0.007645,8.58892,0.338879,0.004962,0.0054,1271.58,648.5,-0.9428,3161,0,18250,1
7228,4456448,1238.07,521,-0.8834,-0.007645,8.58892,0.338879,0.004962,0.0054,1270.0,647.7,-0.9442,3150,0,18600,1
7229,4456448,1449.08,626,-0.935,-0.007645,8.58892,0.338879,0.004962,0.0054,1272.21,648.7,-0.9462,3153,1,19350,1
7230,4458496,1232.97,536,-0.9643,-0.005915,4.029774,0.442272,0.003736,0.012,1272.18,648.8,-0.9484,3151,0,19850,1
7231,4458496,1242.39,553,-0.997,-0.005915,4.029774,0.442272,0.003736,0.012,1270.87,648.7,-0.9506,3150,1,18700,1
7232,4458496,1362.64,747,-1.1424,-0.005915,4.029774,0.442272,0.003736,0.012,1271.09,650.4,-0.9539,3161,0,17700,1
7233,4460544,1355.25,590,-1.0446,-0.007686,6.261693,0.385098,0.004599,0.0034,1272.15,650.8,-0.9562,3161,2,20750,1
7234,4460544,1321.02,576,-1.0524,-0.007686,6.261693,0.385098,0.004599,0.0034,1273.04,651.3,-0.9587,3161,1,19100,1
7235,4460544,1401.61,600,-1.1052,-0.007686,6.261693,0.385098,0.004599,0.0034,1273.67,650.8,-0.9588,3150,3,21350,1
7236,4462592,1230.5,537,-1.0686,-0.005515,1.300031,0.760679,0.00352,0.0017,1273.51,650.9,-0.9609,3161,0,18300,1
7237,4462592,1255.96,553,-1.0699,-0.005515,1.300031,0.760679,0.00352,0.0017,1270.83,650.1,-0.9624,3152,1,19000,1
7238,4462592,1398.95,592,-1.0097,-0.005515,1.300031,0.760679,0.00352,0.0017,1270.98,649.9,-0.9633,3154,3,19950,1
7239,4464640,1295.35,545,-0.9692,-0.002673,1.305445,0.738445,0.000893,0.0007,1271.53,650.0,-0.9636,3161,1,18700,1
7240,4464640,1245.06,528,-0.9804,-0.002673,1.305445,0.738445,0.000893,0.0007,1268.4,648.3,-0.9631,3153,1,18800,1
7241,4466688,1242.78,555,-0.9069,-0.004248,1.010937,0.840583,0.003485,0.0095,1267.5,648.1,-0.9622,3150,0,18250,1
7242,4466688,1406.06,609,-0.914,-0.004248,1.010937,0.840583,0.003485,0.0095,1267.65,648.4,-0.9612,3149,1,20450,1
7243,4466688,1108.61,2469,-1.4409,-0.004248,1.010937,0.840583,0.003485,0.0095,1266.91,668.0,-0.9657,3157,4,19450,1
7244,4468736,1232.0,509,-0.7122,-0.003848,0.838544,0.897407,0.002875,0.0056,1265.81,667.4,-0.9624,3157,0,18650,1
7245,4468736,1232.04,529,-0.699,-0.003848,0.838544,0.897407,0.002875,0.0056,1265.62,667.5,-0.9587,3157,0,18650,1
7246,4468736,1310.65,562,-0.6789,-0.003848,0.838544,0.897407,0.002875,0.0056,1263.82,666.8,-0.9544,3154,3,20950,1
7247,4470784,1516.82,623,-0.6766,-0.003933,1.349335,0.653815,0.002945,0.0063,1264.84,666.8,-0.9494,3161,5,20050,1
7248,4470784,1402.78,620,-0.7014,-0.003933,1.349335,0.653815,0.002945,0.0063,1266.3,667.4,-0.9446,3151,3,21250,1
7249,4470784,1249.91,565,-0.6836,-0.003933,1.349335,0.653815,0.002945,0.0063,1267.13,665.7,-0.9346,3161,1,21400,1
7250,4472832,650.64,279,-0.7327,-0.004556,1.285453,0.817934,-0.00051,0.0061,1261.27,663.2,-0.9303,2756,1,300,0
7251,4472832,1119.37,2457,-1.2087,-0.004556,1.285453,0.817934,-0.00051,0.0061,1258.99,682.0,-0.9307,3161,5,20750,1
7252,4472832,1246.36,637,-0.9341,-0.004556,1.285453,0.817934,-0.00051,0.0061,1258.92,682.9,-0.9283,3153,2,18800,1
7253,4472832,1233.92,521,-0.7199,-0.004556,1.285453,0.817934,-0.00051,0.0061,1256.49,681.5,-0.9224,3156,0,22800,1
7254,4474880,1235.99,525,-0.7478,-0.004869,2.256851,0.631756,0.002833,0.0039,1263.05,684.0,-0.9183,3156,0,18200,1
7255,4474880,1316.36,711,-0.9468,-0.004869,2.256851,0.631756,0.002833,0.0039,1263.83,685.8,-0.9167,3157,2,18500,1
7256,4476928,1463.96,607,-0.7851,-0.011111,4.951667,0.486418,0.005362,0.0066,1265.95,686.6,-0.9136,3155,5,20050,1
7257,4476928,1528.54,657,-0.7832,-0.011111,4.951667,0.486418,0.005362,0.0066,1268.87,688.0,-0.9112,3157,3,20050,1
7258,4476928,1264.0,541,-0.8231,-0.011111,4.951667,0.486418,0.005362,0.0066,1269.07,688.2,-0.9099,3150,2,20450,1
7259,4478976,1347.78,693,-1.0563,-0.00733,4.893016,0.459555,0.004666,0.0039,1271.85,687.1,-0.9061,3152,1,19000,1
7260,4478976,1392.97,592,-0.8505,-0.00733,4.893016,0.459555,0.004666,0.0039,1271.93,687.1,-0.9062,3154,2,19250,1
7261,4478976,1381.74,616,-0.8921,-0.00733,4.893016,0.459555,0.004666,0.0039,1272.49,687.5,-0.9085,3156,1,18500,1
7262,4478976,1262.62,543,-0.8831,-0.00733,4.893016,0.459555,0.004666,0.0039,1270.98,686.8,-0.9105,3152,2,20250,1
7263,4481024,1392.81,587,-0.9099,-0.007855,6.551591,0.432285,0.005434,0.0054,1272.53,687.3,-0.9131,3161,2,19200,1
7264,4481024,1241.09,550,-0.9084,-0.007855,6.551591,0.432285,0.005434,0.0054,1273.21,667.8,-0.9076,3155,0,17950,1
7265,4481024,1248.32,579,-0.9505,-0.007855,6.551591,0.432285,0.005434,0.0054,1271.71,667.5,-0.9101,3161,2,19300,1
7266,4483072,1342.13,700,-1.2691,-0.009494,6.459644,0.421526,0.005119,0.0056,1271.16,668.6,-0.9156,3151,1,18700,1
7267,4483072,1232.66,526,-0.9757,-0.009494,6.459644,0.421526,0.005119,0.0056,1270.5,666.7,-0.916,3161,0,19850,1
7268,4483072,1329.83,583,-1.0155,-0.009494,6.459644,0.421526,0.005119,0.0056,1270.01,666.6,-0.9184,3157,1,19300,1
7269,4483072,1241.81,531,-1.0188,-0.009494,6.459644,0.421526,0.005119,0.0056,1270.78,666.6,-0.9208,3150,0,18500,1
7270,4485120,1343.31,607,-1.0996,-0.007081,5.269078,0.403176,0.003913,0.0061,1270.32,666.7,-0.9238,3151,2,19150,1
7271,4485120,1408.19,611,-1.1037,-0.007081,5.269078,0.403176,0.003913,0.0061,1271.85,667.4,-0.9271,3154,4,19600,1
7272,4485120,1492.02,633,-1.0967,-0.007081,5.269078,0.403176,0.003913,0.0061,1273.55,667.7,-0.9301,3161,5,20500,1
7273,4487168,1383.64,1047,-1.6597,-0.011144,2.120087,0.676866,0.008142,0.0186,1274.89,673.1,-0.9392,3157,3,20650,1
7274,4487168,1257.3,530,-1.0639,-0.011144,2.120087,0.676866,0.008142,0.0186,1274.98,673.2,-0.9424,3150,2,22000,1
7275,4487168,1260.36,549,-1.06,-0.011144,2.120087,0.676866,0.008142,0.0186,1273.48,672.4,-0.9452,3157,0,18400,1
7276,4487168,1234.38,519,-1.0347,-0.011144,2.120087,0.676866,0.008142,0.0186,1271.92,670.6,-0.9463,3157,0,18300,1
7277,4489216,1374.22,583,-1.0776,-0.006618,5.23568,0.408832,0.004528,0.0122,1274.53,651.9,-0.943,3155,2,18800,1
7278,4489216,1302.34,576,-1.0894,-0.006618,5.23568,0.408832,0.004528,0.0122,1274.24,651.8,-0.9466,3161,1,18900,1
7279,4489216,1268.56,550,-1.0858,-0.006618,5.23568,0.408832,0.004528,0.0122,1273.02,651.7,-0.9501,3149,2,19000,1
7280,4489216,1380.49,587,-1.0824,-0.006618,5.23568,0.408832,0.004528,0.0122,1274.5,652.4,-0.9535,3161,1,19550,1
7281,4491264,1411.48,603,-1.1654,-0.008332,8.595876,0.391169,0.004553,0.0129,1276.91,651.3,-0.955,3152,3,19200,1
7282,4491264,1515.28,746,-1.3372,-0.008332,8.595876,0.391169,0.004553,0.0129,1279.68,653.5,-0.9608,3150,2,19300,1
7283,4491264,1348.29,600,-1.1733,-0.008332,8.595876,0.391169,0.004553,0.0129,1278.76,652.9,-0.9639,3161,1,18650,1
7284,4493312,1357.69,594,-1.2033,-0.008608,4.896236,0.556988,0.004497,0.0103,1279.96,653.7,-0.9678,3154,3,19150,1
7285,4493312,718.99,421,-1.4078,-0.008608,4.896236,0.556988,0.004497,0.0103,1274.15,652.3,-0.9736,2467,0,300,0
7286,4493312,1256.42,551,-1.2592,-0.008608,4.896236,0.556988,0.004497,0.0103,1271.45,649.2,-0.9752,3161,1,19050,1
7287,4493312,994.3,478,-1.371,-0.008608,4.896236,0.556988,0.004497,0.0103,1268.27,648.5,-0.98,3161,0,18650,1
7288,4495360,1284.34,585,-1.3146,-0.003952,4.51302,0.45504,0.002723,0.0105,1268.68,649.1,-0.9842,3154,2,18250,1
7289,4495360,1332.36,571,-1.3021,-0.003952,4.51302,0.45504,0.002723,0.0105,1269.25,649.2,-0.9879,3161,1,22050,1
7290,4497408,1385.47,618,-1.3436,-0.003373,4.354892,0.520107,0.003744,0.0125,1270.5,649.6,-0.9917,3155,3,19950,1
7291,4497408,1411.67,601,-1.3172,-0.003373,4.354892,0.520107,0.003744,0.0125,1276.05,651.7,-0.9952,3161,4,20650,1
7292,4497408,686.61,444,-1.7516,-0.003373,4.354892,0.520107,0.003744,0.0125,1269.93,650.6,-1.003,2470,0,100,0
7293,4497408,441.41,252,-1.6191,-0.003373,4.354892,0.520107,0.003744,0.0125,1268.0,650.4,-1.0095,1800,0,300,0
7294,4499456,1274.28,601,-1.4207,-0.005201,5.041209,0.456235,0.003047,0.0042,1266.01,646.7,-1.009,3161,0,17700,1
7295,4499456,1450.5,656,-1.4453,-0.005201,5.041209,0.456235,0.003047,0.0042,1267.55,647.7,-1.013,3151,1,19650,1
7296,4499456,1358.35,594,-1.3953,-0.005201,5.041209,0.456235,0.003047,0.0042,1268.64,648.3,-1.0165,3161,3,19100,1
7297,4499456,1224.21,548,-1.4432,-0.005201,5.041209,0.456235,0.003047,0.0042,1264.85,646.9,-1.0198,3151,0,18950,1
7298,4501504,1309.18,638,-1.5577,-0.005936,4.556695,0.537571,0.003079,0.0051,1264.61,647.5,-1.0247,3161,3,18150,1
7299,4501504,1446.77,710,-1.6478,-0.005936,4.556695,0.537571,0.003079,0.0051,1267.85,647.3,-1.0266,3157,0,19650,1
7300,4501504,1381.68,608,-1.4897,-0.005936,4.556695,0.537571,0.003079,0.0051,1266.88,645.7,-1.0293,3157,3,19100,1
7301,4501504,1370.83,839,-1.8455,-0.005936,4.556695,0.537571,0.003079,0.0051,1268.69,643.8,-1.0322,3161,1,20250,1
7302,4503552,539.43,242,-1.501,-0.007921,2.583503,0.634903,0.004471,0.019,1260.29,640.5,-1.0381,1792,0,200,0
7303,4503552,422.11,193,-1.4861,-0.007921,2.583503,0.634903,0.004471,0.019,1248.69,635.6,-1.0438,1783,0,100,0
7304,4503552,1244.14,527,-1.4049,-0.007921,2.583503,0.634903,0.004471,0.019,1249.13,631.6,-1.0468,3155,0,20450,1
7305,4503552,717.82,339,-1.4405,-0.007921,2.583503,0.634903,0.004471,0.019,1243.1,629.3,-1.0536,2749,0,500,0
7306,4505600,1257.71,549,-1.3788,-0.004529,6.684906,0.361146,0.002618,0.0051,1241.61,628.7,-1.0603,3161,1,18500,1
7307,4505600,1192.93,538,-1.4114,-0.004529,6.684906,0.361146,0.002618,0.0051,1240.3,628.4,-1.0678,3152,0,21000,1
7308,4505600,1196.21,530,-1.4369,-0.004529,6.684906,0.361146,0.002618,0.0051,1238.15,627.8,-1.0754,3156,0,18000,1
7309,4505600,577.99,298,-1.6794,-0.004529,6.684906,0.361146,0.002618,0.0051,1230.94,625.0,-1.0854,2467,0,100,0
7310,4505600,1281.39,568,-1.4222,-0.004529,6.684906,0.361146,0.002618,0.0051,1230.11,620.6,-1.0907,3157,1,19300,1
7311,4507648,409.37,180,-1.5326,-0.006754,6.123558,0.414055,0.004913,0.0142,1229.66,620.5,-1.099,680,0,0,0
7312,4507648,1393.95,608,-1.4543,-0.006754,6.123558,0.414055,0.004913,0.0142,1231.54,601.2,-1.1001,3150,2,19750,1
7313,4507648,986.07,416,-1.576,-0.006754,6.123558,0.414055,0.004913,0.0142,1235.46,602.6,-1.1086,3151,0,19400,1
7314,4507648,1352.25,580,-1.4915,-0.006754,6.123558,0.414055,0.004913,0.0142,1236.61,603.1,-1.1168,3161,2,19650,1
7315,4507648,594.85,311,-1.8368,-0.006754,6.123558,0.414055,0.004913,0.0142,1230.22,600.9,-1.1283,2470,0,100,0
7316,4509696,1562.35,696,-1.587,-0.005877,6.411513,0.422936,0.004161,0.0144,1232.43,600.2,-1.1355,3153,2,18850,1
7317,4509696,1323.02,602,-1.6065,-0.005877,6.411513,0.422936,0.004161,0.0144,1233.35,598.7,-1.1416,3150,2,19100,1
7318,4509696,1300.54,557,-1.5939,-0.005877,6.411513,0.422936,0.004161,0.0144,1231.89,598.2,-1.15,3152,1,19150,1
7319,4509696,1318.34,629,-1.7217,-0.005877,6.411513,0.422936,0.004161,0.0144,1240.62,602.5,-1.1591,3161,0,18800,1
7320,4511744,939.5,461,-2.0322,-0.005463,6.046473,0.494369,0.003454,0.0054,1236.1,601.0,-1.1717,2759,1,300,0
7321,4511744,1490.9,640,-1.6517,-0.005463,6.046473,0.494369,0.003454,0.0054,1239.36,599.5,-1.1769,3161,3,20350,1
7322,4511744,1203.97,536,-1.7653,-0.005463,6.046473,0.494369,0.003454,0.0054,1236.39,598.2,-1.1861,3155,0,18100,1
7323,4513792,1551.48,666,-1.7036,-0.006969,7.662163,0.481357,0.004269,0.011,1239.55,599.6,-1.1949,3161,3,19600,1
7324,4513792,1336.72,595,-1.7555,-0.006969,7.662163,0.481357,0.004269,0.011,1238.91,599.6,-1.2041,3161,1,19000,1
7325,4513792,1243.12,555,-1.7853,-0.006969,7.662163,0.481357,0.004269,0.011,1238.57,599.3,-1.2132,3156,0,18350,1
7326,4515840,1457.38,700,-1.8285,-0.007846,6.404471,0.515649,0.005385,0.0129,1240.02,600.7,-1.2227,3154,2,18950,1
7327,4515840,1159.12,515,-1.8858,-0.007846,6.404471,0.515649,0.005385,0.0129,1239.21,600.6,-1.2328,3153,0,19450,1
7328,4515840,687.55,304,-2.0373,-0.007846,6.404471,0.515649,0.005385,0.0129,1233.7,598.4,-1.2443,2469,0,200,0
7329,4515840,1301.72,550,-1.8251,-0.007846,6.404471,0.515649,0.005385,0.0129,1232.23,597.7,-1.2532,3161,1,18900,1
7330,4517888,1246.67,531,-1.8394,-0.008477,6.623772,0.425134,0.004187,0.0117,1232.37,597.6,-1.262,3161,0,20150,1
7331,4517888,1342.95,607,-1.9357,-0.008477,6.623772,0.425134,0.004187,0.0117,1233.37,598.2,-1.2714,3154,2,21800,1
7332,4517888,1248.01,527,-1.8662,-0.008477,6.623772,0.425134,0.004187,0.0117,1232.23,596.0,-1.2786,3156,0,18300,1
7333,4517888,1198.57,510,-1.9705,-0.008477,6.623772,0.425134,0.004187,0.0117,1230.66,595.2,-1.2879,3156,0,19950,1
7334,4519936,1274.51,564,-1.9622,-0.007554,7.960787,0.35209,0.003602,0.0068,1230.2,595.0,-1.297,3150,1,18700,1
7335,4519936,1273.32,561,-1.9822,-0.007554,7.960787,0.35209,0.003602,0.0068,1228.91,594.7,-1.3057,3156,1,18250,1
7336,4519936,1297.01,574,-2.0166,-0.007554,7.960787,0.35209,0.003602,0.0068,1229.58,595.0,-1.3152,3161,1,19550,1
7337,4521984,776.43,372,-2.343,-0.005342,8.338257,0.337092,0.002919,0.0044,1224.78,593.2,-1.328,2754,1,600,0
7338,4521984,1393.42,598,-2.0006,-0.005342,8.338257,0.337092,0.002919,0.0044,1224.73,593.3,-1.3379,3157,2,18700,1
7339,4521984,1361.26,579,-2.1192,-0.005342,8.338257,0.337092,0.002919,0.0044,1225.39,593.6,-1.3494,3157,0,19450,1
7340,4521984,1525.45,646,-2.0074,-0.005342,8.338257,0.337092,0.002919,0.0044,1228.19,594.8,-1.3596,3154,4,21050,1
7341,4524032,1382.66,671,-2.2287,-0.004976,3.478636,0.554347,0.003768,0.0164,1229.59,596.0,-1.3729,3152,3,19950,1
7342,4524032,661.71,326,-2.0353,-0.004976,3.478636,0.554347,0.003768,0.0164,1222.14,593.1,-1.3841,2469,1,400,0
7343,4524032,1245.14,552,-1.9545,-0.004976,3.478636,0.554347,0.003768,0.0164,1223.51,574.0,-1.3892,3161,0,18500,1
7344,4526080,658.7,320,-1.8186,-0.000543,1.569215,0.761501,0.005839,0.0388,1217.78,572.1,-1.4003,2466,0,100,0
7345,4526080,420.18,198,-1.5283,-0.000543,1.569215,0.761501,0.005839,0.0388,1209.66,568.8,-1.4086,1783,0,100,0
7346,4526080,1257.86,555,-1.3859,-0.000543,1.569215,0.761501,0.005839,0.0388,1209.13,568.7,-1.4156,3150,1,18550,1
7347,4528128,444.32,196,-0.9853,-0.003051,1.164457,0.868653,0.002343,0.0066,1198.41,564.4,-1.4187,1790,0,100,0
7348,4528128,875.84,468,-1.0924,-0.003051,1.164457,0.868653,0.002343,0.0066,1193.14,562.9,-1.4226,2756,0,100,0
7349,4528128,1480.97,637,-1.0226,-0.003051,1.164457,0.868653,0.002343,0.0066,1195.45,563.6,-1.426,3155,5,23050,1
7350,4528128,993.08,456,-0.9182,-0.003051,1.164457,0.868653,0.002343,0.0066,1198.87,565.4,-1.4279,3156,0,19000,1
7351,4530176,1243.28,530,-0.9207,-0.002946,1.26675,0.798788,0.001182,0.0042,1200.11,546.1,-1.425,3156,0,19950,1
7352,4530176,1395.62,609,-0.918,-0.002946,1.26675,0.798788,0.001182,0.0042,1201.6,545.8,-1.4248,3161,3,19350,1
7353,4530176,1121.76,2467,-1.734,-0.002946,1.26675,0.798788,0.001182,0.0042,1200.48,565.3,-1.435,3154,5,19100,1
7354,4530176,1236.47,564,-0.9086,-0.002946,1.26675,0.798788,0.001182,0.0042,1200.49,565.7,-1.4366,3156,0,18250,1
7355,4532224,1260.2,558,-0.9245,-0.003709,2.219428,0.622507,0.002062,0.0032,1199.92,564.2,-1.4364,3157,1,18700,1
7356,4532224,1046.36,486,-0.9155,-0.003709,2.219428,0.622507,0.002062,0.0032,1195.75,563.0,-1.4377,3161,0,18750,1
7357,4532224,646.94,296,-0.8971,-0.003709,2.219428,0.622507,0.002062,0.0032,1186.93,559.3,-1.4388,2467,0,100,0
7358,4532224,344.1,164,-0.894,-0.003709,2.219428,0.622507,0.002062,0.0032,1177.73,555.6,-1.4395,1435,0,200,0
7359,4532224,1329.42,570,-0.9425,-0.003709,2.219428,0.622507,0.002062,0.0032,1177.55,554.3,-1.4384,3157,2,19450,1
7360,4534272,641.47,298,-0.9456,-0.004904,6.157567,0.3928,0.002231,0.0066,1170.04,551.4,-1.4393,2757,0,100,0
7361,4534272,576.71,282,-0.9614,-0.004904,6.157567,0.3928,0.002231,0.0066,1161.98,548.1,-1.44,2467,0,100,0
7362,4534272,1400.57,604,-0.9641,-0.004904,6.157567,0.3928,0.002231,0.0066,1163.36,548.7,-1.4408,3161,2,18800,1
7363,4534272,864.6,396,-1.0139,-0.004904,6.157567,0.3928,0.002231,0.0066,1158.08,546.8,-1.4419,2757,1,300,0
7364,4536320,1244.17,549,-1.013,-0.005147,5.866304,0.448775,0.00404,0.0076,1158.11,546.8,-1.4429,3150,0,18100,1
7365,4536320,1626.46,758,-1.1748,-0.005147,5.866304,0.448775,0.00404,0.0076,1161.89,548.5,-1.4452,3157,4,20200,1
7366,4536320,1348.72,684,-1.205,-0.005147,5.866304,0.448775,0.00404,0.0076,1161.96,548.4,-1.4445,3161,2,20550,1
7367,4536320,1272.12,560,-1.0375,-0.005147,5.866304,0.448775,0.00404,0.0076,1162.35,548.7,-1.4451,3161,2,18900,1
7368,4538368,1327.35,557,-1.0633,-0.007636,4.57975,0.563168,0.004483,0.0032,1162.33,548.5,-1.4456,3152,2,19350,1
7369,4538368,1396.72,608,-1.0931,-0.007636,4.57975,0.563168,0.004483,0.0032,1163.88,549.2,-1.4464,3150,2,19300,1
7370,4538368,1464.7,639,-1.1032,-0.007636,4.57975,0.563168,0.004483,0.0032,1165.09,549.5,-1.4464,3149,4,19700,1
7371,4540416,1384.48,600,-1.0826,-0.008305,7.892567,0.485298,0.005174,0.0056,1164.86,549.4,-1.4462,3161,1,18350,1
7372,4540416,1529.49,703,-1.1742,-0.008305,7.892567,0.485298,0.005174,0.0056,1165.23,550.1,-1.447,3157,6,20050,1
7373,4540416,1234.15,557,-1.1336,-0.008305,7.892567,0.485298,0.005174,0.0056,1163.74,545.2,-1.4417,3161,0,18250,1
7374,4542464,1237.72,544,-1.1225,-0.008469,7.16983,0.453756,0.003849,0.0063,1163.54,545.4,-1.4423,3161,0,18150,1
7375,4542464,1235.55,527,-1.1279,-0.008469,7.16983,0.453756,0.003849,0.0063,1163.29,545.2,-1.443,3157,0,18500,1
7376,4542464,572.2,318,-1.343,-0.008469,7.16983,0.453756,0.003849,0.0063,1156.67,543.1,-1.446,2467,0,100,0
7377,4542464,1231.41,530,-1.2011,-0.008469,7.16983,0.453756,0.003849,0.0063,1155.24,542.6,-1.4473,3156,0,20050,1
7378,4542464,567.81,259,-1.1949,-0.008469,7.16983,0.453756,0.003849,0.0063,1147.9,539.5,-1.4483,2467,0,100,0
7379,4544512,1247.42,536,-1.2152,-0.004707,4.850171,0.406142,0.003865,0.0085,1147.69,539.3,-1.4496,3155,0,18950,1
7380,4544512,1585.1,841,-1.4218,-0.004707,4.850171,0.406142,0.003865,0.0085,1149.73,541.9,-1.453,3157,2,19250,1
7381,4544512,1244.08,533,-1.2384,-0.004707,4.850171,0.406142,0.003865,0.0085,1148.06,541.1,-1.4538,3157,0,20050,1
7382,4546560,1236.73,532,-1.2524,-0.009151,4.087335,0.564198,0.004896,0.0042,1145.27,539.0,-1.4529,3156,0,18950,1
7383,4546560,1146.0,579,-1.451,-0.009151,4.087335,0.564198,0.004896,0.0042,1143.25,538.8,-1.4557,3161,3,18700,1
7384,4546560,454.4,198,-1.2493,-0.009151,4.087335,0.564198,0.004896,0.0042,1134.22,534.8,-1.4561,1952,0,100,0
7385,4546560,1307.82,575,-1.282,-0.009151,4.087335,0.564198,0.004896,0.0042,1140.1,536.4,-1.4549,3157,2,18850,1
7386,4548608,1262.8,548,-1.2954,-0.005653,6.137015,0.388348,0.00346,0.0027,1140.17,536.4,-1.4552,3157,2,20150,1
7387,4548608,1273.39,688,-1.5504,-0.005653,6.137015,0.388348,0.00346,0.0027,1142.96,538.5,-1.457,3161,2,20650,1
7388,4548608,1328.47,615,-1.3461,-0.005653,6.137015,0.388348,0.00346,0.0027,1143.4,538.8,-1.4574,3161,1,18350,1
7389,4548608,1393.83,599,-1.3327,-0.005653,6.137015,0.388348,0.00346,0.0027,1144.02,539.0,-1.4577,3153,2,19100,1
7390,4550656,1192.4,514,-1.3319,-0.005455,3.381475,0.526822,0.002625,0.002,1142.08,538.0,-1.4575,3157,0,18650,1
7391,4550656,1232.7,525,-1.3395,-0.005455,3.381475,0.526822,0.002625,0.002,1140.29,537.2,-1.4578,3149,0,18500,1
7392,4550656,1301.92,574,-1.3671,-0.005455,3.381475,0.526822,0.002625,0.002,1146.45,538.5,-1.4539,3155,1,18800,1
7393,4550656,452.32,199,-1.3306,-0.005455,3.381475,0.526822,0.002625,0.002,1146.56,538.0,-1.451,1952,0,100,0
7394,4552704,1257.9,565,-1.3815,-0.006009,6.956381,0.422277,0.003711,0.0051,1146.39,537.6,-1.4506,3157,1,18250,1
7395,4552704,1475.48,682,-1.4357,-0.006009,6.956381,0.422277,0.003711,0.0051,1146.64,537.9,-1.4505,3156,3,20300,1
7396,4552704,604.95,268,-1.3212,-0.006009,6.956381,0.422277,0.003711,0.0051,1139.11,534.6,-1.4498,1511,0,100,0
7397,4554752,1408.31,630,-1.4173,-0.007046,7.989668,0.407147,0.004653,0.011,1140.95,535.5,-1.4495,3161,3,18850,1
7398,4554752,1335.9,583,-1.4393,-0.007046,7.989668,0.407147,0.004653,0.011,1141.22,534.9,-1.4484,3157,1,18500,1
7399,4554752,1160.73,509,-1.4188,-0.007046,7.989668,0.407147,0.004653,0.011,1138.36,532.9,-1.4461,3161,1,19700,1
7400,4554752,1425.59,614,-1.4684,-0.007046,7.989668,0.407147,0.004653,0.011,1138.8,533.0,-1.4459,3157,3,19600,1
7401,4556800,1284.21,542,-1.4732,-0.005713,7.824582,0.431618,0.002185,0.002,1137.93,530.0,-1.4421,3161,2,19450,1
7402,4556800,994.9,458,-1.515,-0.005713,7.824582,0.431618,0.002185,0.002,1142.48,532.1,-1.4423,3157,0,18750,1
7403,4556800,1383.02,621,-1.5356,-0.005713,7.824582,0.431618,0.002185,0.002,1152.09,536.4,-1.4428,3156,3,19000,1
7404,4556800,1336.32,568,-1.5161,-0.005713,7.824582,0.431618,0.002185,0.002,1153.02,536.8,-1.4439,3156,1,20550,1
7405,4558848,1233.14,515,-1.551,-0.007598,10.702378,0.345031,0.004455,0.0056,1158.17,538.6,-1.445,3150,0,18600,1
7406,4558848,1348.22,574,-1.5772,-0.007598,10.702378,0.345031,0.004455,0.0056,1159.07,538.9,-1.447,3161,3,19600,1
7407,4558848,1250.64,543,-1.5867,-0.007598,10.702378,0.345031,0.004455,0.0056,1159.65,538.9,-1.4487,3161,1,18100,1
7408,4558848,1197.9,514,-1.5856,-0.007598,10.702378,0.345031,0.004455,0.0056,1159.67,538.7,-1.4502,3150,0,18350,1
7409,4560896,1238.47,541,-1.6677,-0.006342,9.615564,0.32508,0.003964,0.0061,1166.27,541.2,-1.4501,3156,0,18300,1
7410,4560896,1246.4,531,-1.6709,-0.006342,9.615564,0.32508,0.003964,0.0061,1165.92,540.8,-1.4526,3161,0,18500,1
7411,4560896,1271.26,558,-1.7194,-0.006342,9.615564,0.32508,0.003964,0.0061,1174.54,544.6,-1.4545,3161,2,19000,1
7412,4560896,1240.38,542,-1.6955,-0.006342,9.615564,0.32508,0.003964,0.0061,1173.01,543.9,-1.4569,3156,0,18050,1
7413,4562944,1307.15,567,-1.7432,-0.005128,7.664472,0.376222,0.00283,0.0027,1176.22,545.4,-1.4585,3161,1,18950,1
7414,4562944,1575.34,681,-1.7783,-0.005128,7.664472,0.376222,0.00283,0.0027,1178.45,546.4,-1.4614,3153,3,20650,1
7415,4562944,1395.83,605,-1.8036,-0.005128,7.664472,0.376222,0.00283,0.0027,1186.46,549.4,-1.4611,3151,1,19300,1
7416,4562944,1408.3,629,-1.8048,-0.005128,7.664472,0.376222,0.00283,0.0027,1184.92,548.7,-1.4633,3154,2,19250,1
7417,4564992,1261.56,573,-1.779,-0.006806,6.744638,0.489484,0.00314,0.0037,1184.3,548.4,-1.465,3161,0,21100,1
7418,4564992,1237.34,532,-1.7629,-0.006806,6.744638,0.489484,0.00314,0.0037,1183.67,548.2,-1.4667,3161,0,18750,1
7419,4564992,1275.35,631,-1.8314,-0.006806,6.744638,0.489484,0.00314,0.0037,1183.24,548.2,-1.4678,3156,0,19050,1
7420,4564992,1248.67,541,-1.7696,-0.006806,6.744638,0.489484,0.00314,0.0037,1186.33,549.0,-1.4651,3153,1,18400,1
7421,4567040,1267.02,548,-1.8022,-0.004544,5.366143,0.38922,0.00222,0.0029,1184.09,548.1,-1.4666,3161,1,18700,1
7422,4567040,1256.35,529,-1.8359,-0.004544,5.366143,0.38922,0.00222,0.0029,1184.62,548.0,-1.4673,3157,0,18650,1
7423,4569088,1344.82,580,-1.8681,-0.005934,12.267606,0.345442,0.002948,0.0054,1182.55,547.1,-1.469,3154,3,19200,1
7424,4569088,596.27,291,-1.8931,-0.005934,12.267606,0.345442,0.002948,0.0054,1175.15,544.1,-1.4704,2471,0,100,0
7425,4569088,1533.96,675,-1.96,-0.005934,12.267606,0.345442,0.002948,0.0054,1178.05,545.3,-1.4721,3152,2,19850,1
7426,4571136,1227.63,595,-1.9458,-0.006827,5.676195,0.482541,0.002617,0.0037,1175.76,544.2,-1.4733,3161,0,18650,1
7427,4571136,1378.66,584,-1.9504,-0.006827,5.676195,0.482541,0.002617,0.0037,1177.95,544.9,-1.4739,3156,1,19300,1
7428,4571136,1381.88,606,-1.9699,-0.006827,5.676195,0.482541,0.002617,0.0037,1184.9,548.0,-1.4733,3157,1,18600,1
7429,4571136,1269.82,546,-1.9403,-0.006827,5.676195,0.482541,0.002617,0.0037,1184.58,547.9,-1.4744,3161,2,20650,1
7430,4573184,1258.4,540,-1.986,-0.007314,8.34752,0.374108,0.004192,0.0034,1184.69,548.0,-1.4759,3151,2,18900,1
7431,4573184,1305.05,548,-1.9842,-0.007314,8.34752,0.374108,0.004192,0.0034,1184.31,547.4,-1.4764,3157,1,20650,1
7432,4573184,1177.19,517,-1.9803,-0.007314,8.34752,0.374108,0.004192,0.0034,1183.61,547.3,-1.4775,3152,2,19700,1
7433,4573184,1418.43,675,-2.1697,-0.007314,8.34752,0.374108,0.004192,0.0034,1185.81,549.0,-1.4795,3157,2,19300,1
7434,4575232,1201.44,529,-2.0215,-0.008699,7.850454,0.410387,0.004342,0.0085,1185.07,548.6,-1.4801,3157,0,19550,1
7435,4575232,1232.84,512,-2.0202,-0.008699,7.850454,0.410387,0.004342,0.0085,1184.67,548.1,-1.4805,3157,0,18650,1
7436,4575232,1168.3,692,-2.342,-0.008699,7.850454,0.410387,0.004342,0.0085,1183.38,549.3,-1.4837,3153,1,18500,1
7437,4575232,1307.04,556,-2.0571,-0.008699,7.850454,0.410387,0.004342,0.0085,1188.69,551.1,-1.4809,3154,2,20450,1
7438,4577280,1329.87,556,-1.921,-0.006879,3.436228,0.486673,0.004512,0.0056,1188.05,550.7,-1.4801,3156,2,19050,1
7439,4577280,1382.64,597,-1.9344,-0.006879,3.436228,0.486673,0.004512,0.0056,1188.27,550.9,-1.4782,3156,3,19750,1
7440,4577280,1357.67,586,-1.8885,-0.006879,3.436228,0.486673,0.004512,0.0056,1186.59,550.3,-1.477,3150,2,19400,1
7441,4579328,1230.59,680,-2.0337,-0.006489,4.357471,0.566565,0.00408,0.0039,1185.07,550.4,-1.4751,3153,1,19650,1
7442,4579328,1245.48,523,-1.7419,-0.006489,4.357471,0.566565,0.00408,0.0039,1190.91,552.4,-1.4721,3149,1,18800,1
7443,4579328,1304.57,563,-1.749,-0.006489,4.357471,0.566565,0.00408,0.0039,1191.5,552.5,-1.4701,3161,2,19150,1
7444,4579328,1332.2,591,-1.7664,-0.006489,4.357471,0.566565,0.00408,0.0039,1198.24,555.2,-1.4696,3161,2,19650,1
7445,4581376,1235.01,520,-1.7374,-0.005935,6.511699,0.377161,0.003625,0.0037,1206.38,558.4,-1.4717,3153,0,19750,1
7446,4581376,648.46,391,-1.9893,-0.005935,6.511699,0.377161,0.003625,0.0037,1200.29,556.8,-1.4777,2752,1,400,0
7447,4581376,457.66,203,-1.851,-0.005935,6.511699,0.377161,0.003625,0.0037,1200.42,556.8,-1.4864,1950,0,100,0
7448,4581376,1237.13,531,-1.7756,-0.005935,6.511699,0.377161,0.003625,0.0037,1204.04,557.5,-1.4932,3161,0,19850,1
7449,4583424,1473.28,628,-1.8225,-0.005497,6.723267,0.417864,0.003009,0.0024,1203.96,557.4,-1.5012,3161,2,20750,1
7450,4583424,1403.29,604,-1.8711,-0.005497,6.723267,0.417864,0.003009,0.0024,1208.06,558.9,-1.5107,3150,2,20850,1
7451,4583424,1235.08,526,-1.8626,-0.005497,6.723267,0.417864,0.003009,0.0024,1207.98,558.8,-1.5201,3156,0,18200,1
7452,4583424,1390.71,593,-1.8641,-0.005497,6.723267,0.417864,0.003009,0.0024,1207.93,558.7,-1.5296,3154,1,20950,1
7453,4585472,649.15,285,-1.9054,-0.006549,8.735139,0.368835,0.004461,0.0054,1203.2,536.8,-1.5313,2469,0,100,0
7454,4585472,1347.46,589,-1.9135,-0.006549,8.735139,0.368835,0.004461,0.0054,1204.31,537.1,-1.5414,3156,2,18600,1
7455,4585472,1235.76,526,-1.9086,-0.006549,8.735139,0.368835,0.004461,0.0054,1204.07,536.8,-1.5512,3155,0,18200,1
7456,4587520,1233.62,531,-1.9295,-0.006812,3.707831,0.553482,0.003108,0.0032,1205.94,537.2,-1.5613,3152,0,19750,1
7457,4587520,1336.99,577,-1.9149,-0.006812,3.707831,0.553482,0.003108,0.0032,1212.84,540.0,-1.5715,3156,2,19650,1
7458,4587520,1571.41,900,-2.0588,-0.006812,3.707831,0.553482,0.003108,0.0032,1225.12,547.4,-1.5832,3161,1,34600,1
7459,4587520,1346.8,584,-1.8857,-0.006812,3.707831,0.553482,0.003108,0.0032,1225.29,547.5,-1.5926,3161,3,19550,1
7460,4589568,1231.68,543,-1.837,-0.005914,7.824943,0.463263,0.004154,0.0051,1231.19,550.0,-1.6015,3156,0,19850,1
7461,4589568,1248.89,551,-1.8762,-0.005914,7.824943,0.463263,0.004154,0.0051,1237.91,552.7,-1.6107,3153,0,18050,1
7462,4589568,1333.49,575,-1.8452,-0.005914,7.824943,0.463263,0.004154,0.0051,1237.24,552.4,-1.6195,3161,1,20650,1
7463,4589568,636.27,302,-1.9355,-0.005914,7.824943,0.463263,0.004154,0.0051,1234.96,551.4,-1.6287,2755,1,300,0
7464,4589568,1248.0,562,-1.8649,-0.005914,7.824943,0.463263,0.004154,0.0051,1235.0,551.6,-1.6372,3156,0,17950,1
7465,4591616,1247.41,528,-1.8777,-0.005113,6.19556,0.411899,0.00303,0.0022,1231.21,549.3,-1.6442,3161,1,18550,1
7466,4591616,1314.79,576,-1.8992,-0.005113,6.19556,0.411899,0.00303,0.0022,1230.87,548.2,-1.6512,3155,1,19350,1
7467,4591616,1264.79,541,-1.892,-0.005113,6.19556,0.411899,0.00303,0.0022,1230.8,548.0,-1.6597,3155,1,20350,1
7468,4593664,1603.62,697,-1.9414,-0.007183,10.453442,0.401916,0.004113,0.0037,1233.56,549.4,-1.6685,3156,3,20000,1
7469,4593664,574.93,267,-1.9537,-0.007183,10.453442,0.401916,0.004113,0.0037,1225.34,546.0,-1.6771,2472,0,100,0
7470,4593664,1193.9,514,-1.9125,-0.007183,10.453442,0.401916,0.004113,0.0037,1222.63,544.7,-1.6852,3156,0,19750,1
7471,4593664,570.56,370,-2.3923,-0.007183,10.453442,0.401916,0.004113,0.0037,1214.49,542.4,-1.6983,2468,0,100,0
7472,4595712,1241.02,528,-1.9495,-0.002472,3.50098,0.500585,0.00189,0.0044,1211.61,540.7,-1.706,3157,0,18200,1
7473,4595712,1307.15,578,-1.9664,-0.002472,3.50098,0.500585,0.00189,0.0044,1212.34,540.9,-1.7144,3157,1,18900,1
7474,4595712,1261.3,563,-1.8986,-0.002472,3.50098,0.500585,0.00189,0.0044,1212.57,541.1,-1.7221,3149,1,18700,1
7475,4597760,1243.94,563,-1.7678,-0.001679,2.362585,0.557421,0.001648,0.0066,1212.66,541.5,-1.7285,3152,0,17650,1
7476,4597760,1666.62,777,-1.785,-0.001679,2.362585,0.557421,0.001648,0.0066,1223.6,546.0,-1.733,3154,3,20350,1
7477,4597760,418.04,304,-1.5473,-0.001679,2.362585,0.557421,0.001648,0.0066,1215.47,543.8,-1.7364,1788,0,500,0
7478,4597760,1267.6,574,-1.5619,-0.001679,2.362585,0.557421,0.001648,0.0066,1222.47,546.9,-1.7401,3161,2,19050,1
7479,4599808,571.08,293,-1.192,-0.000738,1.328949,0.877881,0.002017,0.032,1215.7,544.5,-1.7399,2468,0,100,0
7480,4599808,948.89,437,-1.0351,-0.000738,1.328949,0.877881,0.002017,0.032,1209.34,540.5,-1.736,3157,1,18700,1
7481,4599808,1329.8,563,-1.026,-0.000738,1.328949,0.877881,0.002017,0.032,1210.2,540.8,-1.7339,3161,1,19000,1
7482,4601856,423.15,197,-0.9346,-0.006955,1.250248,0.807399,0.004088,0.0195,1202.06,537.4,-1.7307,1797,0,100,0
7483,4601856,1239.62,530,-0.9392,-0.006955,1.250248,0.807399,0.004088,0.0195,1203.0,536.9,-1.7256,3156,0,18950,1
7484,4603904,1357.92,580,-0.937,-0.003021,1.290422,0.788254,0.000704,0.0049,1212.03,540.7,-1.7224,3157,0,19300,1
7485,4603904,1257.67,556,-0.9376,-0.003021,1.290422,0.788254,0.000704,0.0049,1211.53,540.5,-1.719,3157,1,18750,1
7486,4603904,1108.64,2466,-1.8397,-0.003021,1.290422,0.788254,0.000704,0.0049,1209.99,559.7,-1.7244,3155,4,19150,1
7487,4603904,1385.16,624,-0.9505,-0.003021,1.290422,0.788254,0.000704,0.0049,1211.11,559.1,-1.7184,3157,2,18800,1
7488,4605952,1227.17,551,-0.9721,-0.005323,3.679959,0.461613,0.003075,0.0015,1210.1,558.5,-1.7147,3153,0,17800,1
7489,4605952,1391.46,609,-0.9699,-0.005323,3.679959,0.461613,0.003075,0.0015,1210.07,558.5,-1.7111,3157,2,19150,1
7490,4605952,1333.98,588,-0.9794,-0.005323,3.679959,0.461613,0.003075,0.0015,1211.49,559.3,-1.7076,3157,2,18850,1
7491,4605952,1246.21,529,-0.9677,-0.005323,3.679959,0.461613,0.003075,0.0015,1211.62,559.3,-1.7038,3157,1,18500,1
7492,4608000,1245.82,551,-1.0014,-0.005577,6.262355,0.419478,0.002548,0.0017,1211.06,559.1,-1.7002,3153,0,18300,1
7493,4608000,1302.75,560,-1.0219,-0.005577,6.262355,0.419478,0.002548,0.0017,1219.57,562.7,-1.6971,3151,1,18700,1
7494,4608000,1386.17,607,-1.0291,-0.005577,6.262355,0.419478,0.002548,0.0017,1220.85,563.1,-1.6936,3161,1,19000,1
7495,4608000,1164.34,515,-1.0137,-0.005577,6.262355,0.419478,0.002548,0.0017,1217.74,561.5,-1.6893,3161,0,19400,1
7496,4610048,1200.1,516,-1.025,-0.006205,9.209073,0.344761,0.003937,0.0059,1223.69,563.9,-1.6864,3157,0,17900,1
7497,4610048,1170.06,576,-1.083,-0.006205,9.209073,0.344761,0.003937,0.0059,1221.31,563.4,-1.683,3161,0,18700,1
7498,4610048,1409.34,610,-1.0828,-0.006205,9.209073,0.344761,0.003937,0.0059,1222.04,563.7,-1.6795,3161,2,19550,1
7499,4612096,1483.18,734,-1.2021,-0.006582,4.520035,0.544474,0.003204,0.0029,1225.26,565.9,-1.6773,3156,2,22250,1
7500,4612096,1238.84,535,-1.0841,-0.006582,4.520035,0.544474,0.003204,0.0029,1223.4,565.1,-1.6735,3155,0,18650,1
7501,4612096,1378.28,590,-1.1165,-0.006582,4.520035,0.544474,0.003204,0.0029,1224.34,565.6,-1.6699,3155,2,19000,1
7502,4612096,1387.63,596,-1.1177,-0.006582,4.520035,0.544474,0.003204,0.0029,1228.27,567.0,-1.6659,3161,1,18900,1
7503,4614144,1235.89,521,-1.1065,-0.004859,7.410983,0.444815,0.003601,0.0007,1226.79,566.0,-1.6616,3151,0,20050,1
7504,4614144,1166.43,603,-1.2808,-0.004859,7.410983,0.444815,0.003601,0.0007,1225.1,566.3,-1.6593,3151,3,21900,1
7505,4614144,1303.47,554,-1.1499,-0.004859,7.410983,0.444815,0.003601,0.0007,1225.8,566.7,-1.6553,3154,1,20250,1
7506,4616192,1295.59,623,-1.202,-0.007357,5.839178,0.504598,0.003726,0.0022,1225.27,567.2,-1.6515,3151,1,18350,1
7507,4616192,1471.41,624,-1.1879,-0.007357,5.839178,0.504598,0.003726,0.0022,1227.48,568.0,-1.6475,3156,2,20850,1
7508,4616192,1258.15,538,-1.169,-0.007357,5.839178,0.504598,0.003726,0.0022,1228.08,568.3,-1.6434,3161,1,20400,1
7509,4616192,1248.63,547,-1.1707,-0.007357,5.839178,0.504598,0.003726,0.0022,1228.18,568.3,-1.6384,3152,0,18050,1
7510,4618240,1447.02,621,-1.2097,-0.006385,8.162794,0.384321,0.003497,0.0034,1230.19,569.2,-1.6338,3154,2,19400,1
7511,4618240,1144.5,706,-1.4682,-0.006385,8.162794,0.384321,0.003497,0.0034,1228.92,570.7,-1.6313,3156,1,18200,1
7512,4618240,1383.64,591,-1.2371,-0.006385,8.162794,0.384321,0.003497,0.0034,1230.36,571.2,-1.6267,3150,2,19400,1
7513,4620288,1390.23,622,-1.2714,-0.005487,3.398345,0.554233,0.002612,0.0034,1231.19,571.8,-1.622,3157,2,18950,1
7514,4620288,1253.73,542,-1.2369,-0.005487,3.398345,0.554233,0.002612,0.0034,1227.97,570.4,-1.6166,3156,2,18400,1
7515,4620288,1257.62,563,-1.244,-0.005487,3.398345,0.554233,0.002612,0.0034,1226.59,569.9,-1.611,3161,1,18550,1
7516,4620288,1242.03,570,-1.2709,-0.005487,3.398345,0.554233,0.002612,0.0034,1224.93,569.4,-1.6056,3157,0,20700,1
7517,4622336,1225.81,539,-1.2677,-0.006361,5.313145,0.466146,0.003604,0.0027,1224.57,569.0,-1.6005,3155,0,18600,1
7518,4622336,1256.11,541,-1.2612,-0.006361,5.313145,0.466146,0.003604,0.0027,1224.76,569.1,-1.5955,3161,2,19550,1
7519,4624384,1482.34,649,-1.2674,-0.004493,1.296819,0.778061,0.004415,0.0127,1226.83,569.3,-1.5898,3161,3,19650,1
7520,4624384,1302.83,563,-1.1749,-0.004493,1.296819,0.778061,0.004415,0.0127,1227.37,569.5,-1.5839,3151,1,18900,1
7521,4624384,1200.79,511,-1.0808,-0.004493,1.296819,0.778061,0.004415,0.0127,1226.7,569.1,-1.5767,3151,0,18300,1
7522,4626432,1249.15,551,-1.0395,-0.003043,1.325802,0.715952,0.001975,0.0017,1226.63,569.4,-1.5687,3153,1,18600,1
7523,4626432,857.72,516,-1.1811,-0.003043,1.325802,0.715952,0.001975,0.0017,1221.76,568.7,-1.5619,2755,1,400,0
7524,4626432,912.7,390,-1.003,-0.003043,1.325802,0.715952,0.001975,0.0017,1224.93,569.7,-1.553,2747,0,100,0
7525,4628480,1560.76,695,-1.0431,-0.003398,1.067351,0.860739,0.003381,0.0034,1225.19,569.9,-1.5438,3156,3,19900,1
7526,4628480,1253.82,540,-0.9517,-0.003398,1.067351,0.860739,0.003381,0.0034,1225.46,569.4,-1.5338,3157,1,18700,1
7527,4628480,720.21,315,-0.8942,-0.003398,1.067351,0.860739,0.003381,0.0034,1218.87,566.7,-1.5233,2751,1,700,0
7528,4628480,1241.65,526,-0.9021,-0.003398,1.067351,0.860739,0.003381,0.0034,1217.47,565.9,-1.5126,3153,0,18300,1
7529,4630528,1105.43,2474,-1.5802,-0.002615,1.684748,0.640747,0.001277,0.0012,1215.82,585.1,-1.509,3161,4,19200,1
7530,4630528,876.86,585,-0.927,-0.002615,1.684748,0.640747,0.001277,0.0012,1212.01,585.6,-1.4984,2760,0,100,0
7531,4630528,1399.87,726,-0.9502,-0.002615,1.684748,0.640747,0.001277,0.0012,1212.96,587.4,-1.4881,3157,2,20600,1
7532,4630528,1252.14,551,-0.9229,-0.002615,1.684748,0.640747,0.001277,0.0012,1213.71,587.7,-1.4775,3156,0,18150,1
7533,4632576,1231.36,561,-0.9436,-0.003349,2.891116,0.649273,0.002015,0.0039,1211.84,586.6,-1.4652,3157,0,18100,1
7534,4632576,1235.94,519,-0.9458,-0.003349,2.891116,0.649273,0.002015,0.0039,1212.18,586.5,-1.4545,3151,0,18300,1
7535,4634624,1252.16,535,-0.9564,-0.005817,8.591223,0.401168,0.003218,0.0022,1212.37,586.7,-1.4438,3157,2,20450,1
7536,4634624,1425.9,652,-0.9921,-0.005817,8.591223,0.401168,0.003218,0.0022,1214.95,586.3,-1.4303,3161,2,19050,1
7537,4634624,1496.47,673,-1.0284,-0.005817,8.591223,0.401168,0.003218,0.0022,1216.85,587.5,-1.4201,3156,3,20750,1
7538,4634624,855.37,377,-0.9963,-0.005817,8.591223,0.401168,0.003218,0.0022,1212.1,585.7,-1.4108,2749,0,100,0
7539,4636672,1258.49,548,-0.9988,-0.005145,7.015028,0.4076,0.002377,0.0024,1210.86,585.2,-1.4014,3156,2,18300,1
7540,4636672,1483.21,634,-1.0071,-0.005145,7.015028,0.4076,0.002377,0.0024,1212.11,585.7,-1.3926,3155,3,19200,1
7541,4636672,1244.88,538,-1.0125,-0.005145,7.015028,0.4076,0.002377,0.0024,1212.26,584.2,-1.3824,3152,0,19750,1
7542,4636672,1297.4,561,-1.0323,-0.005145,7.015028,0.4076,0.002377,0.0024,1212.78,584.6,-1.3753,3157,2,18800,1
7543,4638720,768.04,336,-1.0546,-0.003699,4.908277,0.453418,0.002002,0.0066,1207.41,582.4,-1.3684,2753,0,200,0
7544,4638720,1251.86,546,-1.0337,-0.003699,4.908277,0.453418,0.002002,0.0066,1206.61,581.9,-1.3611,3156,0,18950,1
7545,4640768,1355.22,613,-1.1086,-0.004495,2.371733,0.662606,0.001377,0.0042,1207.81,582.8,-1.3548,3151,4,19300,1
7546,4640768,1528.99,666,-1.1031,-0.004495,2.371733,0.662606,0.001377,0.0042,1216.61,585.6,-1.3459,3161,2,20350,1
7547,4640768,1471.16,740,-1.2403,-0.004495,2.371733,0.662606,0.001377,0.0042,1226.75,591.0,-1.3398,3152,2,19300,1
7548,4642816,1192.3,1312,-1.5482,-0.007682,1.524099,0.786204,0.006169,0.0122,1226.3,598.8,-1.3375,3152,2,17300,1
7549,4642816,1234.59,531,-1.1017,-0.007682,1.524099,0.786204,0.006169,0.0122,1223.91,597.8,-1.3303,3156,0,18950,1
7550,4642816,1352.46,590,-1.1001,-0.007682,1.524099,0.786204,0.006169,0.0122,1223.41,597.7,-1.3226,3153,2,18500,1
7551,4642816,1237.85,539,-1.068,-0.007682,1.524099,0.786204,0.006169,0.0122,1223.43,597.8,-1.3147,3153,0,18100,1
7552,4644864,1296.58,555,-1.0377,-0.006176,8.419296,0.38603,0.003823,0.0042,1222.49,597.4,-1.3064,3154,1,19250,1
7553,4644864,1481.57,627,-1.0594,-0.006176,8.419296,0.38603,0.003823,0.0042,1230.82,600.8,-1.2979,3151,3,20850,1
7554,4644864,928.28,402,-1.1199,-0.006176,8.419296,0.38603,0.003823,0.0042,1226.62,599.0,-1.29,2755,1,500,0
7555,4644864,1252.36,541,-1.0637,-0.006176,8.419296,0.38603,0.003823,0.0042,1226.79,599.1,-1.2815,3161,1,20350,1
7556,4646912,1250.78,541,-1.0954,-0.005225,8.145264,0.383852,0.003004,0.0007,1226.96,599.2,-1.2732,3155,1,18500,1
7557,4646912,1338.16,578,-1.0959,-0.005225,8.145264,0.383852,0.003004,0.0007,1226.97,599.2,-1.265,3161,1,18850,1
7558,4646912,1394.46,602,-1.1091,-0.005225,8.145264,0.383852,0.003004,0.0007,1225.2,596.2,-1.2555,3156,3,19750,1
7559,4646912,1229.73,623,-1.2406,-0.005225,8.145264,0.383852,0.003004,0.0007,1224.03,596.6,-1.2491,3153,0,20250,1
7560,4648960,1337.15,625,-1.1848,-0.004084,3.707668,0.510825,0.002459,0.0073,1225.09,597.5,-1.2425,3157,2,22350,1
7561,4648960,1362.72,603,-1.1512,-0.004084,3.707668,0.510825,0.002459,0.0073,1226.23,598.0,-1.2353,3156,3,19050,1
7562,4648960,1398.28,649,-1.1638,-0.004084,3.707668,0.510825,0.002459,0.0073,1226.87,598.7,-1.2285,3157,2,20050,1
7563,4651008,1233.01,520,-1.1652,-0.005802,8.823422,0.401121,0.003346,0.001,1232.84,600.9,-1.2208,3157,0,18650,1
7564,4651008,1567.6,766,-1.2843,-0.005802,8.823422,0.401121,0.003346,0.001,1236.04,602.9,-1.215,3149,3,19400,1
7565,4651008,1304.83,571,-1.1878,-0.005802,8.823422,0.401121,0.003346,0.001,1236.61,603.4,-1.2081,3149,2,19450,1
7566,4651008,365.39,164,-1.3104,-0.005802,8.823422,0.401121,0.003346,0.001,1227.12,599.2,-1.2022,1514,0,100,0
7567,4651008,1449.49,629,-1.2098,-0.005802,8.823422,0.401121,0.003346,0.001,1228.97,600.1,-1.1954,3151,2,19400,1
7568,4653056,1328.2,582,-1.2377,-0.005964,4.953247,0.526445,0.002584,0.0029,1226.21,599.0,-1.1883,3161,1,18700,1
7569,4655104,1159.22,840,-1.4719,-0.004798,1.815122,0.767523,0.002067,0.0005,1232.05,604.7,-1.1835,3157,1,18400,1
7570,4655104,1428.27,641,-1.2616,-0.004798,1.815122,0.767523,0.002067,0.0005,1234.4,606.0,-1.177,3156,4,20000,1
7571,4655104,1264.21,584,-1.2475,-0.004798,1.815122,0.767523,0.002067,0.0005,1241.33,608.1,-1.1656,3161,1,19050,1
7572,4657152,1396.84,591,-1.1933,-0.004143,1.414702,0.770896,0.002397,0.0034,1242.89,608.7,-1.158,3151,2,19500,1
7573,4657152,1247.53,536,-1.1883,-0.004143,1.414702,0.770896,0.002397,0.0034,1242.3,608.3,-1.1502,3155,0,19950,1
7574,4657152,1462.04,1414,-1.5355,-0.004143,1.414702,0.770896,0.002397,0.0034,1244.3,616.8,-1.1466,3153,4,19850,1
7575,4659200,1329.39,560,-1.1114,-0.006045,2.99937,0.488225,0.003525,0.0046,1245.16,616.8,-1.14,3157,1,18700,1
7576,4659200,1332.26,559,-1.1148,-0.006045,2.99937,0.488225,0.003525,0.0046,1241.81,614.6,-1.1333,3154,1,18650,1
7577,4659200,1248.86,558,-1.1259,-0.006045,2.99937,0.488225,0.003525,0.0046,1250.12,617.2,-1.1291,3156,1,18400,1
7578,4659200,1229.57,521,-1.1275,-0.006045,2.99937,0.488225,0.003525,0.0046,1249.74,616.6,-1.1248,3149,0,19050,1
7579,4661248,1250.9,543,-1.1577,-0.003678,4.41639,0.428682,0.002516,0.0029,1256.54,619.1,-1.1244,3161,1,19150,1
7580,4663296,1416.53,976,-1.3909,-0.001918,1.071019,1.17984,0.00213,0.0134,1261.22,624.5,-1.128,3161,3,19700,1
7581,4663296,1419.13,632,-0.92,-0.001918,1.071019,1.17984,0.00213,0.0134,1262.11,625.2,-1.1269,3155,2,19500,1
7582,4663296,679.44,348,-0.9213,-0.001918,1.071019,1.17984,0.00213,0.0134,1264.67,626.7,-1.1268,2470,0,100,0
7583,4667392,1413.99,673,-0.6018,-0.001642,0.699882,1.211314,-0.000373,0.0007,1266.42,628.1,-1.1234,3154,3,19650,1
7584,4667392,1429.03,635,-0.5257,-0.001642,0.699882,1.211314,-0.000373,0.0007,1267.13,628.7,-1.1193,3161,5,19900,1
7585,4667392,1122.05,2479,-1.2542,-0.001642,0.699882,1.211314,-0.000373,0.0007,1265.77,647.9,-1.1225,3161,5,19950,1
7586,4669440,1107.29,2470,-1.233,-0.002342,0.899032,0.967893,-0.000467,0.0068,1265.76,648.0,-1.1164,3155,4,19100,1
7587,4669440,1234.5,552,-0.4451,-0.002342,0.899032,0.967893,-0.000467,0.0068,1264.25,647.2,-1.1113,3151,0,18400,1
7588,4669440,1323.04,571,-0.4647,-0.002342,0.899032,0.967893,-0.000467,0.0068,1265.21,647.5,-1.1063,3156,1,19200,1
7589,4671488,1171.68,602,-0.5765,-0.003962,2.739317,0.594154,0.002509,0.002,1263.01,647.4,-1.1023,3161,1,18950,1
7590,4671488,1410.99,609,-0.4685,-0.003962,2.739317,0.594154,0.002509,0.002,1263.78,647.6,-1.0972,3156,2,19050,1
7591,4671488,1322.38,686,-0.5362,-0.003962,2.739317,0.594154,0.002509,0.002,1264.54,649.2,-1.0929,3151,0,19350,1
7592,4671488,1548.78,808,-0.5538,-0.003962,2.739317,0.594154,0.002509,0.002,1267.57,651.7,-1.0884,3157,1,18950,1
7593,4673536,1400.45,596,-0.4826,-0.006063,3.94138,0.539389,0.003325,0.0005,1268.55,652.1,-1.083,3152,3,21000,1
7594,4673536,1420.49,629,-0.5149,-0.006063,3.94138,0.539389,0.003325,0.0005,1268.89,652.3,-1.0779,3161,5,19900,1
7595,4673536,1625.53,710,-0.5205,-0.006063,3.94138,0.539389,0.003325,0.0005,1273.51,654.3,-1.073,3156,5,19850,1
7596,4675584,923.14,420,-0.5709,-0.006477,4.219014,0.651866,0.002709,0.001,1270.74,653.3,-1.0684,2749,1,500,0
7597,4675584,1330.38,564,-0.5334,-0.006477,4.219014,0.651866,0.002709,0.001,1272.34,653.2,-1.0629,3150,2,20550,1
7598,4677632,1358.72,952,-0.7942,-0.003079,0.856971,0.876005,0.003007,0.0059,1271.83,656.6,-1.06,3154,2,19450,1
7599,4677632,1337.33,590,-0.5405,-0.003079,0.856971,0.876005,0.003007,0.0059,1270.37,655.2,-1.0534,3161,2,18200,1
7600,4677632,1188.99,1607,-0.904,-0.003079,0.856971,0.876005,0.003007,0.0059,1269.88,665.9,-1.0516,3151,1,20050,1
7601,4679680,1245.48,566,-0.5378,-0.004001,1.69738,0.690435,0.003203,0.0054,1268.55,665.6,-1.0458,3156,1,18850,1
7602,4679680,1326.84,559,-0.5337,-0.004001,1.69738,0.690435,0.003203,0.0054,1267.94,665.3,-1.04,3161,1,19250,1
7603,4679680,1256.41,553,-0.5519,-0.004001,1.69738,0.690435,0.003203,0.0054,1268.15,665.6,-1.0345,3155,1,18000,1
7604,4681728,1393.95,607,-0.5635,-0.005106,8.618614,0.414924,0.003314,0.001,1270.42,665.6,-1.0273,3156,2,19250,1
7605,4681728,1253.1,542,-0.5602,-0.005106,8.618614,0.414924,0.003314,0.001,1269.92,665.5,-1.0214,3156,1,20450,1
7606,4681728,1440.69,787,-0.7585,-0.005106,8.618614,0.414924,0.003314,0.001,1271.37,667.1,-1.0169,3154,3,19950,1
7607,4681728,1300.35,554,-0.614,-0.005106,8.618614,0.414924,0.003314,0.001,1269.66,666.5,-1.0112,3161,2,22600,1
7608,4683776,1252.79,524,-0.5733,-0.00551,3.217147,0.531438,0.002719,0.0039,1269.6,666.3,-1.0053,3149,0,18350,1
7609,4683776,1311.01,631,-0.6669,-0.00551,3.217147,0.531438,0.002719,0.0039,1270.23,667.1,-1.0002,3161,0,19300,1
7610,4685824,1327.21,563,-0.6073,-0.004358,1.808153,0.677282,0.002234,0.002,1269.03,666.6,-0.9942,3161,1,19200,1
7611,4685824,1529.52,659,-0.6581,-0.004358,1.808153,0.677282,0.002234,0.002,1272.88,666.1,-0.9861,3161,4,19900,1
7612,4685824,1395.09,630,-0.6593,-0.004358,1.808153,0.677282,0.002234,0.002,1272.99,666.5,-0.9803,3157,4,20550,1
7613,4687872,1331.3,594,-0.6738,-0.003089,1.283576,0.795352,0.000819,0.0007,1272.41,666.2,-0.9743,3157,1,21400,1
7614,4687872,1263.1,557,-0.6625,-0.003089,1.283576,0.795352,0.000819,0.0007,1272.5,666.4,-0.9686,3157,2,18900,1
7615,4687872,1391.67,592,-0.6645,-0.003089,1.283576,0.795352,0.000819,0.0007,1273.84,666.6,-0.9628,3152,4,21250,1
7616,4689920,421.35,192,-0.6724,-0.002593,0.932697,0.891631,0.000691,0.0007,1265.63,662.9,-0.9568,1785,1,400,0
7617,4689920,1238.89,539,-0.647,-0.002593,0.932697,0.891631,0.000691,0.0007,1265.76,662.9,-0.9506,3156,0,18950,1
7618,4689920,1435.68,902,-0.885,-0.002593,0.932697,0.891631,0.000691,0.0007,1267.56,666.5,-0.9468,3155,0,19750,1
7619,4691968,1240.77,538,-0.6446,-0.001831,1.258505,0.798014,9.4e-05,0.0015,1265.14,665.4,-0.9406,3155,0,19150,1
7620,4691968,707.36,314,-0.6657,-0.001831,1.258505,0.798014,9.4e-05,0.0015,1259.19,662.9,-0.9355,2756,0,100,0
7621,4691968,1244.66,540,-0.6414,-0.001831,1.258505,0.798014,9.4e-05,0.0015,1259.63,663.2,-0.9311,3157,0,18400,1
7622,4691968,1189.87,2736,-1.2208,-0.001831,1.258505,0.798014,9.4e-05,0.0015,1259.03,685.0,-0.9329,3153,4,19450,1
7623,4694016,1380.46,583,-0.6712,-0.005051,2.601547,0.524643,0.002866,0.0034,1264.26,685.7,-0.9278,3156,2,19450,1
7624,4694016,1243.4,564,-0.6874,-0.005051,2.601547,0.524643,0.002866,0.0034,1267.57,687.4,-0.9247,3156,0,18150,1
7625,4694016,1242.13,541,-0.6655,-0.005051,2.601547,0.524643,0.002866,0.0034,1264.38,685.9,-0.9209,3161,0,18500,1
7626,4696064,1384.85,607,-0.6882,-0.00475,7.079931,0.429764,0.002332,0.0024,1265.69,686.6,-0.9183,3156,1,18650,1
7627,4696064,861.33,383,-0.7087,-0.00475,7.079931,0.429764,0.002332,0.0024,1267.1,687.2,-0.9164,2761,0,100,0
7628,4696064,1270.17,545,-0.6859,-0.00475,7.079931,0.429764,0.002332,0.0024,1267.39,687.4,-0.9143,3161,2,19100,1
7629,4696064,1255.39,537,-0.6822,-0.00475,7.079931,0.429764,0.002332,0.0024,1268.89,668.1,-0.9053,3161,1,20350,1
7630,4698112,1238.38,542,-0.7103,-0.003886,7.635284,0.36262,0.002598,0.0024,1272.5,667.6,-0.9031,3155,0,18050,1
7631,4698112,1245.33,556,-0.7247,-0.003886,7.635284,0.36262,0.002598,0.0024,1270.96,665.9,-0.9009,3153,2,18600,1
7632,4698112,1354.14,612,-0.7546,-0.003886,7.635284,0.36262,0.002598,0.0024,1271.98,666.5,-0.8992,3156,3,18950,1
7633,4698112,1250.48,561,-0.7425,-0.003886,7.635284,0.36262,0.002598,0.0024,1272.17,666.5,-0.8972,3152,1,18000,1
7634,4700160,1235.31,526,-0.7271,-0.005936,6.689122,0.391654,0.003551,0.0007,1272.16,666.6,-0.895,3157,0,18500,1
7635,4700160,1379.27,583,-0.7498,-0.005936,6.689122,0.391654,0.003551,0.0007,1273.43,667.1,-0.8929,3161,1,20550,1
7636,4700160,1189.19,505,-0.7461,-0.005936,6.689122,0.391654,0.003551,0.0007,1271.07,665.6,-0.8905,3157,0,19450,1
7637,4702208,1509.22,681,-0.8192,-0.004435,9.482675,0.41032,0.002024,0.0015,1271.19,665.7,-0.8884,3154,3,22400,1
7638,4702208,1301.38,544,-0.7813,-0.004435,9.482675,0.41032,0.002024,0.0015,1275.65,667.4,-0.8862,3156,1,19150,1
7639,4702208,1256.64,549,-0.7988,-0.004435,9.482675,0.41032,0.002024,0.0015,1275.64,667.4,-0.8842,3150,1,18700,1
7640,4702208,1758.34,893,-0.9819,-0.004435,9.482675,0.41032,0.002024,0.0015,1278.39,670.0,-0.884,3149,3,20050,1
7641,4704256,1420.16,613,-0.836,-0.005657,4.43881,0.581843,0.003051,0.0007,1280.14,670.7,-0.8822,3161,4,19700,1
7642,4704256,417.85,190,-0.8714,-0.005657,4.43881,0.581843,0.003051,0.0007,1271.34,667.0,-0.8806,1786,0,100,0
7643,4704256,1431.2,614,-0.8567,-0.005657,4.43881,0.581843,0.003051,0.0007,1277.98,669.8,-0.8786,3151,4,20400,1
7644,4706304,1316.83,589,-0.8736,-0.004792,8.114874,0.427833,0.002586,0.0024,1278.63,670.2,-0.877,3149,3,19400,1
7645,4706304,1235.46,520,-0.8415,-0.004792,8.114874,0.427833,0.002586,0.0024,1277.43,669.3,-0.8743,3151,0,18600,1
7646,4706304,1359.95,637,-1.0049,-0.004792,8.114874,0.427833,0.002586,0.0024,1275.74,669.0,-0.8734,3161,3,20750,1
7647,4706304,1252.26,530,-0.8864,-0.004792,8.114874,0.427833,0.002586,0.0024,1273.55,666.9,-0.8698,3157,1,18800,1
7648,4708352,1266.89,538,-0.9011,-0.006994,5.3375,0.455705,0.003283,0.0017,1274.3,659.2,-0.8633,3161,2,18800,1
7649,4708352,1271.08,701,-1.1693,-0.006994,5.3375,0.455705,0.003283,0.0017,1274.66,660.9,-0.864,3156,2,18500,1
7650,4708352,1276.1,561,-0.9227,-0.006994,5.3375,0.455705,0.003283,0.0017,1273.9,660.6,-0.8622,3152,2,18400,1
7651,4710400,1349.41,592,-0.951,-0.005321,3.877996,0.518736,0.003435,0.0044,1275.01,661.1,-0.8611,3153,2,19100,1
7652,4710400,990.39,439,-0.953,-0.005321,3.877996,0.518736,0.003435,0.0044,1271.95,659.9,-0.8602,3157,0,20650,1
7653,4710400,1232.68,552,-0.9474,-0.005321,3.877996,0.518736,0.003435,0.0044,1269.46,659.2,-0.8591,3161,0,18300,1
7654,4710400,1362.91,596,-1.001,-0.005321,3.877996,0.518736,0.003435,0.0044,1273.81,661.1,-0.8579,3157,4,19650,1
7655,4710400,424.31,197,-1.0344,-0.005321,3.877996,0.518736,0.003435,0.0044,1265.53,657.7,-0.8576,1782,0,100,0
7656,4712448,1365.73,606,-1.0405,-0.004265,4.13154,0.457655,0.002073,0.001,1266.68,658.3,-0.8571,3153,1,19950,1
7657,4712448,1249.81,538,-1.0043,-0.004265,4.13154,0.457655,0.002073,0.001,1265.79,657.9,-0.8562,3157,2,18900,1
7658,4714496,866.86,426,-1.0712,-0.001483,1.013296,0.83627,0.003264,0.0054,1260.52,656.2,-0.8558,2757,0,300,0
7659,4716544,1328.58,572,-0.8345,-0.00177,0.788703,1.089163,0.003039,0.0049,1261.51,655.7,-0.8517,3150,2,20250,1
7660,4716544,1152.45,496,-0.7699,-0.00177,0.788703,1.089163,0.003039,0.0049,1259.66,654.4,-0.8476,3157,1,19300,1
7661,4718592,1242.22,539,-0.5742,-0.001723,0.729058,1.071738,0.000624,0.0005,1258.45,653.7,-0.8418,3153,1,18400,1
7662,4718592,1399.79,600,-0.5801,-0.001723,0.729058,1.071738,0.000624,0.0005,1258.47,653.2,-0.836,3156,2,20550,1
7663,4718592,1115.17,2469,-1.3362,-0.001723,0.729058,1.071738,0.000624,0.0005,1257.29,672.7,-0.8377,3157,5,20900,1
7664,4720640,1432.71,634,-0.5523,-0.002095,0.886006,0.968894,-0.000873,0.0017,1255.94,671.4,-0.8304,3156,2,19000,1
7665,4720640,1073.42,2447,-1.235,-0.002095,0.886006,0.968894,-0.000873,0.0017,1253.63,690.2,-0.8308,3161,5,19200,1
7666,4720640,1393.19,900,-0.8228,-0.002095,0.886006,0.968894,-0.000873,0.0017,1263.91,697.5,-0.8259,3161,3,18900,1
7667,4720640,1235.46,531,-0.5163,-0.002095,0.886006,0.968894,-0.000873,0.0017,1261.77,696.6,-0.819,3151,0,18600,1
7668,4722688,1375.67,591,-0.5409,-0.004099,1.737956,0.670042,0.002253,0.0007,1262.24,696.6,-0.812,3161,2,20350,1
7669,4722688,1232.93,513,-0.5187,-0.004099,1.737956,0.670042,0.002253,0.0007,1262.98,693.4,-0.8025,3150,0,18650,1
7670,4722688,1247.36,533,-0.5364,-0.004099,1.737956,0.670042,0.002253,0.0007,1261.17,692.3,-0.7953,3150,0,18300,1
7671,4724736,1602.27,825,-0.7485,-0.005386,6.021618,0.461692,0.002898,0.0049,1264.55,694.7,-0.7903,3161,2,19950,1
7672,4724736,1449.28,597,-0.5631,-0.005386,6.021618,0.461692,0.002898,0.0049,1265.07,694.8,-0.784,3154,4,20550,1
7673,4726784,1073.05,552,-0.6429,-0.002797,4.093768,0.547064,0.000925,0.0007,1263.33,694.9,-0.7785,3161,0,19200,1
7674,4726784,1243.08,652,-0.8521,-0.002797,4.093768,0.547064,0.000925,0.0007,1261.14,687.3,-0.7717,3155,1,18850,1
7675,4726784,1471.84,900,-0.9519,-0.002797,4.093768,0.547064,0.000925,0.0007,1262.56,690.7,-0.7701,3161,2,19400,1
7676,4726784,1247.44,525,-0.5806,-0.002797,4.093768,0.547064,0.000925,0.0007,1261.71,690.4,-0.7647,3161,1,18850,1
7677,4728832,1297.29,567,-0.6935,-0.005002,2.55401,0.591833,0.003574,0.002,1262.2,690.5,-0.7604,3154,2,18900,1
7678,4728832,1230.45,508,-0.592,-0.005002,2.55401,0.591833,0.003574,0.002,1262.21,690.3,-0.7551,3150,0,21700,1
7679,4728832,1235.25,558,-0.6092,-0.005002,2.55401,0.591833,0.003574,0.002,1262.05,690.5,-0.7496,3156,0,18150,1
7680,4730880,1381.9,589,-0.616,-0.004219,8.264538,0.403876,0.001743,0.0005,1261.71,686.6,-0.7418,3154,2,19000,1
7681,4730880,1207.89,652,-0.9104,-0.004219,8.264538,0.403876,0.001743,0.0005,1259.59,686.8,-0.7417,3150,1,22700,1
7682,4730880,1381.29,564,-0.617,-0.004219,8.264538,0.403876,0.001743,0.0005,1266.61,689.0,-0.7387,3161,2,19550,1
7683,4730880,1219.28,582,-0.7289,-0.004219,8.264538,0.403876,0.001743,0.0005,1264.66,688.1,-0.74,3156,1,19900,1
7684,4732928,728.98,331,-0.6464,-0.00383,2.775311,0.612577,0.002279,0.001,1257.66,685.0,-0.7412,2475,0,200,0
7685,4732928,1395.6,680,-0.6983,-0.00383,2.775311,0.612577,0.002279,0.001,1260.4,667.0,-0.7356,3157,1,18850,1
7686,4732928,1444.06,619,-0.6567,-0.00383,2.775311,0.612577,0.002279,0.001,1263.77,648.5,-0.7298,3153,2,19950,1
7687,4732928,1377.43,580,-0.6634,-0.00383,2.775311,0.612577,0.002279,0.001,1265.2,648.8,-0.732,3151,2,18900,1
7688,4734976,975.73,416,-0.6304,-0.002716,8.332983,0.390967,0.001306,0.0007,1261.72,647.2,-0.7337,2755,0,200,0
7689,4734976,1368.38,587,-0.6765,-0.002716,8.332983,0.390967,0.001306,0.0007,1263.69,647.1,-0.7347,3157,3,19650,1
7690,4734976,1179.61,551,-0.7011,-0.002716,8.332983,0.390967,0.001306,0.0007,1261.38,646.5,-0.737,3157,1,18750,1
7691,4737024,1262.15,554,-0.7155,-0.006293,1.638025,0.604104,0.005206,0.021,1260.77,645.2,-0.7388,3151,1,18950,1
7692,4739072,1278.45,578,-0.7382,-0.003089,0.815937,0.959377,0.002121,0.0002,1258.07,642.9,-0.7406,3161,2,18400,1
7693,4741120,1251.39,530,-0.6457,-0.002249,0.696955,1.236689,0.00046,0.0017,1256.58,642.2,-0.7423,3156,1,18800,1
7694,4741120,569.86,290,-0.544,-0.002249,0.696955,1.236689,0.00046,0.0017,1248.07,638.9,-0.7426,2469,0,100,0
7695,4743168,1198.23,2506,-1.0358,-0.000453,0.619582,1.465057,0.000963,0.0012,1243.8,656.8,-0.7477,3157,5,20050,1
7696,4745216,1462.67,753,-0.5592,-0.002444,0.67409,1.217236,-0.000459,0.0012,1249.2,660.1,-0.7476,3161,4,20100,1
7697,4745216,1256.52,537,-0.233,-0.002444,0.67409,1.217236,-0.000459,0.0012,1248.46,659.9,-0.7446,3154,0,18200,1
7698,4745216,1121.2,2482,-0.9642,-0.002444,0.67409,1.217236,-0.000459,0.0012,1246.08,675.2,-0.7463,3154,5,19050,1
7699,4747264,1417.87,615,-0.261,-0.002227,1.320857,0.716153,0.00122,0.0039,1246.89,675.4,-0.7435,3153,1,19650,1
7700,4747264,1223.03,2496,-0.8796,-0.002227,1.320857,0.716153,0.00122,0.0039,1247.23,684.3,-0.7433,3161,6,20000,1
7701,4747264,1332.17,562,-0.2262,-0.002227,1.320857,0.716153,0.00122,0.0039,1248.09,684.3,-0.7401,3161,1,18950,1
7702,4747264,1350.8,573,-0.2246,-0.002227,1.320857,0.716153,0.00122,0.0039,1248.33,684.4,-0.7371,3153,2,20650,1
7703,4749312,1250.99,525,-0.2231,-0.002019,2.701003,0.520283,0.001272,0.0007,1248.28,684.1,-0.7338,3156,0,18300,1
7704,4749312,1239.06,524,-0.2296,-0.002019,2.701003,0.520283,0.001272,0.0007,1246.73,683.3,-0.7304,3156,0,19550,1
7705,4749312,1402.44,608,-0.2606,-0.002019,2.701003,0.520283,0.001272,0.0007,1248.22,684.0,-0.7274,3153,2,19150,1
7706,4749312,1420.14,628,-0.3008,-0.002019,2.701003,0.520283,0.001272,0.0007,1248.02,682.4,-0.7229,3155,3,20850,1
7707,4751360,1253.53,561,-0.2886,-0.003684,6.655811,0.355434,0.001768,0.0002,1247.55,682.4,-0.7196,3155,0,18200,1
7708,4751360,1330.26,588,-0.2898,-0.003684,6.655811,0.355434,0.001768,0.0002,1248.33,683.1,-0.7168,3161,2,19000,1
7709,4751360,1273.16,557,-0.272,-0.003684,6.655811,0.355434,0.001768,0.0002,1247.95,682.3,-0.7128,3153,2,18600,1
7710,4751360,1405.72,603,-0.3121,-0.003684,6.655811,0.355434,0.001768,0.0002,1248.73,682.7,-0.7099,3154,2,20950,1
7711,4753408,563.82,277,-0.3023,-0.003169,9.706393,0.32705,0.001628,0.0002,1239.08,678.9,-0.7063,2468,0,100,0
7712,4753408,1247.98,537,-0.3,-0.003169,9.706393,0.32705,0.001628,0.0002,1237.6,678.0,-0.7027,3150,1,19150,1
7713,4753408,1272.54,539,-0.2959,-0.003169,9.706393,0.32705,0.001628,0.0002,1237.02,677.4,-0.6989,3155,2,19950,1
7714,4753408,1404.31,604,-0.3457,-0.003169,9.706393,0.32705,0.001628,0.0002,1238.43,677.9,-0.6958,3150,1,19200,1
7715,4755456,1419.58,626,-0.3826,-0.002421,6.517114,0.361668,0.001455,0.0002,1238.71,678.2,-0.6929,3156,2,18700,1
7716,4755456,1271.1,566,-0.3512,-0.002421,6.517114,0.361668,0.001455,0.0002,1247.21,682.0,-0.6897,3161,1,20550,1
7717,4755456,1238.03,653,-0.6514,-0.002421,6.517114,0.361668,0.001455,0.0002,1247.2,683.1,-0.6898,3156,1,19950,1
7718,4757504,1472.22,691,-0.4956,-0.004671,4.50975,0.587994,0.002373,0.0007,1247.56,681.0,-0.6859,3155,2,20850,1
7719,4757504,1238.72,530,-0.3525,-0.004671,4.50975,0.587994,0.002373,0.0007,1247.54,680.9,-0.683,3154,0,19850,1
7720,4757504,1376.23,608,-0.3946,-0.004671,4.50975,0.587994,0.002373,0.0007,1254.23,683.9,-0.6802,3156,1,18700,1
7721,4759552,1454.52,626,-0.3963,-0.005492,7.243984,0.420394,0.003378,0.0034,1256.33,684.7,-0.6778,3161,1,20850,1
7722,4759552,1331.89,572,-0.3904,-0.005492,7.243984,0.420394,0.003378,0.0034,1257.75,663.1,-0.6695,3151,1,18900,1
7723,4759552,1235.67,528,-0.3941,-0.005492,7.243984,0.420394,0.003378,0.0034,1256.3,662.5,-0.6667,3151,0,18500,1
7724,4759552,1406.46,680,-0.6334,-0.005492,7.243984,0.420394,0.003378,0.0034,1257.93,663.7,-0.6662,3161,1,22100,1
7725,4761600,1062.7,476,-0.5248,-0.00497,5.569584,0.491478,0.002982,0.002,1256.14,663.1,-0.6648,3157,1,19450,1
7726,4761600,1576.9,694,-0.4962,-0.00497,5.569584,0.491478,0.002982,0.002,1258.06,663.9,-0.6629,3154,4,20350,1
7727,4763648,1255.29,555,-0.4463,-0.00473,5.542147,0.540665,0.002329,0.0002,1262.0,665.6,-0.6602,3153,1,18300,1
7728,4763648,1248.76,685,-0.8024,-0.00473,5.542147,0.540665,0.002329,0.0002,1261.78,667.0,-0.6614,3153,1,18700,1
7729,4763648,1377.91,588,-0.4484,-0.00473,5.542147,0.540665,0.002329,0.0002,1263.01,667.6,-0.6591,3152,1,19250,1
7730,4763648,1347.89,612,-0.6196,-0.00473,5.542147,0.540665,0.002329,0.0002,1264.1,668.3,-0.6582,3152,1,19600,1
7731,4765696,1235.44,545,-0.47,-0.004174,4.450956,0.455714,0.002379,0.0005,1264.0,668.1,-0.6556,3156,0,17900,1
7732,4765696,1253.63,533,-0.4508,-0.004174,4.450956,0.455714,0.002379,0.0005,1263.0,667.4,-0.6526,3157,1,18800,1
7733,4765696,1480.52,735,-0.686,-0.004174,4.450956,0.455714,0.002379,0.0005,1265.3,669.1,-0.652,3149,2,19500,1
7734,4765696,1538.89,640,-0.5093,-0.004174,4.450956,0.455714,0.002379,0.0005,1268.34,670.2,-0.6498,3161,2,19750,1
7735,4767744,1402.4,599,-0.5402,-0.003989,4.68141,0.477334,0.002392,0.0,1268.57,670.4,-0.6477,3161,2,19200,1
7736,4767744,1387.82,625,-0.532,-0.003989,4.68141,0.477334,0.002392,0.0,1270.55,671.6,-0.6456,3161,2,18800,1
7737,4767744,1268.8,570,-0.5047,-0.003989,4.68141,0.477334,0.002392,0.0,1268.15,670.5,-0.6424,3156,1,21200,1
7738,4769792,1256.5,544,-0.5005,-0.003909,7.982151,0.374065,0.00199,0.0005,1267.7,670.5,-0.6396,3157,1,18500,1
7739,4769792,1252.39,552,-0.5398,-0.003909,7.982151,0.374065,0.00199,0.0005,1267.66,670.5,-0.637,3156,1,19850,1
7740,4769792,1232.0,507,-0.5049,-0.003909,7.982151,0.374065,0.00199,0.0005,1262.39,666.7,-0.6323,3149,0,21700,1
7741,4769792,1252.76,544,-0.5283,-0.003909,7.982151,0.374065,0.00199,0.0005,1260.72,666.0,-0.6292,3157,1,18650,1
7742,4771840,1313.64,585,-0.5627,-0.00398,8.608467,0.312196,0.002221,0.0015,1269.68,669.9,-0.6261,3155,3,22600,1
7743,4771840,1246.26,541,-0.5551,-0.00398,8.608467,0.312196,0.002221,0.0015,1267.83,669.2,-0.6231,3151,0,18450,1
7744,4771840,1241.38,640,-0.9455,-0.00398,8.608467,0.312196,0.002221,0.0015,1267.07,669.7,-0.6238,3161,2,18800,1
7745,4771840,1438.97,610,-0.572,-0.00398,8.608467,0.312196,0.002221,0.0015,1269.11,670.6,-0.6211,3161,3,19300,1
7746,4773888,1246.15,531,-0.5688,-0.005178,5.06542,0.522519,0.002778,0.0017,1267.97,669.5,-0.6168,3151,0,18600,1
7747,4773888,1225.27,534,-0.5954,-0.005178,5.06542,0.522519,0.002778,0.0017,1267.7,669.6,-0.6138,3161,0,18600,1
7748,4775936,1212.16,652,-0.9536,-0.003353,3.226693,0.613048,0.001746,0.0,1267.15,670.7,-0.6144,3154,1,20100,1
7749,4775936,1233.8,519,-0.5704,-0.003353,3.226693,0.613048,0.001746,0.0,1266.78,668.9,-0.6084,3149,0,18600,1
7750,4775936,1415.0,1012,-1.2984,-0.003353,3.226693,0.613048,0.001746,0.0,1268.17,673.4,-0.6121,3149,3,18900,1
7751,4775936,1238.72,542,-0.6014,-0.003353,3.226693,0.613048,0.001746,0.0,1267.06,672.9,-0.6086,3157,0,17850,1
7752,4777984,1411.75,620,-0.6657,-0.002394,1.686744,0.565606,0.00168,0.0,1271.28,674.7,-0.6058,3155,2,18900,1
7753,4777984,1400.59,599,-0.6122,-0.002394,1.686744,0.565606,0.00168,0.0,1272.96,675.2,-0.6024,3151,3,20850,1
7754,4777984,1261.22,537,-0.5882,-0.002394,1.686744,0.565606,0.00168,0.0,1271.94,674.6,-0.5983,3155,2,18700,1
7755,4780032,1193.27,520,-0.5668,-0.002989,1.359554,0.754477,0.001382,0.0,1279.63,677.8,-0.5936,3161,0,20550,1
7756,4780032,1570.15,743,-0.8081,-0.002989,1.359554,0.754477,0.001382,0.0,1281.67,679.2,-0.5913,3161,3,19500,1
7757,4782080,1380.5,582,-0.6039,-0.001516,1.233809,0.823518,0.000112,0.0,1282.98,679.6,-0.5873,3153,1,18800,1
7758,4782080,1402.31,610,-0.6274,-0.001516,1.233809,0.823518,0.000112,0.0,1288.33,681.5,-0.5828,3161,2,20050,1
7759,4784128,1378.57,587,-0.6002,-0.001841,1.324467,0.778106,0.000231,0.0002,1288.83,681.6,-0.5805,3161,0,19050,1
7760,4784128,1232.4,524,-0.5767,-0.001841,1.324467,0.778106,0.000231,0.0002,1289.63,681.9,-0.5786,3151,0,18600,1
7761,4784128,1057.22,2434,-1.1272,-0.001841,1.324467,0.778106,0.000231,0.0002,1287.78,700.9,-0.5841,3161,4,19000,1
7762,4786176,1266.56,536,-0.5873,-0.002798,1.768048,0.622509,0.00183,0.0012,1286.45,700.2,-0.5842,3161,2,19050,1
7763,4786176,1269.68,599,-0.6288,-0.002798,1.768048,0.622509,0.00183,0.0012,1288.0,681.5,-0.5771,3161,1,18300,1
7764,4786176,1264.62,679,-0.703,-0.002798,1.768048,0.622509,0.00183,0.0012,1286.32,682.0,-0.5786,3157,0,16800,1
7765,4786176,1232.88,526,-0.6088,-0.002798,1.768048,0.622509,0.00183,0.0012,1287.91,662.8,-0.5723,3151,0,19850,1
7766,4788224,1261.33,539,-0.6246,-0.003486,7.702929,0.307307,0.001946,0.0,1286.59,659.1,-0.5704,3156,1,18300,1
7767,4788224,1300.07,537,-0.6233,-0.003486,7.702929,0.307307,0.001946,0.0,1287.24,659.2,-0.5714,3157,1,22000,1
7768,4788224,1244.2,517,-0.6224,-0.003486,7.702929,0.307307,0.001946,0.0,1285.92,658.5,-0.5722,3157,1,18850,1
7769,4790272,1297.66,548,-0.6453,-0.002782,1.278769,0.62134,0.001594,0.0002,1286.57,658.8,-0.5735,3153,1,18700,1
7770,4792320,1473.96,635,-0.686,-0.001752,0.781387,1.088183,0.000767,0.0002,1288.84,659.8,-0.575,3153,3,19400,1
7771,4792320,1332.68,563,-0.5725,-0.001752,0.781387,1.088183,0.000767,0.0002,1286.14,657.2,-0.5733,3161,1,20650,1
7772,4794368,1165.41,790,-1.0494,-0.001723,0.728398,1.141706,0.00018,0.0007,1283.3,659.1,-0.5781,3154,1,19050,1
7773,4794368,1093.76,2461,-1.1396,-0.001723,0.728398,1.141706,0.00018,0.0007,1283.51,678.2,-0.5831,3150,3,20650,1
7774,4796416,1500.83,875,-0.8015,-0.001553,0.744456,1.225005,0.000134,0.001,1286.09,680.5,-0.5826,3149,1,19000,1
7775,4796416,1480.7,624,-0.4217,-0.001553,0.744456,1.225005,0.000134,0.001,1286.18,677.7,-0.5773,3156,3,20050,1
7776,4798464,1240.52,2511,-1.0877,-0.002526,1.5336,0.805764,0.000531,0.0012,1286.11,697.6,-0.5823,3150,6,19700,1
7777,4798464,1544.53,658,-0.418,-0.002526,1.5336,0.805764,0.000531,0.0012,1288.58,698.5,-0.5796,3161,4,20100,1
7778,4798464,1246.27,532,-0.3574,-0.002526,1.5336,0.805764,0.000531,0.0012,1288.74,698.7,-0.5772,3161,1,18600,1
7779,4798464,1345.59,577,-0.386,-0.002526,1.5336,0.805764,0.000531,0.0012,1289.84,698.9,-0.575,3151,4,19500,1
7780,4800512,1380.11,590,-0.3881,-0.003492,7.051456,0.364809,0.001781,0.0002,1289.82,698.9,-0.5727,3157,3,20550,1
7781,4800512,1466.48,653,-0.4141,-0.003492,7.051456,0.364809,0.001781,0.0002,1292.41,698.9,-0.5678,3155,5,19550,1
7782,4800512,1345.76,588,-0.3974,-0.003492,7.051456,0.364809,0.001781,0.0002,1292.05,699.2,-0.5656,3151,3,19300,1
7783,4802560,1149.09,641,-0.7122,-0.003261,6.174685,0.443365,0.001616,0.0,1291.35,699.8,-0.5654,3153,1,18300,1
7784,4802560,1335.5,558,-0.3999,-0.003261,6.174685,0.443365,0.001616,0.0,1297.42,702.0,-0.5629,3152,2,19450,1
7785,4802560,1402.06,603,-0.4276,-0.003261,6.174685,0.443365,0.001616,0.0,1297.48,701.3,-0.5602,3150,2,20550,1
7786,4802560,1373.58,577,-0.4145,-0.003261,6.174685,0.443365,0.001616,0.0,1296.78,700.8,-0.5578,3149,1,20650,1
7787,4804608,1307.17,564,-0.4243,-0.003545,5.202618,0.433945,0.001727,0.0,1296.07,700.7,-0.5554,3161,3,19400,1
7788,4804608,1412.33,616,-0.4547,-0.003545,5.202618,0.433945,0.001727,0.0,1300.44,702.7,-0.5537,3161,4,19200,1
7789,4804608,1295.38,541,-0.433,-0.003545,5.202618,0.433945,0.001727,0.0,1299.71,702.2,-0.5512,3157,2,19150,1
7790,4804608,1116.05,712,-0.8523,-0.003545,5.202618,0.433945,0.001727,0.0,1299.07,703.8,-0.5527,3161,1,18700,1
7791,4806656,1403.16,623,-0.5054,-0.004372,2.697919,0.562102,0.002301,0.0005,1300.48,704.5,-0.5506,3155,2,19000,1
7792,4806656,1260.47,572,-0.4857,-0.004372,2.697919,0.562102,0.002301,0.0005,1300.3,704.5,-0.5481,3156,1,21900,1
7793,4806656,1267.21,548,-0.474,-0.004372,2.697919,0.562102,0.002301,0.0005,1300.46,704.6,-0.5464,3155,1,18600,1
7794,4808704,1270.09,571,-0.4888,-0.003139,7.028157,0.3866,0.001701,0.0007,1307.46,707.5,-0.5459,3150,2,18800,1
7795,4810752,1409.75,610,-0.5186,-0.003838,2.441621,0.659789,0.002154,0.0005,1309.58,688.5,-0.5407,3155,4,19300,1
7796,4810752,1517.43,774,-0.7155,-0.003838,2.441621,0.659789,0.002154,0.0005,1310.13,688.7,-0.5422,3157,1,20450,1
7797,4810752,1242.59,523,-0.4962,-0.003838,2.441621,0.659789,0.002154,0.0005,1309.99,688.6,-0.5449,3153,0,18400,1
7798,4810752,1172.44,733,-0.899,-0.003838,2.441621,0.659789,0.002154,0.0005,1310.5,671.1,-0.5442,3161,1,18700,1
7799,4812800,1329.23,556,-0.5153,-0.003101,6.485643,0.376211,0.001521,0.0,1309.61,670.5,-0.5468,3154,4,19550,1
7800,4812800,1258.64,536,-0.5232,-0.003101,6.485643,0.376211,0.001521,0.0,1309.97,650.9,-0.5432,3151,1,18650,1
7801,4812800,1239.24,553,-0.5965,-0.003101,6.485643,0.376211,0.001521,0.0,1309.04,650.8,-0.5469,3153,1,19350,1
7802,4812800,1508.64,867,-0.8765,-0.003101,6.485643,0.376211,0.001521,0.0,1310.62,653.7,-0.5534,3157,4,21350,1
7803,4814848,1236.06,526,-0.5516,-0.003561,2.862267,0.579034,0.00209,0.0,1310.47,653.7,-0.5567,3149,0,18500,1
7804,4814848,1361.74,581,-0.5549,-0.003561,2.862267,0.579034,0.00209,0.0,1311.7,654.3,-0.56,3154,2,19000,1
7805,4814848,1536.82,655,-0.5774,-0.003561,2.862267,0.579034,0.00209,0.0,1313.04,654.8,-0.5631,3156,5,20550,1
7806,4814848,657.62,303,-0.5473,-0.003561,2.862267,0.579034,0.00209,0.0,1305.42,651.5,-0.5656,2470,0,200,0
7807,4814848,1385.62,578,-0.5617,-0.003561,2.862267,0.579034,0.00209,0.0,1306.74,651.7,-0.5683,3153,2,19100,1
7808,4816896,1255.41,543,-0.5839,-0.002118,8.680328,0.348129,0.001356,0.0002,1305.99,651.2,-0.5713,3156,1,18200,1
7809,4816896,1272.32,676,-0.949,-0.002118,8.680328,0.348129,0.001356,0.0002,1305.98,652.4,-0.578,3154,1,18750,1
7810,4816896,1243.01,540,-0.6073,-0.002118,8.680328,0.348129,0.001356,0.0002,1304.35,651.8,-0.581,3157,0,18350,1
7811,4818944,1451.74,720,-0.801,-0.005491,4.464339,0.529121,0.002495,0.0015,1313.23,656.2,-0.586,3156,2,19200,1
7812,4818944,1297.34,664,-0.8655,-0.005491,4.464339,0.529121,0.002495,0.0015,1313.73,657.5,-0.5916,3161,1,20050,1
7813,4818944,1349.77,592,-0.6399,-0.005491,4.464339,0.529121,0.002495,0.0015,1314.5,658.0,-0.5951,3161,2,19300,1
7814,4820992,1552.99,672,-0.6912,-0.002876,3.32039,0.543094,0.00136,0.0,1315.98,658.7,-0.5985,3156,4,19700,1
7815,4820992,1269.81,543,-0.6585,-0.002876,3.32039,0.543094,0.00136,0.0,1314.49,657.9,-0.6013,3150,2,19000,1
7816,4823040,1353.4,784,-0.9958,-0.004012,1.372889,0.792517,0.002831,0.0015,1315.31,660.1,-0.6077,3161,1,18800,1
7817,4823040,1298.62,558,-0.648,-0.004012,1.372889,0.792517,0.002831,0.0015,1315.92,659.1,-0.6077,3154,1,19250,1
7818,4825088,1405.95,611,-0.7054,-0.00187,1.266904,0.764782,0.000938,0.0,1315.25,658.3,-0.6098,3150,1,19350,1
7819,4825088,1376.65,589,-0.6585,-0.00187,1.266904,0.764782,0.000938,0.0,1316.63,658.9,-0.6129,3154,1,19550,1
7820,4825088,1339.4,588,-0.6918,-0.00187,1.266904,0.764782,0.000938,0.0,1316.26,658.7,-0.6158,3151,1,18800,1
7821,4827136,1388.46,582,-0.6724,-0.000822,1.292069,0.741084,0.000309,0.0,1315.6,658.3,-0.6186,3150,1,19100,1
7822,4827136,1340.85,580,-0.6767,-0.000822,1.292069,0.741084,0.000309,0.0,1315.69,658.4,-0.6215,3161,1,19250,1
7823,4829184,1100.05,2448,-1.1065,-0.002094,0.769201,1.060858,0.000986,0.0002,1314.34,677.5,-0.6286,3149,4,20650,1
7824,4829184,1470.93,611,-0.6285,-0.002094,0.769201,1.060858,0.000986,0.0002,1314.98,676.9,-0.6285,3156,3,20550,1
7825,4829184,1441.9,606,-0.6308,-0.002094,0.769201,1.060858,0.000986,0.0002,1318.77,678.2,-0.6296,3153,3,19100,1
7826,4831232,1391.9,599,-0.6062,-0.001507,1.360167,0.742319,-0.000137,0.0007,1316.92,677.2,-0.6307,3161,1,19100,1
7827,4831232,1340.68,576,-0.6237,-0.001507,1.360167,0.742319,-0.000137,0.0007,1317.78,677.4,-0.6325,3149,1,19100,1
7828,4831232,1298.58,549,-0.5952,-0.001507,1.360167,0.742319,-0.000137,0.0007,1318.28,676.1,-0.6304,3161,1,19000,1
7829,4833280,1232.07,507,-0.5915,-0.000977,1.353963,0.753788,0.000143,0.0,1316.82,675.2,-0.6318,3151,0,21700,1
7830,4833280,1246.92,558,-0.6544,-0.000977,1.353963,0.753788,0.000143,0.0,1315.81,674.7,-0.6322,3150,1,18500,1
7831,4833280,1248.28,520,-0.6075,-0.000977,1.353963,0.753788,0.000143,0.0,1315.94,674.5,-0.6335,3161,1,21900,1
7832,4833280,1052.85,2442,-1.1372,-0.000977,1.353963,0.753788,0.000143,0.0,1313.93,693.5,-0.6404,3161,4,19000,1
7833,4835328,1496.56,656,-0.6707,-0.001234,1.634423,0.643069,0.000202,0.0005,1314.09,692.8,-0.6403,3161,3,19450,1
7834,4837376,1168.64,570,-0.9089,-0.00345,3.052027,0.571765,0.001644,0.0,1310.39,692.1,-0.6443,3157,1,18400,1
7835,4837376,1642.91,711,-0.7052,-0.00345,3.052027,0.571765,0.001644,0.0,1312.79,693.2,-0.6459,3152,4,20250,1
7836,4837376,1251.48,529,-0.6421,-0.00345,3.052027,0.571765,0.001644,0.0,1311.43,692.2,-0.647,3154,1,18800,1
7837,4839424,1575.66,697,-0.7663,-0.002219,1.31915,0.64193,0.001378,0.0002,1314.5,693.5,-0.6496,3152,3,19800,1
7838,4839424,1317.06,558,-0.6635,-0.002219,1.31915,0.64193,0.001378,0.0002,1315.1,693.6,-0.6512,3161,2,18800,1
7839,4839424,1297.74,565,-0.6524,-0.002219,1.31915,0.64193,0.001378,0.0002,1315.56,693.8,-0.6524,3154,1,18550,1
7840,4841472,1267.78,539,-0.6703,-0.001225,1.317693,0.727794,0.0003,0.0002,1315.91,694.1,-0.654,3151,2,20450,1
7841,4841472,1425.62,646,-0.704,-0.001225,1.317693,0.727794,0.0003,0.0002,1317.64,695.1,-0.6558,3151,3,20250,1
7842,4841472,1327.02,555,-0.6621,-0.001225,1.317693,0.727794,0.0003,0.0002,1317.78,694.8,-0.6568,3161,3,19550,1
7843,4843520,1342.12,577,-0.6835,-0.001261,1.260351,0.738022,0.000466,0.0,1318.73,695.2,-0.6581,3154,1,19000,1
7844,4843520,1099.48,2442,-1.2161,-0.001261,1.260351,0.738022,0.000466,0.0,1317.31,713.2,-0.6608,3161,3,19200,1
7845,4843520,1296.65,561,-0.684,-0.001261,1.260351,0.738022,0.000466,0.0,1315.89,712.7,-0.6619,3151,2,19000,1
7846,4843520,1313.76,562,-0.6736,-0.001261,1.260351,0.738022,0.000466,0.0,1316.57,713.0,-0.6629,3149,2,20750,1
7847,4845568,1246.12,525,-0.6759,-0.001254,2.804097,0.491324,0.000603,0.0002,1316.78,712.9,-0.6637,3151,1,18800,1
7848,4845568,1301.84,548,-0.6838,-0.001254,2.804097,0.491324,0.000603,0.0002,1317.67,711.9,-0.661,3154,2,19100,1
7849,4845568,1237.2,552,-0.7177,-0.001254,2.804097,0.491324,0.000603,0.0002,1317.71,712.2,-0.6625,3157,0,19050,1
7850,4847616,1336.89,728,-1.0586,-0.001958,4.331215,0.44878,0.000915,0.0,1316.93,709.4,-0.6601,3153,1,18950,1
7851,4847616,1233.25,513,-0.7053,-0.001958,4.331215,0.44878,0.000915,0.0,1316.87,709.1,-0.6612,3149,0,18650,1
7852,4847616,1441.06,610,-0.7497,-0.001958,4.331215,0.44878,0.000915,0.0,1317.16,709.0,-0.662,3153,4,19700,1
7853,4847616,1322.96,571,-0.7385,-0.001958,4.331215,0.44878,0.000915,0.0,1316.39,708.7,-0.6633,3153,4,20750,1
7854,4849664,1253.44,548,-0.7361,-0.002155,6.659591,0.438112,0.001097,0.0,1316.31,708.8,-0.6647,3151,1,18600,1
7855,4849664,1237.97,528,-0.7342,-0.002155,6.659591,0.438112,0.001097,0.0,1316.76,708.9,-0.6664,3149,0,18600,1
7856,4851712,1477.72,632,-0.7829,-0.002844,9.912144,0.381847,0.001143,0.0,1315.83,707.8,-0.6662,3151,3,19950,1
7857,4851712,1502.24,676,-0.8219,-0.002844,9.912144,0.381847,0.001143,0.0,1317.05,708.7,-0.6683,3157,3,19450,1
7858,4851712,1349.05,568,-0.7761,-0.002844,9.912144,0.381847,0.001143,0.0,1316.52,708.3,-0.6698,3149,3,22600,1
7859,4851712,1234.35,512,-0.7464,-0.002844,9.912144,0.381847,0.001143,0.0,1315.08,707.5,-0.6713,3156,0,18350,1
7860,4853760,1292.71,552,-0.7818,-0.002545,9.064975,0.333172,0.001246,0.0,1315.68,707.8,-0.6733,3161,2,18900,1
7861,4853760,1318.94,576,-0.8076,-0.002545,9.064975,0.333172,0.001246,0.0,1318.3,689.2,-0.6701,3151,4,21150,1
7862,4853760,1228.66,525,-0.8001,-0.002545,9.064975,0.333172,0.001246,0.0,1317.92,689.1,-0.6723,3154,0,18650,1
7863,4855808,1386.34,949,-1.3645,-0.001955,2.201696,0.54664,0.000845,0.0002,1319.08,692.6,-0.6796,3161,2,19600,1
7864,4855808,1280.25,580,-0.8439,-0.001955,2.201696,0.54664,0.000845,0.0002,1319.24,691.6,-0.681,3150,2,18750,1
7865,4855808,1320.92,566,-0.8234,-0.001955,2.201696,0.54664,0.000845,0.0002,1320.12,692.0,-0.6832,3155,6,20750,1
7866,4857856,1402.44,587,-0.8284,-0.001664,1.840239,0.60289,0.001014,0.0,1321.53,692.5,-0.6852,3153,3,19350,1
7867,4857856,1366.53,593,-0.8361,-0.001664,1.840239,0.60289,0.001014,0.0,1322.2,693.1,-0.6874,3161,3,20750,1
7868,4857856,1249.63,542,-0.8375,-0.001664,1.840239,0.60289,0.001014,0.0,1322.25,693.3,-0.6895,3152,1,18800,1
7869,4859904,1298.36,555,-0.8252,-0.000926,1.310344,0.66306,0.000623,0.0002,1322.26,693.4,-0.6913,3149,2,20550,1
7870,4861952,1338.16,801,-1.2099,-0.001573,1.074363,0.953246,0.000704,0.0,1320.9,695.1,-0.6965,3161,1,18900,1
7871,4861952,1363.81,692,-1.0381,-0.001573,1.074363,0.953246,0.000704,0.0,1321.21,696.4,-0.7012,3153,2,20450,1
7872,4864000,1274.13,538,-0.7253,-0.000726,0.915448,0.931058,0.000265,0.0002,1322.3,693.8,-0.698,3151,1,18850,1
7873,4864000,1228.37,515,-0.7225,-0.000726,0.915448,0.931058,0.000265,0.0002,1323.64,674.4,-0.6938,3155,0,18750,1
7874,4864000,1165.34,2486,-1.4113,-0.000726,0.915448,0.931058,0.000265,0.0002,1320.29,690.5,-0.6999,3157,7,19800,1
7875,4866048,1249.75,535,-0.6622,-0.001102,1.169501,0.758734,0.000262,0.0005,1317.98,689.6,-0.7023,3161,1,20050,1
7876,4866048,1242.29,535,-0.6745,-0.001102,1.169501,0.758734,0.000262,0.0005,1318.0,669.8,-0.6982,3149,0,18700,1
7877,4866048,1403.26,599,-0.675,-0.001102,1.169501,0.758734,0.000262,0.0005,1316.58,669.2,-0.7007,3161,2,21050,1
7878,4868096,1379.23,585,-0.6771,-0.000899,1.297592,0.724242,0.000359,0.0,1317.91,669.8,-0.7039,3157,2,19400,1
7879,4870144,1297.6,976,-1.1336,-0.001272,0.89999,1.379465,-2.4e-05,0.0005,1317.43,673.8,-0.7114,3161,1,18700,1
7880,4870144,1096.81,2446,-1.2773,-0.001272,0.89999,1.379465,-2.4e-05,0.0005,1314.6,692.3,-0.7203,3155,4,19150,1
7881,4870144,1308.64,639,-0.7333,-0.001272,0.89999,1.379465,-2.4e-05,0.0005,1313.02,692.2,-0.7235,3152,1,18600,1
7882,4872192,1241.87,540,-0.5011,-0.001116,0.930511,0.950891,1e-05,0.0005,1311.98,691.7,-0.7245,3151,0,18400,1
7883,4872192,1377.5,576,-0.5045,-0.001116,0.930511,0.950891,1e-05,0.0005,1314.27,691.0,-0.7224,3155,3,19550,1
7884,4872192,1238.09,543,-0.4936,-0.001116,0.930511,0.950891,1e-05,0.0005,1313.29,690.9,-0.7234,3154,0,18450,1
7885,4874240,1303.16,551,-0.4839,-0.000729,1.342151,0.704443,3.7e-05,0.0,1312.3,690.4,-0.7239,3156,1,19100,1
7886,4874240,1396.28,589,-0.4977,-0.000729,1.342151,0.704443,3.7e-05,0.0,1312.53,690.5,-0.7248,3161,2,19550,1
7887,4874240,1386.35,597,-0.5028,-0.000729,1.342151,0.704443,3.7e-05,0.0,1313.32,690.8,-0.7256,3151,0,18800,1
7888,4876288,1101.26,2491,-1.1378,-0.001171,1.905709,0.645395,0.000347,0.0,1310.21,709.6,-0.7324,3161,4,19100,1
7889,4876288,1486.84,640,-0.5275,-0.001171,1.905709,0.645395,0.000347,0.0,1312.13,710.6,-0.7333,3153,3,19650,1
7890,4876288,1406.79,596,-0.509,-0.001171,1.905709,0.645395,0.000347,0.0,1315.03,709.4,-0.7299,3161,3,19300,1
7891,4878336,1322.29,554,-0.4996,-0.002391,8.523683,0.457465,0.001062,0.0,1314.23,708.7,-0.7298,3161,1,19200,1
7892,4878336,1640.35,700,-0.5491,-0.002391,8.523683,0.457465,0.001062,0.0,1318.02,710.0,-0.7305,3155,5,20600,1
7893,4878336,1241.83,527,-0.5118,-0.002391,8.523683,0.457465,0.001062,0.0,1317.77,709.8,-0.7309,3161,0,18500,1
7894,4878336,1305.8,565,-0.5299,-0.002391,8.523683,0.457465,0.001062,0.0,1318.13,709.7,-0.7313,3151,0,18800,1
7895,4880384,1251.78,518,-0.5146,-0.001522,9.167348,0.351059,0.000777,0.0,1316.55,708.8,-0.7312,3161,1,18650,1
7896,4880384,1253.78,551,-0.5329,-0.001522,9.167348,0.351059,0.000777,0.0,1313.91,706.6,-0.7294,3154,2,18300,1
7897,4880384,1230.24,500,-0.5176,-0.001522,9.167348,0.351059,0.000777,0.0,1313.79,706.4,-0.7296,3156,0,18750,1
7898,4880384,1234.87,513,-0.5241,-0.001522,9.167348,0.351059,0.000777,0.0,1314.41,704.1,-0.7259,3161,0,18650,1
7899,4882432,1232.84,516,-0.5444,-0.001743,11.990964,0.271995,0.000812,0.0,1313.45,703.8,-0.7262,3149,0,18600,1
7900,4882432,1243.04,546,-0.5674,-0.001743,11.990964,0.271995,0.000812,0.0,1313.29,703.9,-0.7266,3157,0,18000,1
7901,4882432,1228.19,521,-0.5608,-0.001743,11.990964,0.271995,0.000812,0.0,1313.18,703.5,-0.7262,3156,0,18650,1
7902,4882432,1238.05,529,-0.5648,-0.001743,11.990964,0.271995,0.000812,0.0,1310.48,700.1,-0.7231,3151,0,18500,1
7903,4884480,1312.69,564,-0.5869,-0.00148,8.674265,0.321548,0.00077,0.0,1311.24,700.5,-0.7235,3153,2,18600,1
7904,4884480,1233.16,559,-0.6018,-0.00148,8.674265,0.321548,0.00077,0.0,1309.96,700.3,-0.7239,3157,0,18500,1
7905,4884480,1389.32,574,-0.5794,-0.00148,8.674265,0.321548,0.00077,0.0,1308.48,699.5,-0.724,3153,2,19450,1
7906,4886528,1328.07,559,-0.5962,-0.002357,4.821803,0.469166,0.001041,0.0,1315.19,702.1,-0.7245,3161,2,19250,1
7907,4886528,1391.94,847,-0.9229,-0.002357,4.821803,0.469166,0.001041,0.0,1315.25,704.8,-0.7281,3157,2,19200,1
7908,4886528,1397.47,592,-0.6126,-0.002357,4.821803,0.469166,0.001041,0.0,1316.67,705.2,-0.7284,3152,2,19000,1
7909,4886528,1254.66,532,-0.6004,-0.002357,4.821803,0.469166,0.001041,0.0,1316.49,703.8,-0.7249,3152,1,18800,1
7910,4888576,1304.0,587,-0.6352,-0.002202,5.103612,0.477993,0.001311,0.0,1317.1,704.3,-0.7251,3157,1,18850,1
7911,4888576,1648.94,714,-0.6679,-0.002202,5.103612,0.477993,0.001311,0.0,1319.08,704.2,-0.7238,3157,7,24200,1
7912,4888576,1416.54,607,-0.6405,-0.002202,5.103612,0.477993,0.001311,0.0,1320.27,703.6,-0.7216,3155,1,20750,1
7913,4890624,1280.3,827,-0.9518,-0.002589,2.50768,0.660317,0.001194,0.0012,1319.57,706.0,-0.7247,3154,1,18700,1
7914,4892672,1474.18,630,-0.6534,-0.002021,2.319843,0.577432,0.00093,0.0,1318.78,705.6,-0.7243,3161,2,20750,1
7915,4892672,1394.68,579,-0.636,-0.002021,2.319843,0.577432,0.00093,0.0,1320.03,705.9,-0.7241,3154,2,19550,1
7916,4892672,1477.73,628,-0.6534,-0.002021,2.319843,0.577432,0.00093,0.0,1321.28,704.4,-0.7207,3161,2,19750,1
7917,4894720,1240.66,521,-0.6373,-0.000619,1.354056,0.726548,6.1e-05,0.0,1320.7,704.0,-0.7206,3155,1,18850,1
7918,4894720,1621.32,679,-0.6787,-0.000619,1.354056,0.726548,6.1e-05,0.0,1322.85,704.7,-0.7203,3152,5,20700,1
7919,4894720,1577.04,677,-0.736,-0.000619,1.354056,0.726548,6.1e-05,0.0,1324.85,705.6,-0.7211,3161,4,19750,1
7920,4896768,1268.0,537,-0.6608,-0.000645,1.306523,0.783581,0.000158,0.0,1324.14,705.0,-0.7207,3155,2,18750,1
7921,4896768,1252.44,541,-0.6483,-0.000645,1.306523,0.783581,0.000158,0.0,1322.78,704.6,-0.7205,3157,1,18400,1
7922,4898816,1577.06,782,-0.8345,-0.000855,1.177884,0.860901,0.000273,0.0,1325.14,706.7,-0.7221,3149,3,19400,1
7923,4898816,1251.99,528,-0.6552,-0.000855,1.177884,0.860901,0.000273,0.0,1326.66,687.5,-0.7176,3151,1,18850,1
7924,4898816,1249.34,542,-0.664,-0.000855,1.177884,0.860901,0.000273,0.0,1324.45,686.8,-0.7179,3151,1,18600,1
7925,4898816,1415.31,2659,-1.2551,-0.000855,1.177884,0.860901,0.000273,0.0,1324.18,707.3,-0.7242,3161,7,21950,1
7926,4900864,1209.38,694,-0.9484,-0.001851,3.111767,0.559094,0.000998,0.0,1322.35,708.2,-0.7276,3154,1,19200,1
7927,4900864,1384.18,562,-0.649,-0.001851,3.111767,0.559094,0.000998,0.0,1322.79,708.1,-0.7278,3154,2,19050,1
7928,4900864,1369.94,598,-0.6704,-0.001851,3.111767,0.559094,0.000998,0.0,1323.5,708.6,-0.7286,3157,5,20950,1
7929,4900864,1342.97,573,-0.6615,-0.001851,3.111767,0.559094,0.000998,0.0,1324.61,709.3,-0.7293,3157,2,19300,1
7930,4902912,1321.67,564,-0.6721,-0.001799,5.220684,0.478964,0.000943,0.0,1325.36,709.3,-0.7295,3149,4,19700,1
7931,4902912,1351.86,576,-0.6801,-0.001799,5.220684,0.478964,0.000943,0.0,1326.4,709.9,-0.7302,3157,3,19500,1
7932,4902912,1441.5,600,-0.6799,-0.001799,5.220684,0.478964,0.000943,0.0,1330.28,691.5,-0.7256,3155,2,19650,1
7933,4904960,1362.34,585,-0.6791,-0.002153,10.782482,0.382401,0.001024,0.0,1328.94,690.8,-0.7257,3156,5,21350,1
7934,4904960,1260.26,556,-0.6728,-0.002153,10.782482,0.382401,0.001024,0.0,1329.86,690.6,-0.7234,3161,3,19000,1
7935,4904960,1232.91,525,-0.6689,-0.002153,10.782482,0.382401,0.001024,0.0,1325.76,688.8,-0.723,3161,0,18600,1
7936,4907008,1353.5,574,-0.6951,-0.001464,11.852236,0.313603,0.000953,0.0,1326.78,689.2,-0.7235,3151,3,19650,1
7937,4907008,1405.3,616,-0.7103,-0.001464,11.852236,0.313603,0.000953,0.0,1325.07,688.4,-0.723,3154,3,20650,1
7938,4907008,1244.11,564,-0.7433,-0.001464,11.852236,0.313603,0.000953,0.0,1324.34,688.5,-0.7238,3150,0,18400,1
7939,4907008,1472.42,629,-0.7099,-0.001464,11.852236,0.313603,0.000953,0.0,1326.09,689.1,-0.7243,3161,2,19300,1
7940,4909056,1237.08,529,-0.7004,-0.001413,7.600816,0.41575,0.000822,0.0,1325.78,689.0,-0.7246,3156,0,20050,1
7941,4909056,1232.9,517,-0.6943,-0.001413,7.600816,0.41575,0.000822,0.0,1323.86,687.7,-0.7245,3149,0,18600,1
7942,4909056,1245.02,528,-0.7086,-0.001413,7.600816,0.41575,0.000822,0.0,1323.04,687.4,-0.725,3156,0,18300,1
7943,4909056,1472.49,635,-0.7273,-0.001413,7.600816,0.41575,0.000822,0.0,1324.34,688.0,-0.7254,3154,2,19100,1
7944,4911104,1262.62,546,-0.7152,-0.001333,7.688821,0.372208,0.000503,0.0,1325.97,669.0,-0.7204,3157,1,18800,1
7945,4911104,1345.18,604,-0.7625,-0.001333,7.688821,0.372208,0.000503,0.0,1326.46,669.5,-0.7212,3161,1,18750,1
7946,4911104,1299.05,552,-0.7373,-0.001333,7.688821,0.372208,0.000503,0.0,1326.31,669.4,-0.7219,3150,1,18800,1
7947,4913152,1242.26,530,-0.7393,-0.001878,5.391922,0.408465,0.0007,0.0,1326.27,669.4,-0.7225,3161,0,18400,1
7948,4913152,1200.68,681,-1.0253,-0.001878,5.391922,0.408465,0.0007,0.0,1325.26,670.8,-0.7259,3152,2,19200,1
7949,4915200,1396.66,591,-0.755,-0.001041,1.123417,0.82054,0.000714,0.0,1326.85,671.1,-0.7263,3152,4,19000,1
7950,4915200,1407.56,586,-0.7478,-0.001041,1.123417,0.82054,0.000714,0.0,1327.56,669.7,-0.7232,3161,6,20350,1
7951,4917248,1438.45,664,-0.8304,-0.000719,1.277677,0.774978,8.9e-05,0.0,1329.61,671.2,-0.7244,3149,1,19100,1
7952,4917248,1252.58,539,-0.7348,-0.000719,1.277677,0.774978,8.9e-05,0.0,1327.73,670.5,-0.7243,3157,1,20250,1
7953,4917248,1235.06,517,-0.7166,-0.000719,1.277677,0.774978,8.9e-05,0.0,1326.85,670.0,-0.724,3150,0,18600,1
7954,4919296,1233.41,511,-0.7205,-0.000966,1.332823,0.704317,0.000381,0.0,1326.65,669.6,-0.7239,3155,0,18650,1
7955,4919296,1572.85,672,-0.7607,-0.000966,1.332823,0.704317,0.000381,0.0,1330.0,671.1,-0.7242,3161,6,20600,1
7956,4919296,1193.94,2492,-1.3665,-0.000966,1.332823,0.704317,0.000381,0.0,1327.16,689.7,-0.73,3161,6,21450,1
7957,4921344,1638.9,898,-1.006,-0.000827,1.480668,0.829637,0.000323,0.0,1328.53,691.9,-0.7318,3161,2,19950,1
7958,4921344,1250.11,544,-0.7366,-0.000827,1.480668,0.829637,0.000323,0.0,1327.54,691.6,-0.7314,3152,1,20250,1
7959,4921344,1412.35,629,-0.761,-0.000827,1.480668,0.829637,0.000323,0.0,1329.32,692.8,-0.7316,3156,5,19800,1
7960,4923392,1541.0,666,-0.7597,-0.00143,3.298181,0.670197,0.000773,0.0,1331.8,694.0,-0.7314,3157,3,20250,1
7961,4923392,1394.59,601,-0.7523,-0.00143,3.298181,0.670197,0.000773,0.0,1332.56,694.2,-0.7308,3152,2,20750,1
7962,4925440,1255.14,541,-0.7392,-0.0008,1.344832,0.71626,0.000452,0.0,1332.82,694.4,-0.7302,3151,1,18700,1
7963,4925440,1380.51,585,-0.7505,-0.0008,1.344832,0.71626,0.000452,0.0,1332.76,690.7,-0.7241,3161,1,18800,1
7964,4925440,1312.04,559,-0.7402,-0.0008,1.344832,0.71626,0.000452,0.0,1333.08,690.5,-0.723,3153,1,20650,1
7965,4927488,1493.68,623,-0.7716,-0.001193,1.37421,0.72421,0.000569,0.0,1334.81,691.1,-0.7225,3161,3,19850,1
7966,4927488,1395.81,593,-0.7613,-0.001193,1.37421,0.72421,0.000569,0.0,1334.74,691.1,-0.7218,3156,2,19400,1
7967,4929536,1661.75,2539,-1.0808,-0.00058,0.98591,0.922109,0.000262,0.0,1337.69,710.6,-0.7243,3155,3,19300,1
7968,4929536,1396.36,598,-0.7775,-0.00058,0.98591,0.922109,0.000262,0.0,1339.16,711.2,-0.7237,3153,1,19250,1
7969,4931584,1302.49,558,-0.7371,-0.000716,0.898866,0.982113,6.7e-05,0.0,1339.2,711.2,-0.7228,3161,1,20350,1
7970,4933632,1258.59,575,-0.7578,-0.00063,0.82799,1.101177,-0.000134,0.0005,1338.41,708.9,-0.7183,3161,2,18600,1
7971,4933632,1250.37,533,-0.707,-0.00063,0.82799,1.101177,-0.000134,0.0005,1337.27,707.3,-0.715,3149,1,20450,1
7972,4935680,1384.46,587,-0.6368,-0.000453,0.768764,1.092358,0.000169,0.0,1338.38,707.8,-0.7141,3157,2,20650,1
7973,4935680,1304.59,549,-0.6215,-0.000453,0.768764,1.092358,0.000169,0.0,1339.14,708.2,-0.7131,3152,2,19300,1
7974,4935680,1108.93,2455,-1.3316,-0.000453,0.768764,1.092358,0.000169,0.0,1338.57,707.9,-0.7123,3161,5,20750,1
7975,4937728,1266.26,2522,-1.2993,-0.000448,1.02685,0.870909,0.000208,0.0,1338.74,727.7,-0.7187,3161,6,23400,1
7976,4937728,1244.45,557,-0.6054,-0.000448,1.02685,0.870909,0.000208,0.0,1338.76,728.0,-0.718,3157,1,18500,1
7977,4937728,1389.71,615,-0.6173,-0.000448,1.02685,0.870909,0.000208,0.0,1338.63,728.1,-0.7174,3150,1,19350,1
7978,4937728,1409.68,592,-0.5959,-0.000448,1.02685,0.870909,0.000208,0.0,1338.93,728.2,-0.7166,3161,3,19450,1
7979,4939776,1234.93,513,-0.5734,-0.000742,4.579563,0.437272,0.000327,0.0,1338.3,723.5,-0.711,3156,0,18650,1
7980,4939776,1486.68,630,-0.6051,-0.000742,4.579563,0.437272,0.000327,0.0,1342.2,705.4,-0.7042,3156,2,19200,1
7981,4939776,1314.55,568,-0.5927,-0.000742,4.579563,0.437272,0.000327,0.0,1342.26,704.7,-0.7028,3161,2,19650,1
7982,4941824,1266.53,551,-0.6131,-0.000486,2.00514,0.513789,1.5e-05,0.0,1342.51,704.8,-0.704,3151,2,20250,1
7983,4941824,1479.97,626,-0.6185,-0.000486,2.00514,0.513789,1.5e-05,0.0,1343.53,705.3,-0.7051,3156,4,19750,1
7984,4941824,1385.3,601,-0.6268,-0.000486,2.00514,0.513789,1.5e-05,0.0,1345.0,705.9,-0.7064,3151,2,19750,1
7985,4943872,1225.71,554,-0.6287,-0.001025,1.312773,0.73043,0.000567,0.0,1344.23,705.9,-0.7079,3156,0,18950,1
7986,4943872,1391.89,586,-0.6105,-0.001025,1.312773,0.73043,0.000567,0.0,1344.19,705.9,-0.709,3161,1,19000,1
7987,4943872,1388.82,612,-0.6305,-0.001025,1.312773,0.73043,0.000567,0.0,1344.21,706.0,-0.7103,3157,4,20350,1
7988,4945920,1233.82,520,-0.5883,-0.000521,1.271095,0.770752,0.000158,0.0,1345.54,686.3,-0.7048,3153,0,18300,1
7989,4945920,1246.76,522,-0.6129,-0.000521,1.271095,0.770752,0.000158,0.0,1343.14,685.1,-0.7056,3156,1,18950,1
7990,4947968,1498.58,642,-0.6508,-0.000285,1.357529,0.73308,-2.6e-05,0.0,1344.05,685.6,-0.7071,3151,3,19850,1
7991,4947968,1231.46,2516,-1.1974,-0.000285,1.357529,0.73308,-2.6e-05,0.0,1343.15,705.2,-0.714,3149,2,19400,1
7992,4947968,1252.32,532,-0.612,-0.000285,1.357529,0.73308,-2.6e-05,0.0,1339.27,703.5,-0.7147,3156,1,20050,1
7993,4947968,1390.5,609,-0.6285,-0.000285,1.357529,0.73308,-2.6e-05,0.0,1340.75,704.4,-0.7158,3155,1,18600,1
7994,4950016,1236.96,529,-0.6075,-0.000697,6.28297,0.40674,0.000406,0.0,1340.06,704.0,-0.7166,3151,0,18500,1
7995,4950016,1262.23,549,-0.6212,-0.000697,6.28297,0.40674,0.000406,0.0,1340.17,704.3,-0.7177,3161,1,18700,1
7996,4950016,1350.87,592,-0.6379,-0.000697,6.28297,0.40674,0.000406,0.0,1341.14,704.7,-0.7187,3161,3,19750,1
7997,4952064,1229.42,537,-0.6368,-0.000806,3.183723,0.477869,0.000397,0.0,1341.13,705.1,-0.7199,3161,0,18400,1
7998,4952064,1399.15,598,-0.6434,-0.000806,3.183723,0.477869,0.000397,0.0,1342.77,705.9,-0.7211,3149,6,21350,1
7999,4952064,1417.97,611,-0.6563,-0.000806,3.183723,0.477869,0.000397,0.0,1344.62,706.9,-0.7222,3157,3,19900,1
8000,4956160,1310.68,594,-0.7417,-0.000467,0.808578,1.128261,7.2e-05,0.0,1345.3,707.4,-0.724,3161,2,19300,1
8001,4956160,1392.3,589,-0.6643,-0.000467,0.808578,1.128261,7.2e-05,0.0,1346.94,708.0,-0.725,3155,1,18750,1
8002,4958208,1419.43,616,-0.6373,-0.000448,0.732871,1.187715,0.000257,0.0002,1348.76,708.9,-0.7257,3150,4,19650,1
8003,4958208,1237.86,2511,-1.1694,-0.000448,0.732871,1.187715,0.000257,0.0002,1348.01,728.4,-0.7316,3149,5,20850,1
8004,4960256,1232.58,512,-0.545,-0.000371,0.715047,1.252264,-0.000136,0.0,1348.0,727.9,-0.731,3151,0,18650,1
8005,4962304,1392.67,594,-0.5529,-0.000401,0.791119,1.066569,-2.3e-05,0.0,1348.04,728.1,-0.7307,3152,3,19100,1
8006,4962304,1195.45,2486,-1.1205,-0.000401,0.791119,1.066569,-2.3e-05,0.0,1346.71,747.4,-0.736,3154,4,19750,1
8007,4962304,1368.04,600,-0.5464,-0.000401,0.791119,1.066569,-2.3e-05,0.0,1346.47,744.9,-0.7322,3150,5,21350,1
8008,4964352,1344.52,588,-0.5343,-0.000386,1.287372,0.766883,0.000172,0.0,1345.94,744.9,-0.7314,3161,2,19500,1
8009,4964352,1417.95,680,-0.6901,-0.000386,1.287372,0.766883,0.000172,0.0,1347.57,746.4,-0.7323,3156,3,19650,1
8010,4964352,1237.25,536,-0.5335,-0.000386,1.287372,0.766883,0.000172,0.0,1346.91,745.8,-0.7313,3150,0,18400,1
8011,4966400,1331.37,565,-0.524,-0.000321,1.714213,0.710965,0.000182,0.0,1343.73,744.4,-0.7299,3153,2,18800,1
8012,4966400,1253.37,544,-0.5291,-0.000321,1.714213,0.710965,0.000182,0.0,1342.1,743.7,-0.7288,3151,1,18900,1
8013,4966400,1327.69,594,-0.5368,-0.000321,1.714213,0.710965,0.000182,0.0,1342.57,741.4,-0.7246,3161,1,18800,1
8014,4968448,1264.69,549,-0.5194,-0.000373,1.37993,0.690553,0.000162,0.0,1340.48,740.6,-0.7233,3161,3,19550,1
8015,4970496,1455.42,998,-0.857,-0.000327,0.794563,1.162661,4e-06,0.0,1341.08,744.8,-0.7255,3161,1,18800,1
8016,4970496,1383.61,993,-0.8966,-0.000327,0.794563,1.162661,4e-06,0.0,1340.14,748.4,-0.7279,3161,1,20050,1
8017,4970496,1372.22,611,-0.5393,-0.000327,0.794563,1.162661,4e-06,0.0,1341.46,749.3,-0.7269,3151,3,19350,1
8018,4972544,1482.78,678,-0.6022,-0.000302,0.960192,0.927243,0.000116,0.0,1340.07,749.3,-0.7262,3157,0,19100,1
8019,4972544,966.16,4385,-1.1583,-0.000302,0.960192,0.927243,0.000116,0.0,1333.97,786.4,-0.7304,3156,8,20050,1
8020,4972544,1369.65,604,-0.5335,-0.000302,0.960192,0.927243,0.000116,0.0,1334.98,787.1,-0.7291,3156,3,19950,1
8021,4972544,1385.9,595,-0.5239,-0.000302,0.960192,0.927243,0.000116,0.0,1336.32,787.6,-0.7279,3161,1,18600,1
8022,4974592,1249.81,530,-0.5175,-0.00031,1.956431,0.65341,0.000154,0.0,1333.04,785.1,-0.7247,3150,1,18800,1
8023,4974592,1256.76,535,-0.5104,-0.00031,1.956431,0.65341,0.000154,0.0,1333.09,785.1,-0.7232,3153,1,20250,1
8024,4974592,1328.9,572,-0.5296,-0.00031,1.956431,0.65341,0.000154,0.0,1333.89,785.5,-0.7219,3157,1,20700,1
8025,4976640,1459.86,736,-0.702,-0.00038,10.308338,0.397328,0.000179,0.0,1334.33,766.2,-0.7164,3153,2,19850,1
8026,4976640,1236.27,524,-0.5203,-0.00038,10.308338,0.397328,0.000179,0.0,1334.6,764.5,-0.7121,3155,0,18300,1
8027,4976640,1281.45,581,-0.5394,-0.00038,10.308338,0.397328,0.000179,0.0,1333.57,764.7,-0.711,3154,0,20750,1
8028,4976640,1272.1,559,-0.5311,-0.00038,10.308338,0.397328,0.000179,0.0,1332.6,764.3,-0.7096,3157,1,18650,1
8029,4978688,1396.34,588,-0.5343,-0.000282,4.894067,0.428433,0.000139,0.0,1333.13,764.5,-0.7083,3161,3,19100,1
8030,4978688,1236.29,536,-0.526,-0.000282,4.894067,0.428433,0.000139,0.0,1332.28,764.2,-0.7069,3150,0,18950,1
8031,4978688,1271.05,540,-0.5289,-0.000282,4.894067,0.428433,0.000139,0.0,1331.47,763.8,-0.7054,3150,2,19000,1
8032,4978688,1233.3,520,-0.5075,-0.000282,4.894067,0.428433,0.000139,0.0,1329.39,763.0,-0.7036,3161,0,19850,1
8033,4980736,1253.17,533,-0.5156,-0.000295,10.172097,0.341367,0.000154,0.0,1328.29,762.5,-0.702,3156,1,20050,1
8034,4980736,1401.88,603,-0.559,-0.000295,10.172097,0.341367,0.000154,0.0,1329.71,763.0,-0.7009,3155,3,19000,1
8035,4980736,1523.99,642,-0.5489,-0.000295,10.172097,0.341367,0.000154,0.0,1332.62,764.1,-0.6997,3154,3,22900,1
8036,4982784,1570.41,727,-0.6408,-0.00041,11.455885,0.449642,0.000182,0.0,1334.79,765.7,-0.6991,3155,3,19400,1
8037,4982784,1330.37,563,-0.5297,-0.00041,11.455885,0.449642,0.000182,0.0,1334.04,765.1,-0.6973,3150,1,19200,1
8038,4984832,1251.94,532,-0.5227,-0.000353,4.672836,0.508245,0.00018,0.0,1334.12,764.8,-0.6951,3157,1,18800,1
8039,4984832,1238.1,537,-0.5275,-0.000353,4.672836,0.508245,0.00018,0.0,1331.78,763.9,-0.6933,3157,0,18400,1
8040,4984832,1238.54,845,-0.9113,-0.000353,4.672836,0.508245,0.00018,0.0,1331.79,767.1,-0.6954,3161,1,18700,1
8041,4984832,1246.29,533,-0.5387,-0.000353,4.672836,0.508245,0.00018,0.0,1331.92,767.2,-0.6938,3151,0,20050,1
8042,4986880,1249.08,527,-0.5245,-0.000275,3.028572,0.452016,0.000137,0.0,1331.96,767.2,-0.692,3161,1,18850,1
8043,4986880,1349.87,587,-0.5463,-0.000275,3.028572,0.452016,0.000137,0.0,1330.74,766.7,-0.6902,3149,4,19400,1
8044,4986880,1329.65,586,-0.5523,-0.000275,3.028572,0.452016,0.000137,0.0,1331.41,767.1,-0.6886,3152,4,19000,1
8045,4986880,1258.63,554,-0.545,-0.000275,3.028572,0.452016,0.000137,0.0,1330.54,766.6,-0.6864,3154,0,18200,1
8046,4988928,1484.2,709,-0.6564,-0.000263,8.177502,0.385305,0.000152,0.0,1332.39,768.2,-0.6856,3157,1,19400,1
8047,4988928,1335.48,657,-0.7013,-0.000263,8.177502,0.385305,0.000152,0.0,1333.33,769.5,-0.6852,3152,1,19850,1
8048,4988928,1337.12,562,-0.5283,-0.000263,8.177502,0.385305,0.000152,0.0,1334.69,768.3,-0.6802,3161,2,20750,1
8049,4988928,1386.1,605,-0.5523,-0.000263,8.177502,0.385305,0.000152,0.0,1334.59,768.4,-0.6782,3156,2,19450,1
8050,4990976,1567.43,710,-0.628,-0.000197,3.891291,0.594277,9.6e-05,0.0,1336.18,769.7,-0.677,3152,3,19750,1
8051,4990976,1295.87,537,-0.5218,-0.000197,3.891291,0.594277,9.6e-05,0.0,1334.76,768.4,-0.6739,3152,1,18950,1
8052,4993024,1431.94,617,-0.5619,-0.000158,7.714994,0.437384,6.4e-05,0.0,1336.55,769.2,-0.6722,3161,3,19850,1
8053,4993024,1347.47,566,-0.5357,-0.000158,7.714994,0.437384,6.4e-05,0.0,1337.68,769.7,-0.6704,3161,2,19400,1
8054,4995072,1354.26,595,-0.5603,-0.000117,2.697061,0.52091,6.3e-05,0.0,1338.88,770.5,-0.6688,3156,3,18800,1
8055,4995072,1249.21,519,-0.5354,-0.000117,2.697061,0.52091,6.3e-05,0.0,1335.65,769.0,-0.6665,3156,1,18950,1
8056,4995072,1324.22,579,-0.5441,-0.000117,2.697061,0.52091,6.3e-05,0.0,1336.95,749.9,-0.6583,3161,4,19500,1
8057,4997120,1396.07,587,-0.5525,-5.6e-05,1.371797,0.725831,2e-05,0.0,1334.52,746.7,-0.6538,3156,1,22300,1
8058,4997120,1233.37,506,-0.5239,-5.6e-05,1.371797,0.725831,2e-05,0.0,1334.36,746.4,-0.6516,3156,0,21700,1
8059,4997120,1350.47,591,-0.5594,-5.6e-05,1.371797,0.725831,2e-05,0.0,1333.74,746.0,-0.6496,3150,3,20750,1
8060,4999168,1261.42,542,-0.5352,-2.4e-05,1.29692,0.713656,1.3e-05,0.0,1330.94,744.7,-0.6474,3152,2,19950,1
8061,4999168,1229.67,549,-0.606,-2.4e-05,1.29692,0.713656,1.3e-05,0.0,1329.29,744.2,-0.6459,3150,1,18700,1
8062,4999168,1342.85,592,-0.5492,-2.4e-05,1.29692,0.713656,1.3e-05,0.0,1330.17,744.7,-0.644,3156,3,19100,1
